,date,open,close,high,low,volume,dopen,dclose,dhigh,dlow,dvolume,flag
0,2010-01-04,8.868634223937988,7.741297245025635,8.890335083007812,8.564813613891602,66886804.00000001,0.3504004113422361,0.3058592417373407,0.3512578139312415,0.3383964359784589,0.0958734976516758,0.0
1,2010-01-05,8.590132713317871,7.607433319091796,8.644386291503906,8.228443145751953,153861070.0,-0.0110036158236539,-0.0052889738742969,-0.0097174554205289,-0.0132900227276683,0.1246662508662729,0.0
2,2010-01-06,8.40928840637207,7.476832866668701,8.40928840637207,8.217592239379883,113949332.0,-0.0071451722940235,-0.0051600337881805,-0.0092887352861539,-0.000428720134375,-0.0572082636721183,0.0
3,2010-01-07,8.282695770263672,7.395209789276124,8.336950302124023,8.101851463317871,98243532.0,-0.0050016846613823,-0.0032249339832033,-0.0028580839895072,-0.0045729268472626,-0.0225122130131631,0.0
4,2010-01-08,8.138019561767578,7.378882884979248,8.228443145751953,8.08376693725586,79776385.0,-0.0057161679790144,-0.0006450772280278,-0.0042871259842608,-0.0007145209973768,-0.026470243286518,0.0
5,2010-01-11,8.499710083007812,7.378882884979248,8.564813613891602,8.058448791503906,122438067.0,0.0142904199475362,0.0,0.0132900227276683,-0.0010003218603785,0.0611499492342845,0.0
6,2010-01-12,8.163338661193848,7.329907417297363,8.19227409362793,7.88483715057373,163619733.0,-0.0132900604074129,-0.0019350244454879,-0.0147190647224219,-0.0068594091107663,0.0590285395986792,0.0
7,2010-01-13,7.910155773162842,6.84342384338379,7.921006202697755,7.523148059844971,258519712.0,-0.010003275123403,-0.0192210029308058,-0.0107178149606521,-0.0142903634279192,0.1360267252984696,0.0
8,2010-01-14,7.595486164093017,6.846689224243163,7.653356075286865,7.450809955596924,144099921.0,-0.0124326201386629,0.0001290154456055,-0.0105748768494066,-0.0028580839895072,-0.1640058263771092,0.0
9,2010-01-15,7.602718830108643,6.9968791007995605,7.830584049224853,7.468894004821777,149163299.0,0.0002857631832571,0.00593401342258,0.0070022907023948,0.0007145021575045,0.0072576910505777,0.0
10,2010-01-18,7.751011848449708,7.009939193725585,7.870369911193848,7.671440124511719,96526500.0,0.0058590684105154,0.0005160052628052,0.0015719424262545,0.0080026125627735,-0.0754479766340492,0.0
11,2010-01-19,7.805265903472901,7.25807809829712,8.08014965057373,7.798031806945802,179909721.0,0.0021435818320027,0.0098039869540667,0.0082884134257753,0.0050016469816376,0.1195189568742537,0.0
12,2010-01-20,8.036746978759766,6.980554580688477,8.174188613891602,7.70399284362793,135706246.0,0.0091458348546529,-0.0109649752455381,0.0037154865785126,-0.0037154865785126,-0.0633599081308834,0.0
13,2010-01-21,7.805265903472901,7.405004501342773,8.246526718139648,7.732927799224852,174818663.0,-0.0091458348546529,0.0167700485820019,0.0028580839895072,0.0011432222918794,0.0560625414155064,0.0
14,2010-01-22,8.116318702697754,7.53560209274292,8.4816255569458,7.913773059844971,244004371.0,0.012289719707162,0.0051599207489467,0.0092887729658985,0.0071452099737681,0.0991686762828065,0.0
15,2010-01-25,8.174188613891602,7.245018482208252,8.355033874511719,7.9933438301086435,98443092.0,0.002286444583759,-0.0114809805083434,-0.0050016469816376,0.0031438471727644,-0.2086430821299434,0.0
16,2010-01-26,8.025896072387695,7.199308395385742,8.170572280883789,7.812500000000001,95475610.0,-0.005859049570643,-0.0018060089998823,-0.0072880915653966,-0.0071451534541511,-0.0042534978731887,0.0
17,2010-01-27,8.098234176635742,7.15359926223755,8.174188613891602,7.848668098449707,110878090.0,0.0028580839895072,-0.0018059713201377,0.0001428815916285,0.0014290043150089,0.022077443408867,0.0
18,2010-01-28,7.88483715057373,7.101358890533446,7.975259780883789,7.635271072387695,72474390.0,-0.0084313326971485,-0.0020640210512212,-0.0078596932914002,-0.0084313326971485,-0.0550466881593813,0.0
19,2010-01-29,7.80888319015503,7.085033416748047,8.08376693725586,7.711225986480713,66545476.0,-0.0030009467412634,-0.0006450207084108,0.0042871259842608,0.0030009844210081,-0.0084983238615495,0.0
20,2010-02-01,7.852284908294678,6.934844493865967,7.873987197875977,7.595486164093017,78293581.0,0.0017148051780107,-0.0059339757428354,-0.0082884134257752,-0.004572889167518,0.0168393741331868,0.0
21,2010-02-02,7.689525127410889,6.977289199829102,7.9427080154418945,7.689525127410889,79276105.0,-0.0064306512966466,0.0016769935542768,0.002715164718134,0.0037154865785126,0.0014083198295244,0.0
22,2010-02-03,7.78718090057373,7.372353553771973,8.166955947875977,7.682291030883789,151789106.0,0.0038583870100135,0.0156090226107857,0.0088600528315235,-0.0002858197028741,0.1039379162306733,0.0
23,2010-02-04,8.076533317565918,7.248283863067627,8.119935989379883,7.960792064666749,83869110.0,0.011432335958029,-0.0049020028969694,-0.0018577621291286,0.0110035969837816,-0.0973544434416066,0.0
24,2010-02-05,7.819733142852783,7.1829833984375,8.072916030883789,7.743778228759765,76356587.0,-0.0101461943947762,-0.0025800263140264,-0.0018577621291286,-0.0085742331286494,-0.0107682205326877,0.0
25,2010-02-08,7.913773059844971,7.039323806762695,7.986111164093018,7.758245944976807,57071849.99999999,0.0037155242582572,-0.0056760013712412,-0.0034296668756385,0.0005716205658759,-0.0276421517685713,0.0
26,2010-02-09,7.812500000000001,7.1829833984375,8.011428833007812,7.78718090057373,68614113.0,-0.0040013062813867,0.0056760013712412,0.0010003030205062,0.0011432222918794,0.0165443265105853,0.0
27,2010-02-10,8.029513359069824,7.274404048919678,8.09461784362793,7.964408874511719,70181583.0,0.008574214288777,0.003612036839637,0.0032868041238822,0.0070022907023949,0.0022467635225039,0.0
28,2010-02-11,8.033129692077637,7.218898296356201,8.08376693725586,7.986111164093018,38459001.0,0.0001428815916286,-0.0021930364968267,-0.000428720134375,0.0008574591086223,-0.0454701781069116,0.0
29,2010-02-12,8.01866340637207,7.329907417297363,8.174188613891602,8.01866340637207,52084857.99999999,-0.000571564046259,0.0043859787942918,0.0035725673071394,0.0012861415632526,0.0195308863777012,0.0
30,2010-02-22,8.06929874420166,7.215633392333985,8.119935989379883,7.986111164093018,45834187.99999999,0.0020006060410125,-0.0045149754000251,-0.0021435253123858,-0.0012861415632526,-0.0089595190639756,0.0
31,2010-02-23,7.968026161193848,7.03605842590332,7.975259780883789,7.740161895751953,65741768.0,-0.0040012874415144,-0.0070950205539239,-0.0057161679790144,-0.0097174742604012,0.0285349158614388,0.0
32,2010-02-24,7.743778228759765,7.088298320770264,7.881220817565917,7.6750569343566895,64001373.00000001,-0.0088600528315235,0.0020640022113488,-0.0037154865785126,-0.0025723019663777,-0.0024946289247949,0.0
33,2010-02-25,7.837818145751952,7.231958866119385,8.105467796325684,7.816115856170653,96181580.0,0.0037155242582572,0.0056760390509859,0.0088600151517789,0.0055732487076412,0.0461261237754003,0.0
34,2010-02-26,7.960792064666749,7.329907417297363,8.18142318725586,7.949942111968994,124476079.0,0.0048587088703921,0.0038699546916142,0.0030010032608804,0.0052874855243841,0.0405564688579206,0.0
35,2010-03-01,7.96946893944399,7.392338014740993,8.211015354645347,7.97720899105711,697656867.0,0.0003428239810481,0.0024666376436568,0.0011691887796879,0.0010773164624047,0.8215797981961238,1.0
36,2010-03-02,8.27907943725586,7.545397758483887,8.66608715057373,8.27907943725586,189291277.0,0.0122327342688602,0.0060474020929496,0.0179799211983681,0.011926924242134,-0.7286756771792802,0.0
37,2010-03-03,8.358651161193848,7.607433319091796,8.445457458496094,8.246526718139648,78551117.0,0.003143884852509,0.0024510297082931,-0.0087170958804057,-0.001286160403125,-0.1587315559240385,0.0
38,2010-03-04,8.434605598449707,7.542133331298829,8.546730041503906,8.318864822387695,104045185.0,0.0030009655811358,-0.0025800074741541,0.0040012874415144,0.0028580839895072,0.0365424167752082,0.0
39,2010-03-05,8.355033874511719,7.597638607025146,8.496092796325684,8.336950302124023,80688503.0,-0.003143884852509,0.0021930176569543,-0.0020006814005018,0.0007145586771214,-0.033478753101702,0.0
40,2010-03-08,8.434605598449707,7.787006855010986,8.698639869689941,8.340566635131836,121942587.0,0.003143884852509,0.0074819538515067,0.0080026502425181,0.0001428815916286,0.0591323413433842,0.0
41,2010-03-09,8.637151718139648,7.7772111892700195,8.778210639953613,8.499710083007812,109032691.0,0.0080026125627735,-0.0003870274969443,0.0031438471727643,0.006287769705018,-0.0185046497936929,0.0
42,2010-03-10,8.575665473937988,7.640082359313964,8.709489822387695,8.445457458496094,58353547.99999999,-0.0024293261753876,-0.0054179704800301,-0.0027151647181339,-0.0021435253123857,-0.0726419324415536,0.0
43,2010-03-11,8.517794609069824,7.724972724914551,8.66970443725586,8.45992374420166,66692049.00000001,-0.0022864822635036,0.0033540247882982,-0.0015719235863822,0.0005715640462589,0.0119521521172098,0.0
44,2010-03-12,8.517794609069824,7.483363628387451,8.517794609069824,8.27546215057373,78264119.0,0.0,-0.0095459937426001,-0.0060019688420162,-0.0072880915653967,0.0165870509520835,0.0
45,2010-03-15,8.27546215057373,7.310318470001222,8.27546215057373,8.029513359069824,52279588.99999999,-0.0095745738289003,-0.0068370273424573,-0.0095745738289003,-0.0097174554205289,-0.037245429994456,0.0
46,2010-03-16,8.098234176635742,7.362558841705322,8.185040473937988,8.043980598449707,54424742.0,-0.0070022907023948,0.0020640210512211,-0.0035725673071393,0.0005716017260036,0.0030747966535818,0.0
47,2010-03-17,8.18142318725586,7.571516990661622,8.391202926635742,8.123553276062012,53321852.0,0.0032868041238822,0.0082559523257784,0.008145494154402,0.0031439225322536,-0.0015808487698867,0.0
48,2010-03-18,8.40928840637207,7.525809288024901,8.499710083007812,8.311631202697754,60314720.0,0.0090029721028967,-0.0018059148005208,0.0042871259842608,0.0074309731570252,0.010023362960749,0.0
49,2010-03-19,8.336950302124023,7.522543430328369,8.391202926635742,8.210357666015625,48830437.0,-0.0028580839895072,-0.0001290342854778,-0.0042871259842608,-0.004001325121259,-0.016461219753177,0.0
50,2010-03-22,8.293546676635742,7.558458805084227,8.47077465057373,8.293546676635742,53984594.0,-0.0017148805375,0.0014190191826825,0.003143884852509,0.0032868041238822,0.0073878108907082,0.0
51,2010-03-23,8.391202926635742,7.453977584838867,8.412904739379883,8.213974952697754,44056935.00000001,0.0038584058498858,-0.0041280609423146,-0.002286444583759,-0.003143884852509,-0.0142300025551099,0.0
52,2010-03-24,8.264612197875977,7.444182395935059,8.391202926635742,8.224825859069824,58332557.0,-0.005001609301893,-0.000387008657072,-0.00085744026875,0.000428720134375,0.0204622396413679,0.0
53,2010-03-25,8.232060432434082,7.280933380126952,8.235676765441895,8.058448791503906,45916225.0,-0.0012861227233804,-0.0064499810056407,-0.0061448504336448,-0.0065735705680198,-0.0177971902625879,0.0
54,2010-03-26,8.065682411193848,7.447448730468749,8.35141658782959,8.01866340637207,61782439.0,-0.0065736082477645,0.0065790341309909,0.004572889167518,-0.0015719235863822,0.0227421455309777,0.0
55,2010-03-29,8.304397583007812,7.6923227310180655,8.629918098449707,8.242910385131836,122802263.0,0.0094316545575271,0.0096749903483334,0.011003615823654,0.0088600151517789,0.0874639480901146,0.0
56,2010-03-30,8.546730041503906,7.721707344055176,8.600982666015625,8.441840171813965,69961441.0,0.0095745738289003,0.0011609882914715,-0.0011432411317518,0.0078597309711449,-0.0757404169577248,0.0
57,2010-03-31,8.553963661193848,7.574782848358154,8.561197280883789,8.347800254821777,84478325.0,0.0002858008630018,-0.0058049979769745,-0.0015719235863821,-0.0037155242582572,0.0208080572078709,0.0
58,2010-04-01,8.416521072387695,7.640082359313964,8.535879135131836,8.344183921813965,84370338.0,-0.0054303671160126,0.0025799886342818,-0.0010003218603786,-0.0001428815916286,-0.0001547852606458,0.0
59,2010-04-02,8.48524284362793,7.64987850189209,8.499710083007812,8.394820213317871,54162437.0,0.0027152023978786,0.0003870463368166,-0.0014290419947536,0.0020006437207572,-0.0432990807212967,0.0
60,2010-04-06,8.521411895751953,7.630287647247314,8.629918098449707,8.412904739379883,65390096.0,0.0014290419947536,-0.0007740361540164,0.0051445285732663,0.0007145209973767,0.0160933827660582,0.0
61,2010-04-07,8.445457458496094,7.460508823394775,8.47439193725586,8.203125,88037386.0,-0.0030009655811358,-0.0067079742171071,-0.0061448504336448,-0.0082884134257752,0.0324619323212366,0.0
62,2010-04-08,8.253761291503906,7.369088172912597,8.257377624511719,8.072916030883789,123970101.0,-0.0075739301081431,-0.003612036839637,-0.0085742519685217,-0.0051445662530109,0.0515048538897274,0.0
63,2010-04-09,8.163338661193848,7.398475170135497,8.224825859069824,8.138019561767578,60938846.0,-0.003572604986884,0.001161082490833,-0.0012861227233804,0.0025722454467608,-0.0903470717217207,0.0
64,2010-04-12,8.217592239379883,7.212368488311767,8.232060432434082,7.935473918914795,136794186.0,0.0021435629921304,-0.0073530891248796,0.0002858385427464,-0.0080025937229011,0.1087287226544277,0.0
65,2010-04-13,8.01866340637207,7.313583374023437,8.17780590057373,7.975259780883789,124191213.0,-0.0078596932914003,0.0039990078169644,-0.002143600671875,0.0015719424262545,-0.0180647157594737,0.0
66,2010-04-14,8.101851463317871,7.25807809829712,8.119935989379883,7.968026161193848,91750554.0,0.0032867664441376,-0.0021930176569543,-0.002286444583759,-0.0002858008630017,-0.0464994477005556,0.0
67,2010-04-15,8.058448791503906,7.313583374023437,8.101851463317871,7.949942111968994,98708198.0,-0.0017148428577554,0.0021930176569543,-0.0007145209973767,-0.0007145021575045,0.0099728739572486,0.0
68,2010-04-16,8.058448791503906,7.186249256134033,8.058448791503906,7.949942111968994,79202664.0,0.0,-0.0050309806628303,-0.0017148428577554,0.0,-0.0279586354304457,0.0
69,2010-04-19,7.794414997100829,6.556105613708496,7.805265903472901,7.230178833007811,228614192.0,-0.0104319952577781,-0.0248970231419194,-0.010003275123403,-0.0284379017838269,0.2141619112021153,0.0
70,2010-04-20,7.277198791503906,6.454890251159668,7.353153228759766,7.052950859069824,120305939.0,-0.0204352515413087,-0.0039990266568367,-0.0178630060945479,-0.0070022907023948,-0.1552457348635257,0.0
71,2010-04-21,7.165074825286864,6.57243013381958,7.291666030883788,7.0891199111938485,103289737.0,-0.0044300264157617,0.0046440096855029,-0.0024293638551322,0.0014290419947536,-0.0243905031325377,0.0
72,2010-04-22,7.233796119689941,6.39612054824829,7.233796119689941,6.984230041503906,125027042.0,0.0027151835580063,-0.0069660051083183,-0.0022864445837589,-0.0041442067128876,0.0311575876741137,0.0
73,2010-04-23,7.1035871505737305,6.58222532272339,7.436341762542725,7.01316499710083,153735517.0,-0.0051445662530109,0.0073530137653904,0.0080025937229011,0.0011432222918795,0.0411498493857726,0.0
74,2010-04-26,7.233796119689941,6.51039457321167,7.360386848449707,7.12528896331787,89113631.00000001,0.0051445662530109,-0.0028380383653652,-0.0030009844210081,0.0044300264157617,-0.0926270335127368,0.0
75,2010-04-27,7.154223918914795,6.48100996017456,7.30975103378296,7.071034908294677,96464944.0,-0.0031439036923813,-0.0011609882914715,-0.0020006248808848,-0.0021435818320027,0.0105371470528362,0.0
76,2010-04-28,7.139756202697754,6.57569456100464,7.298900127410888,7.0891199111938485,92603887.0,-0.0005716205658758,0.0037409957656256,-0.000428720134375,0.0007145398372491,-0.0055343209285718,0.0
77,2010-04-29,7.349536895751954,6.5854902267456055,7.461659908294678,7.280815124511718,101811664.0,0.0082884511055199,0.0003870274969443,0.0064306512966467,0.0075738924283984,0.0131981457297115,0.0
78,2010-04-30,7.324217796325683,6.712824344635011,7.447193145751953,7.284431934356689,89674800.0,-0.0010003595401232,0.0050309806628304,-0.0005715828861312,0.0001429004315008,-0.0173966093850546,0.0
79,2010-05-04,7.269965171813966,6.529985904693605,7.342302799224853,7.150607109069824,79279838.0,-0.0021435253123857,-0.0072239606400401,-0.00414422555276,-0.0052874290047671,-0.0148998203725844,0.0
80,2010-05-05,7.266347885131836,6.497334957122803,7.31336784362793,7.002314090728761,179828796.00000003,-0.0001429192713732,-0.0012900414168217,-0.0011432222918794,-0.0058590684105153,0.1441237988989794,0.0
81,2010-05-06,7.1216721534729,6.007585525512695,7.1216721534729,6.622539997100829,189609043.0,-0.0057161491391422,-0.0193500372162837,-0.0075739112682708,-0.0150049032651684,0.0140187067061435,0.0
82,2010-05-07,6.521266937255859,5.961877346038818,6.709345817565918,6.492331981658937,114070115.0,-0.023722055665191,-0.0018059336403931,-0.0162910448284211,-0.0051445285732661,-0.1082751873780381,0.0
83,2010-05-10,6.637008190155028,6.017381191253662,6.756364822387695,6.579136848449708,106836538.0,0.0045729456871349,0.0021929611373374,0.001857724449384,0.0034296668756385,-0.0103683878739775,0.0
84,2010-05-11,6.821468830108642,5.703942775726318,6.83232021331787,6.315104007720947,155303391.0,0.007288053885652,-0.0123839755883485,0.0030010032608804,-0.0104319575780334,0.0694709036670314,0.0
85,2010-05-12,6.257233142852783,5.912900924682617,6.618923187255859,6.206596851348877,144057365.0,-0.0222929948305651,0.0082559523257784,-0.0084313326971485,-0.0042871259842608,-0.0161197094617001,0.0
86,2010-05-13,6.51403284072876,6.099005699157715,6.8431711196899405,6.510416030883789,156909864.0,0.0101461755549039,0.0073530137653903,0.0088600528315235,0.0120039188441602,0.0184223786906407,0.0
87,2010-05-14,6.756364822387695,5.9912614822387695,6.759982109069825,6.582754135131835,73440895.0,0.009574554989028,-0.0042569821885586,-0.0032868041238822,0.0028580839895072,-0.1196418654329679,0.0
88,2010-05-17,6.510416030883789,5.690881729125977,6.517650127410889,6.271700859069824,90300521.0,-0.0097174554205289,-0.0118680268451601,-0.009574554989028,-0.0122897385470343,0.0241660718864536,0.0
89,2010-05-18,6.329570770263673,5.867191791534424,6.550201892852783,6.257233142852783,100058363.0,-0.0071452099737681,0.0069660239481906,0.0012861227233804,-0.0005716205658759,0.0139865920648925,0.0
90,2010-05-19,6.416377067565918,5.798626899719238,6.571903228759766,6.297019004821777,70877376.0,0.0034297233952554,-0.0027090040798873,0.0008574214288776,0.0015719424262545,-0.0418271336244154,0.0
91,2010-05-20,6.354889869689941,5.730062007904053,6.528501033782959,6.3223371505737305,60352678.0,-0.0024293638551322,-0.0027090040798873,-0.001714824017883,0.0010003218603786,-0.0150857799841594,0.0
92,2010-05-21,6.184895038604736,5.818217277526856,6.463396072387695,6.1559600830078125,61045537.0,-0.0067165086792654,0.0034830213940315,-0.0025723019663777,-0.0065735705680199,0.0009931228842903,0.0
93,2010-05-24,6.481481075286865,6.004321098327637,6.727429866790773,6.481481075286865,87897321.0,0.0117181368210307,0.0073529760856457,0.0104319952577781,0.0128613591129103,0.038488525334045,0.0
94,2010-05-25,6.582754135131835,5.808421611785889,6.600839138031007,6.419993877410888,67999194.0,0.0040013062813867,-0.0077400035825901,-0.005001609301893,-0.0024293638551322,-0.0285213662205664,0.0
95,2010-05-26,6.467012882232666,5.84433650970459,6.571903228759766,6.441695213317871,47447050.0,-0.0045729456871349,0.0014190003428103,-0.0011432599716241,0.0008574214288777,-0.0294588141708924,0.0
96,2010-05-27,6.463396072387695,5.899841785430908,6.553819179534913,6.315104007720947,76907515.0,-0.0001429004315008,0.0021930176569543,-0.0007145021575044,-0.0050016281417653,0.0422277288356426,0.0
97,2010-05-28,6.600839138031007,5.903105735778809,6.651474952697754,6.517650127410889,70218842.0,0.005430385955885,0.0001289589259886,0.0038583870100135,0.0080026125627735,-0.009587339158234,0.0
98,2010-05-31,6.474246978759766,5.717001914978027,6.582754135131835,6.329570770263673,74776111.0,-0.00500166582151,-0.0073529760856457,-0.002715164718134,-0.0074310296766422,0.006532249900437,0.0
99,2010-06-01,6.304253101348877,5.648436546325684,6.398292064666748,6.217446804046631,60297805.0,-0.0067164709995208,-0.0027090229197596,-0.0072881104052689,-0.0044300264157617,-0.0207527606834263,0.0
100,2010-06-02,6.23914909362793,5.625582695007324,6.297019004821777,6.119791030883789,69467272.0,-0.0025722642866331,-0.0009029574002603,-0.0040013062813867,-0.0038583870100135,0.0131432333482643,0.0
101,2010-06-03,6.260849952697754,5.622317790985107,6.405526161193848,6.228298187255859,79505080.0,0.0008574025890054,-0.0001289966057332,0.0042871259842608,0.0042871259842608,0.0143878867603835,0.0
102,2010-06-04,6.2246809005737305,5.648436546325684,6.329570770263673,6.206596851348877,37251568.0,-0.0014290419947536,0.0010319540059936,-0.0030010032608804,-0.0008574214288777,-0.0605648908491285,0.0
103,2010-06-07,6.184895038604736,5.5211029052734375,6.257233142852783,6.080005168914795,66768058.99999999,-0.0015719424262545,-0.0050309618229581,-0.0028580651496349,-0.0050016469816376,0.0423080347892569,0.0
104,2010-06-08,6.119791030883789,5.452537059783936,6.1559600830078125,5.967881202697754,47092885.0,-0.0025722642866331,-0.0027090417596319,-0.0040013062813867,-0.0044300264157617,-0.0282017922142805,0.0
105,2010-06-09,6.072771072387695,5.769241809844971,6.434461116790773,5.996817111968994,137063229.0,-0.0018577621291286,0.0125130287136986,0.0110035969837817,0.0011432599716241,0.1289607373706249,0.0
106,2010-06-10,6.246383190155029,5.58640193939209,6.318720817565918,6.177661895751953,78697471.0,0.0068594279506386,-0.0072240171596571,-0.0045729080073904,0.0071451911338958,-0.083659691118614,0.0
107,2010-06-11,6.2246809005737305,5.599462032318115,6.315104007720947,6.148725986480713,58056207.0,-0.0008574591086223,0.0005160052628052,-0.0001429004315008,-0.0011432599716241,-0.0295865560511998,0.0
108,2010-06-15,6.203664386599343,5.594446146030253,6.2201414199876695,6.190328174522625,14110872.725360446,-0.0008303640623409,-0.0001981780479533,-0.003751979049271,0.0016437056072598,-0.0629898971160554,1.0
109,2010-06-17,6.227258023969885,5.513403692191677,6.28954956629162,6.074093531720879,697656867.0,0.000932186403334,-0.0032019935025138,0.0027423211287438,-0.0045924395596354,0.9797739069264254,1.0
110,2010-06-18,6.217446804046631,5.654966831207275,6.419993877410888,6.202980041503906,123999222.0,-0.0003876420438671,0.0055931703675493,0.0051538646334148,0.0050923157843783,-0.8222633104247794,0.0
111,2010-06-21,6.260849952697754,5.974936485290527,6.698494911193848,6.260849952697754,163069872.0,0.0017148616976277,0.0126420253194319,0.0110035969837816,0.002286444583759,0.0560026738760675,0.0
112,2010-06-22,6.600839138031007,6.050031661987305,6.807002067565919,6.550201892852783,115330234.0,0.0134329985186585,0.0029670161312261,0.0042871259842608,0.0114323171181566,-0.0684285359438739,0.0
113,2010-06-23,6.618923187255859,5.9912614822387695,6.734663963317871,6.557435989379883,89767387.99999999,0.0007145021575044,-0.0023220142626876,-0.0028580839895072,0.0002858197028741,-0.0366410010553225,0.0
114,2010-06-24,6.618923187255859,6.050031661987305,6.803384780883789,6.593605041503907,64562279.0,0.0,0.0023220142626876,0.002715164718134,0.0014290419947536,-0.0361282317887655,0.0
115,2010-06-25,6.651474952697754,5.912900924682617,6.691260814666748,6.521266937255859,62899987.0,0.0012861227233804,-0.0054180458395194,-0.0044300264157617,-0.0028580839895072,-0.0023826784750905,0.0
116,2010-06-28,6.528501033782959,6.036970615386963,6.727429866790773,6.528501033782959,67502063.0,-0.0048587088703921,0.0049020028969694,0.0014290419947536,0.0002858197028741,0.0065964748828308,0.0
117,2010-06-29,6.702112197875977,5.717001914978027,6.702112197875977,6.329570770263673,84791784.0,0.0068593902708939,-0.0126419876396872,-0.0010003030205063,-0.0078597498110172,0.0247825568955519,0.0
118,2010-06-30,6.357975646816729,5.698438314921753,6.424762066070988,6.203682944630422,69671768.29651532,-0.0135968612532894,-0.0007334492472531,-0.0109581247592753,-0.0049738375460121,-0.0216725677316162,1.0
119,2010-07-01,6.364592444962709,5.619206768979321,6.396769990643729,6.2197357182229815,65628338.03220571,0.0002614301969813,-0.0031304443940841,-0.0011059690248088,0.000634246303093,-0.0057957291837415,1.0
120,2010-07-02,6.284844059824126,5.587063274016474,6.320763351914908,6.006110168034185,96348293.5501662,-0.0031508647499536,-0.0012699919257643,-0.0030030280652947,-0.0084403617027434,0.0440330439949077,1.0
121,2010-07-05,6.1856272696273615,5.567516174346001,6.258102445734526,6.036357062532882,78563090.35013719,-0.0039200629115094,-0.0007723073916605,-0.002475737159327,0.0011950570974684,-0.0254927659158682,1.0
122,2010-07-06,6.2037567993941405,5.694397347663472,6.362344227764964,6.149508755528523,104519994.14682224,0.000716299097168,0.0050130847884135,0.004118600720269,0.0044706319787916,0.0372058314401785,1.0
123,2010-07-07,6.384284119899495,5.769811031457167,6.443155991979035,6.294036879239494,110601705.6034723,0.0071326481357012,0.002979600370801,0.0031928789379396,0.0057103171379142,0.0087173390592456,1.0
124,2010-07-08,6.472451238110483,5.759931533185039,6.495910865476604,6.339423229717179,120167486.9638728,0.00348348953265,-0.0003903397266136,0.0020843490561331,0.0017932181523258,0.0137112982224834,1.0
125,2010-07-09,6.447110140018721,5.913360305374693,6.627119187460172,6.348697414925923,222981344.6717749,-0.0010012287090666,0.0060619824348913,0.0051840507606539,0.0003664237615343,0.147370236818585,1.0
126,2010-07-12,6.616943345956362,5.953254419141038,6.692253961173799,6.512046417393029,221232209.47022125,0.0067101228574173,0.0015762194629844,0.0025734798533391,0.0064539314861271,-0.0025071568621908,1.0
127,2010-07-13,6.598070390205738,5.876754464091006,6.615392888220746,6.450309782625239,190359578.80692345,-0.0007456719142179,-0.0030225190305899,-0.0030367868263481,-0.0024392191256607,-0.0442518838753117,1.0
128,2010-07-14,6.580878590611977,5.903627342891004,6.655500490926311,6.500578312187411,217529496.91618747,-0.0006792493068557,0.0010617494811154,0.0015846544271774,0.0019861134185251,0.0389445290291452,1.0
129,2010-07-15,6.587010482846046,5.799281772121233,6.621913020461894,6.423547367400707,215739131.53560328,0.000242271527596,-0.0041227014212378,-0.0013270435074332,-0.0030434984753894,-0.0025662549388826,1.0
130,2010-07-16,6.447231985300418,5.823515143158016,6.498276566479414,6.319365480741181,221107631.68095857,-0.0055226590476114,0.0009574623290447,-0.0048848856812046,-0.004116234249618,0.0076950437948678,1.0
131,2010-07-19,6.445237525862145,5.964353604183977,6.648365497282084,6.379784788559479,336122901.0589057,-7.880124379128217e-05,0.0055645382851736,0.0059300250481882,0.0023871714378974,0.164859366858274,1.0
132,2010-07-20,6.673145118113702,6.110394543974211,6.825499120923892,6.615717248439068,533653990.7054851,0.0090046462686905,0.0057700886160329,0.0069985629150313,0.0093217093977842,0.2831350180726873,1.0
133,2010-07-21,6.834147438347528,6.123539215162686,6.895967505960287,6.735135693236855,491341776.1803928,0.0063612138929703,0.0005193469563744,0.0027842112415378,0.0047182318181586,-0.0606490332518898,1.0
134,2010-07-22,6.816996615373087,6.197571469801054,6.9030023737443535,6.747445391579908,697656867.0,-0.0006776303175161,0.0029250200000196,0.0002779481601148,0.0004863571158749,0.2957257365025079,1.0
135,2010-07-23,6.928736035400394,6.223624691804559,6.966678121135237,6.811497847983531,697656867.0,0.0044148329666172,0.0010293647788717,0.0025158336125832,0.0025307174142699,0.0,1.0
136,2010-07-26,6.955661428080057,6.282181010028562,7.010664935761186,6.854753432198154,682129583.9246545,0.001063824308487,0.0023135645776207,0.001737922384595,0.001709031415541,-0.0222563323172242,1.0
137,2010-07-27,6.9982998588690215,6.27896231877518,7.034573169181662,6.889961210081849,697656867.0,0.0016846476368496,-0.0001271707357289,0.0009446161171456,0.0013910619765548,0.0222563323172242,1.0
138,2010-07-28,7.004367871503818,6.411509362651191,7.1377132143061495,6.926084177717858,697656867.0,0.0002397476397801,0.005236943764237,0.0040750710114899,0.0014272211931342,0.0,1.0
139,2010-07-29,7.164807139884271,6.437342472991861,7.225167294416021,7.052896902600829,697656867.0,0.0063389676715064,0.0010206681503661,0.0034553173431532,0.005010380385571,0.0,1.0
140,2010-07-30,7.16273451703191,6.426671769309682,7.176187926848812,7.038278646281001,523695512.6666164,-8.18894862147368e-05,-0.0004216003124195,-0.0019351785302531,-0.0005775684167634,-0.2493508808727652,1.0
141,2010-08-02,7.171319527935332,6.5450474720034295,7.29390627448657,7.107006433118133,697656867.0,0.0003391944324208,0.0046770329984809,0.0046510608503236,0.0027154400745686,0.2493508808727652,1.0
142,2010-08-03,7.3201941226970835,6.429277087645884,7.327484699214983,7.123260418094421,697656867.0,0.00588204653904,-0.0045740966732665,0.001326686109717,0.0006421961801366,0.0,1.0
143,2010-08-04,7.1532640762423645,6.461257468623164,7.202934623497431,7.016705159997629,669025244.8858602,-0.006595418805889,0.0012635472798138,-0.0049209829453038,-0.0042100063352499,-0.041039690811414,1.0
144,2010-08-05,7.210247207146593,6.4571549541024575,7.263756829280721,7.072007144807581,697656867.0,0.002251407827207,-0.0001620906601055,0.0024030899670754,0.0021849856174184,0.041039690811414,1.0
145,2010-08-06,7.202112446116447,6.563709105837511,7.293509827496039,7.081726306806543,697656867.0,-0.0003214050257525,0.0042099626228137,0.0011755432178239,0.0003840048282908,0.0,1.0
146,2010-08-09,7.328465344843214,6.627713659093929,7.405907443962037,7.235476871422331,697656867.0,0.0049922126192373,0.0025288247572878,0.0044408383578689,0.0060746964780729,0.0,1.0
147,2010-08-10,7.408562800819403,6.438132374825941,7.411519515429329,7.119569500570287,697656867.0,0.0031646565652428,-0.0074903709311843,0.0002217333696448,-0.0045795090200618,0.0,1.0
148,2010-08-11,7.16509068940078,6.50330340554489,7.262659130106694,7.084790983141362,565162454.1689553,-0.0096196016023723,0.0025749123703713,-0.005881485123022,-0.0013741018634047,-0.18991343610045,1.0
149,2010-08-12,7.187053258782341,6.435582877002804,7.260090247711798,7.065689442553213,635139816.5126913,0.0008677427832866,-0.0026756432228776,-0.0001014967384078,-0.0007547033184988,0.1003034093889826,1.0
150,2010-08-13,7.178511663161597,6.527032336532775,7.252651651284769,7.06636984017457,660502557.9736619,-0.0003374790913068,0.003613175087302,-0.0002938995094424,2.6882561663943427e-05,0.0363541773336699,1.0
151,2010-08-16,7.278211988872587,6.6757543016520575,7.436808779221802,7.200642562237225,697656867.0,0.0039391674363782,0.005876016130281,0.0072760621028395,0.0053051254403752,0.0532558493777974,1.0
152,2010-08-17,7.460355051154361,6.715798528955731,7.514604434993311,7.352833785709016,697656867.0,0.0071964862159269,0.0015821504602383,0.0030737122644428,0.0060130867911152,0.0,1.0
153,2010-08-18,7.505240197393197,6.7082231929007285,7.541586893932832,7.367955294827754,697656867.0,0.0017734155348061,-0.0002993021025226,0.0010660790007455,0.0005974519730466,0.0,1.0
154,2010-08-19,7.49541490465405,6.726095529479811,7.54822770534348,7.36827332248942,697656867.0,-0.0003881980618912,0.0007061373748005,0.0002623789628911,1.2565297051625455e-05,0.0,1.0
155,2010-08-20,7.475509598122402,6.587279646314898,7.480434622221233,7.26750735141426,697656867.0,-0.0007864601719345,-0.0054846260803642,-0.0026785098598469,-0.003981271165602,0.0,1.0
156,2010-08-23,7.35692044235066,6.599966239354735,7.405471614881495,7.253773108038165,545426877.2841467,-0.0046854665457942,0.0005012482539522,-0.0029617941098974,-0.0005426409982574,-0.2182018079610665,1.0
157,2010-08-24,7.367546028239168,6.65983815591319,7.450946955827113,7.243337702023609,697656867.0,0.000419817704967,0.0023655439676725,0.0017967341724684,-0.0004123036837119,0.2182018079610665,1.0
158,2010-08-25,7.391257847826549,6.5241673774542885,7.415450528052585,7.198204062918177,697656867.0,0.0009368557916916,-0.0053603627547073,-0.0014024665556509,-0.0017832335068266,0.0,1.0
159,2010-08-26,7.30035164390517,6.564422972203661,7.350744467291149,7.187445501627722,697656867.0,-0.0035917110169719,0.0015905016040613,-0.0025565413720575,-0.0004250715731911,0.0,1.0
160,2010-08-27,7.316305073283767,6.604776128782497,7.357296106697282,7.205746390930721,697656867.0,0.0006303212056588,0.0015943562793486,0.0002588557702242,0.0007230695254508,0.0,1.0
161,2010-08-30,7.405783011261514,6.762151426192902,7.53889764483425,7.326652569757543,697656867.0,0.0035352801211295,0.0062179099459157,0.0071750905558625,0.0047770123025689,0.0,1.0
162,2010-08-31,7.519306181234281,6.764963446915696,7.573681631279364,7.389058728626503,697656867.0,0.004485309062354,0.0001111031521979,0.0013743179446494,0.0024656720737167,0.0,1.0
163,2010-09-01,7.555896862498421,6.697369034703844,7.608775759024273,7.333219744035171,697656867.0,0.0014457005940824,-0.0026706603570975,0.001386571650945,-0.0022062025195405,0.0,1.0
164,2010-09-02,6.872106075286865,5.939021587371826,6.872106075286865,6.470630168914795,451918199.0,-0.0270166259043852,-0.0299623652048063,-0.0291058751197796,-0.0340809795859969,-0.3522342853969213,0.0
165,2010-09-03,6.571903228759766,5.798626899719238,6.571903228759766,6.391058921813966,172559246.0,-0.0118610372525316,-0.005547004765508,-0.0118610372525316,-0.0031438660126367,-0.4004245729011078,0.0
166,2010-09-06,6.459780216217041,5.942286491394043,6.651474952697754,6.427227973937987,168395568.0,-0.0044299887360171,0.0056760013712412,0.003143884852509,0.0014290419947535,-0.0059680886076621,0.0
167,2010-09-07,6.6333909034729,5.890047073364258,6.6333909034729,6.488715171813965,108615895.0,0.0068593714310216,-0.0020639833714765,-0.0007145021575045,0.0024293638551322,-0.0856863536039702,0.0
168,2010-09-08,6.477863788604736,5.762711524963379,6.477863788604736,6.3331880569458,135485092.0,-0.0061448881133894,-0.0050310371824473,-0.0061448881133894,-0.0061448881133895,0.038513484595286,0.0
169,2010-09-09,6.383824825286866,5.622317790985107,6.383824825286866,6.210214138031006,129917299.0,-0.0037154865785126,-0.0055469670857634,-0.0037154865785126,-0.0048587088703921,-0.0079807040729665,0.0
170,2010-09-10,6.206596851348877,5.615787029266357,6.297019004821777,6.148725986480713,69630871.0,-0.0070022907023949,-0.000258030891211,-0.0034297045553831,-0.0024294015348768,-0.0864127207107387,0.0
171,2010-09-13,6.2246809005737305,5.579872131347656,6.293402194976807,6.069155216217041,138856072.0,0.0007145021575044,-0.0014190003428103,-0.0001429004315008,-0.0031438471727644,0.0992252843402457,0.0
172,2010-09-14,6.202980041503906,5.609257221221924,6.278934955596924,6.181278228759766,82804297.0,-0.0008574025890054,0.0011610071313438,-0.0005716017260035,0.0044299887360171,-0.0803428987104057,0.0
173,2010-09-15,6.22106409072876,5.524367809295654,6.253615856170654,6.119791030883789,71673458.0,0.0007145021575045,-0.0033539871085536,-0.0010003595401232,-0.0024293638551322,-0.0159546039414244,0.0
174,2010-09-16,6.148725986480713,5.429682731628418,6.199363231658936,5.985966205596924,79094403.0,-0.0028580839895072,-0.0037410146054979,-0.0021435253123857,-0.0052874290047671,0.0106369554304121,0.0
175,2010-09-17,6.029368877410889,5.436212539672852,6.1125569343566895,6.007667064666748,61044845.0,-0.0047158084388912,0.0002579932114664,-0.0034297233952554,0.0008574025890053,-0.0258716839950491,0.0
176,2010-09-20,6.029368877410889,5.452537059783936,6.127025127410889,5.971498012542725,54656464.99999999,0.0,0.0006449830286662,0.0005716394057482,-0.0014290419947536,-0.0091569083630907,0.0
177,2010-09-21,6.069155216217041,5.423152446746826,6.087238788604736,5.985966205596924,37046182.0,0.0015719612661268,-0.0011609882914715,-0.0015719612661268,0.0005716394057482,-0.0252420406549226,0.0
178,2010-09-27,6.018517971038818,5.449272632598877,6.0583038330078125,5.942563056945801,52069956.0,-0.0020006814005018,0.0010320105256105,-0.0011432222918794,-0.0017148616976277,0.0215346178195075,0.0
179,2010-09-28,6.029368877410889,5.308877944946289,6.029368877410889,5.881075859069824,68159635.0,0.000428720134375,-0.005547004765508,-0.0011432222918795,-0.0024293638551322,0.0230624534223928,0.0
180,2010-09-29,5.866608142852783,5.2958173751831055,5.942563056945801,5.826821804046631,59021783.0,-0.0064306889763912,-0.0005160241026775,-0.0034297045553831,-0.0021435818320027,-0.0130979173749034,0.0
181,2010-09-30,5.809304622988708,5.390461045464942,5.963029322208227,5.8228234392207545,69868373.70960197,-0.002264066419329,0.0037393785965579,0.0008086236939659,-0.0001579756977575,0.0155471711419447,1.0
182,2010-10-08,6.040218830108643,5.622317790985107,6.271700859069824,5.967881202697754,148391198.0,0.0091234378503506,0.0091606776140851,0.0121956358504452,0.0057312432452711,0.1125522129926917,0.0
183,2010-10-11,6.264466762542725,5.890047073364258,6.640624999999999,6.264466762542725,241651858.0,0.0088600528315235,0.0105780042682107,0.0145762208105379,0.0117181179811584,0.1336769756184454,0.0
184,2010-10-12,6.53211784362793,5.867191791534424,6.564670085906982,6.438077926635742,132045321.0,0.0105749145291512,-0.0009030139198773,-0.0030009844210081,0.0068593902708939,-0.1571066554125955,0.0
185,2010-10-13,6.506799221038819,6.053296089172363,6.709345817565918,6.49956512451172,228361912.0,-0.0010003407002509,0.007352994925518,0.0057161491391421,0.0024293638551322,0.1380572535810788,0.0
186,2010-10-14,6.926359176635742,5.987996578216553,6.976995944976807,6.622539997100829,277516592.0,0.0165768456914229,-0.0025799886342818,0.0105748768494066,0.0048587465501367,0.070456813836536,0.0
187,2010-10-15,6.582754135131835,6.252460479736328,7.00954818725586,6.575520038604735,323188036.0,-0.0135758612704148,0.0104489888226051,0.0012861415632527,-0.0018577621291286,0.0654640499654108,0.0
188,2010-10-18,7.016781806945801,6.258990287780762,7.2554969787597665,6.908275127410889,296962177.0,0.0171484662572988,0.0002579932114664,0.0097174554205289,0.0131471788157844,-0.0375913435967082,0.0
189,2010-10-19,6.915509223937988,6.383060455322266,7.099970817565919,6.810618877410889,160557261.0,-0.0040012874415144,0.0049020217368418,-0.0061448504336448,-0.0038584058498858,-0.1955186316542054,0.0
190,2010-10-20,6.926359176635742,6.35694122314453,7.226562023162842,6.926359176635742,204519765.0,0.0004286824546304,-0.0010319728458659,0.0050016281417653,0.0045729080073903,0.0630145076748739,0.0
191,2010-10-21,7.042099952697755,6.154511451721191,7.052950859069824,6.788917064666747,153446311.0,0.0045729268472626,-0.0079980156339289,-0.0068593902708939,-0.0054303482761404,-0.0732071257602915,0.0
192,2010-10-22,6.709345817565918,6.046766757965088,6.803384780883789,6.629774093627929,148807632.0,-0.0131471411360398,-0.0042570010284309,-0.0098603746919021,-0.0062877508651457,-0.0066489405027242,0.0
193,2010-10-25,6.709345817565918,6.17410135269165,6.861255168914795,6.6044559478759775,129477173.0,0.0,0.0050309995027027,0.0022864634236313,-0.0010003218603785,-0.0277076882839598,0.0
194,2010-10-26,6.872106075286865,6.092475891113281,6.962528228759767,6.709345817565918,116757625.0,0.0064306701365189,-0.0032250281825649,0.0040013062813867,0.0041442067128876,-0.018231810796467,0.0
195,2010-10-27,6.723813056945801,6.059826850891113,6.901041030883789,6.637008190155028,109218322.0,-0.0058590684105153,-0.0012899660573324,-0.0024293638551322,-0.0028580651496349,-0.0108066061650332,0.0
196,2010-10-28,6.727429866790773,6.128390789031982,6.835937023162841,6.665943145751953,106342889.0,0.0001429004315009,0.0027089664001427,-0.0025722642866331,0.0011432222918795,-0.004121557653929,0.0
197,2010-10-29,6.727429866790773,6.0108513832092285,6.835937023162841,6.6333909034729,99139418.0,0.0,-0.0046439908456306,0.0,-0.0012861415632527,-0.0103252348550308,0.0
198,2010-11-01,6.687644004821777,6.06309175491333,6.781683921813965,6.665943145751953,163475114.0,-0.0015719424262545,0.0020640210512211,-0.002143544152258,0.0012861415632527,0.0922168175261435,0.0
199,2010-11-02,6.716578960418701,6.092475891113281,6.817852973937988,6.637008190155028,176896717.0,0.0011432222918795,0.0011609694515992,0.0014290419947536,-0.0011432222918795,0.0192381149456958,0.0
200,2010-11-03,6.738280773162842,6.219810485839844,6.984230041503906,6.6587090492248535,251816988.0,0.00085744026875,0.0050309995027027,0.0065735705680198,0.0008574025890054,0.1073884233694498,0.0
201,2010-11-04,6.846787929534913,6.177366256713867,6.926359176635742,6.781683921813965,169608942.0,0.0042871259842608,-0.0016769747144045,-0.0022864822635036,0.0048587465501367,-0.1178344969977913,0.0
202,2010-11-05,6.908275127410889,6.180631160736084,6.940826892852783,6.796151161193847,139334686.0,0.0024293638551322,0.0001289966057332,0.0005716205658758,0.0005716017260035,-0.0433941919473717,0.0
203,2010-11-08,6.861255168914795,6.2491960525512695,7.01316499710083,6.861255168914795,172853767.0,-0.0018577621291286,0.0027090040798873,0.0028580839895072,0.0025722642866331,0.0480452247881335,0.0
204,2010-11-09,6.929975986480713,6.089211940765381,6.9372100830078125,6.727429866790773,156743764.0,0.002715164718134,-0.0063209843999074,-0.0030009844210081,-0.0052874478446394,-0.0230915852219369,0.0
205,2010-11-10,6.705729007720947,5.919431686401367,6.709345817565918,6.546585083007813,157926620.0,-0.0088600151517789,-0.0067080307367241,-0.0090029344231521,-0.0071451911338958,0.0016954695867703,0.0
206,2010-11-11,6.582754135131835,6.020646095275879,6.749131202697755,6.539350986480714,187919751.0,-0.0048587465501367,0.0039989889770921,0.0015719235863822,-0.0002858197028741,0.0429912359767541,0.0
207,2010-11-12,6.586370944976808,5.612521171569824,6.61530590057373,6.195745944976807,170382693.0,0.0001429004315009,-0.0161250467134634,-0.0052874478446395,-0.0135758612704148,-0.0251370821811175,0.0
208,2010-11-15,6.23914909362793,5.651701927185059,6.264466762542725,6.145109176635742,121628655.0,-0.0137187617019157,0.0015480346282882,-0.0138616809732888,-0.0020006625606295,-0.0698825458561708,0.0
209,2010-11-16,6.257233142852783,5.452537059783936,6.257233142852783,6.025752067565918,122388599.0,0.0007145021575044,-0.0078690190281956,-0.0002858008630018,-0.0047158084388912,0.0010892804700222,0.0
210,2010-11-17,5.993199825286865,5.48518705368042,6.174045085906982,5.971498012542725,93802602.0,-0.0104319764179057,0.001290003737077,-0.0032867664441376,-0.0021435818320027,-0.0409742931692522,0.0
211,2010-11-18,6.12340784072876,5.609257221221924,6.246383190155029,6.094472885131836,120915641.0,0.0051445285732662,0.0049020217368418,0.0028580839895072,0.0048587465501367,0.0388630002548229,0.0
212,2010-11-19,6.22106409072876,5.5537519454956055,6.228298187255859,6.000433921813965,119719879.0,0.0038584058498858,-0.0021930176569544,-0.0007145398372491,-0.0037154865785126,-0.0017139686521568,0.0
213,2010-11-22,6.076387882232666,5.44600772857666,6.094472885131836,6.004049777984619,97735320.0,-0.0057161679790145,-0.0042569821885586,-0.0052874478446394,0.0001428627517562,-0.0315119939900197,0.0
214,2010-11-23,5.996817111968994,5.403563022613525,6.040218830108643,5.8774590492248535,91068303.0,-0.0031438471727644,-0.0016769935542768,-0.0021435818320027,-0.005001609301893,-0.0095562981106584,0.0
215,2010-11-24,5.9497971534729,5.472127914428711,6.1125569343566895,5.935328960418701,88021980.00000001,-0.0018577621291286,0.0027090040798873,0.0028580839895072,0.002286444583759,-0.0043665061495051,0.0
216,2010-11-25,6.080005168914795,5.534162998199463,6.192129135131836,6.004049777984619,105875248.0,0.0051445285732662,0.0024510108684208,0.0031439036923813,0.002715164718134,0.0255903279168898,0.0
217,2010-11-26,6.12340784072876,5.449272632598877,6.12340784072876,6.022134780883789,65534214.0,0.0017148428577554,-0.0033540247882982,-0.0027151835580063,0.0007145398372491,-0.0578236034190716,0.0
218,2010-11-29,6.000433921813965,5.459067344665527,6.105323791503906,5.960648059844971,55472933.0,-0.0048587088703921,0.0003869898171997,-0.0007145021575044,-0.0024293450152599,-0.0144215322401463,0.0
219,2010-11-30,6.022134780883789,5.35132360458374,6.072771072387695,5.8521409034729,78139175.0,0.0008574025890054,-0.0042569633486863,-0.001286160403125,-0.0042871259842608,0.0324890975379734,0.0
220,2010-12-01,5.928095817565918,5.383973598480225,5.989583015441895,5.895543098449707,42653271.0,-0.0037154865785126,0.001290003737077,-0.0032867664441376,0.0017148240178831,-0.0508644086778551,0.0
221,2010-12-02,6.043836116790772,5.390501976013184,6.072771072387695,5.960648059844971,56042437.00000001,0.0045729080073903,0.0002579366918495,0.0032867664441376,0.0025723019663777,0.0191916207426938,0.0
222,2010-12-03,5.989583015441895,5.410092830657959,6.022134780883789,5.9497971534729,43409079.0,-0.0021435441522581,0.0007740361540164,-0.0020006437207572,-0.000428720134375,-0.0181082686884812,0.0
223,2010-12-06,6.004049777984619,5.465597152709961,6.105323791503906,5.967881202697754,60251620.99999999,0.0005715828861312,0.0021929799772097,0.0032868041238822,0.0007145021575045,0.0241415842037429,0.0
224,2010-12-07,6.036602973937988,5.462332725524902,6.087238788604736,5.938945770263672,55170262.00000001,0.0012861792429973,-0.0001289777658609,-0.0007145398372491,-0.0011432411317518,-0.0072834644656339,0.0
225,2010-12-08,6.040218830108643,5.383973598480225,6.054687023162842,5.9497971534729,47799543.0,0.0001428627517562,-0.0030959750572148,-0.0012861227233804,0.0004287389742473,-0.0105649630192775,0.0
226,2010-12-09,5.957030773162842,5.292552471160889,5.964264869689941,5.859375,66436413.00000001,-0.0032867664441376,-0.0036120556795093,-0.0035725861470117,-0.0035725861470117,0.0267135190400125,0.0
227,2010-12-10,5.859375,5.334997653961182,5.924479007720947,5.823205947875977,54837352.0,-0.0038583870100135,0.0016770123941491,-0.0015719424262545,-0.0014290419947536,-0.016625739025371,0.0
228,2010-12-13,5.913628101348877,5.426416873931885,6.018517971038818,5.881075859069824,77636587.0,0.0021435441522581,0.0036119803200201,0.0037154865785126,0.002286444583759,0.0326797256336616,0.0
229,2010-12-14,6.011283874511719,5.40029764175415,6.022134780883789,5.960648059844971,65668617.0,0.0038583870100135,-0.0010319728458659,0.0001429004315008,0.0031439036923813,-0.017154521894787,0.0
230,2010-12-15,6.004049777984619,5.416622638702393,6.076387882232666,5.971498012542725,77767351.0,-0.0002858197028741,0.0006450018685385,0.0021435441522581,0.0004286824546304,0.0173419550100981,0.0
231,2010-12-16,6.011283874511719,5.370912551879883,6.047452926635742,5.942563056945801,60979339.0,0.0002858197028741,-0.0018060089998823,-0.0011432222918795,-0.0011432222918795,-0.0240634225707406,0.0
232,2010-12-17,5.9497971534729,5.338263034820557,5.967881202697754,5.891926765441895,47836823.00000001,-0.0024293450152599,-0.0012899848972047,-0.003143884852509,-0.0020006437207571,-0.0188380801819012,0.0
233,2010-12-20,5.928095817565918,5.266433238983154,5.946179866790772,5.783420085906982,70835682.0,-0.0008574214288777,-0.0028380006856206,-0.0008574214288776,-0.0042871071443885,0.0329658605653773,0.0
234,2010-12-21,5.84852409362793,5.410092830657959,6.022134780883789,5.812355041503906,84838891.0,-0.003143884852509,0.0056760013712412,0.0030009844210081,0.0011432222918795,0.0200717711849025,0.0
235,2010-12-22,6.007667064666748,5.2990827560424805,6.014901161193848,5.859375,62770880.0,0.0062877508651457,-0.0043860164740364,-0.0002858008630018,0.0018577621291286,-0.0316316115326074,0.0
236,2010-12-23,5.94670829092083,5.2418061670220775,5.969070761719559,5.804910322241003,697656867.0,-0.0024084857776447,-0.0022630023796514,-0.0018107625618861,-0.0021519035522812,0.9100261418339912,1.0
237,2010-12-24,5.859375,5.367647647857666,6.004049777984619,5.84128999710083,79108459.0,-0.003450544953126,0.0049720064595387,0.0013820235876388,0.001437363715032,-0.8866083561390645,0.0
238,2010-12-27,6.011283874511719,5.246843338012695,6.051070213317871,5.794270038604736,85337758.0,0.0060019311622716,-0.0047729874513639,0.0018577809690009,-0.0018577621291286,0.008928886526677,0.0
239,2010-12-28,5.815971851348877,5.207662582397461,5.866608142852783,5.768951892852783,73423812.0,-0.0077167928598994,-0.0015480346282882,-0.0072881104052689,-0.0010003218603786,-0.0170770855466975,0.0
240,2010-12-29,5.768951892852783,5.148892879486084,5.7798027992248535,5.642361164093018,65479466.00000001,-0.0018577621291286,-0.0023219954228153,-0.0034296857155108,-0.005001609301893,-0.0113871824040972,0.0
241,2010-12-30,5.703847885131836,5.116243362426758,5.714698791503906,5.609808921813965,49287163.0,-0.0025722642866331,-0.0012899848972047,-0.0025722642866331,-0.0012861415632527,-0.0232095515229838,0.0
242,2010-12-31,5.671296119689941,5.155424118041992,5.740016937255859,5.638743877410889,66601659.0,-0.0012861227233804,0.0015480346282882,0.0010003218603786,0.0011432222918794,0.0248180686222644,0.0
243,2011-01-04,5.7219319343566895,5.230517864227295,5.8521409034729,5.660445213317871,99212251.0,0.0020006248808848,0.0029669596116092,0.0044300264157617,0.0008574214288777,0.0467430244616226,0.0
244,2011-01-05,5.783420085906982,5.2011332511901855,5.8340559005737305,5.754484176635742,65653667.00000001,0.0024294015348768,-0.0011609882914715,-0.0007145398372491,0.0037154865785126,-0.0481018471792667,0.0
245,2011-01-06,5.761717796325684,5.161952972412109,5.815971851348877,5.678530216217041,57101765.0,-0.0008574591086223,-0.0015480157884158,-0.0007145021575044,-0.0030009467412634,-0.0122580345790533,0.0
246,2011-01-07,5.714698791503906,5.357852458953857,6.069155216217041,5.678530216217041,213022921.0,-0.001857724449384,0.0077400035825901,0.0100032939632753,0.0,0.223492612737373,0.0
247,2011-01-10,5.870224952697754,5.217458248138428,5.9317121505737305,5.75086784362793,100050406.0,0.0061448504336448,-0.0055469859256357,-0.0054303859558849,0.0028580651496349,-0.1619313452554319,0.0
248,2011-01-11,5.75086784362793,5.286023616790772,5.891926765441895,5.743634223937988,57563310.0,-0.0047158084388912,0.0027090229197597,-0.0015719235863821,-0.0002858008630017,-0.0608997030054317,0.0
249,2011-01-12,5.870224952697754,5.354587078094482,5.938945770263672,5.826821804046631,76621853.0,0.0047158084388912,0.0027089475602704,0.0018577244493839,0.0032867476042653,0.0273179322120827,0.0
250,2011-01-13,5.960648059844971,5.334997653961182,5.985966205596924,5.899159908294678,53861386.00000001,0.0035726238267563,-0.0007739796343994,0.0018577809690009,0.0028580839895072,-0.0326241567690324,0.0
251,2011-01-14,5.891926765441895,5.220723628997803,5.891926765441895,5.7798027992248535,57207740.00000001,-0.0027151835580062,-0.0045149754000251,-0.0037155054183849,-0.0047158084388912,0.0047965614018674,0.0
252,2011-01-17,5.718315124511719,5.021559238433838,5.761717796325684,5.555554866790772,73589180.0,-0.0068594091107663,-0.0078690001883233,-0.0051445662530109,-0.0088600528315234,0.0234806547098747,0.0
253,2011-01-18,5.570023059844971,5.008498191833496,5.588107109069824,5.519385814666748,43007760.0,-0.0058590307307707,-0.0005160429425499,-0.0068593714310216,-0.0014290419947536,-0.0438344714236146,0.0
254,2011-01-19,5.551938056945801,5.057474136352539,5.613424777984619,5.508534908294678,46433403.0,-0.0007145398372491,0.0019350432853602,0.0010003030205062,-0.000428720134375,0.004910211827672,0.0
255,2011-01-20,5.598958015441895,4.871369361877441,5.598958015441895,5.396411895751953,79509841.0,0.0018577621291286,-0.0073530137653903,-0.0005715828861312,-0.0044299887360171,0.0474107538598914,0.0
256,2011-01-21,5.378326892852783,4.946463584899902,5.642361164093018,5.3747100830078125,63584104.0,-0.0087171524000226,0.0029669784514815,0.0017148616976276,-0.00085744026875,-0.0228274639773595,0.0
257,2011-01-24,5.479599952697754,4.913813591003418,5.497684955596924,5.407261848449707,42530080.0,0.0040013062813867,-0.001290003737077,-0.0057161679790145,0.0012861227233804,-0.0301781936018698,0.0
258,2011-01-25,5.465133190155029,4.952992916107178,5.512152194976807,5.425346851348877,37103997.0,-0.0005715828861312,0.0015479781086712,0.0005716017260035,0.0007145398372491,-0.0077775812962792,0.0
259,2011-01-26,5.479599952697754,4.982378482818604,5.533854007720947,5.472365856170654,29047066.0,0.0005715828861312,0.0011610259712161,0.00085744026875,0.001857724449384,-0.0115485582972123,0.0
260,2011-01-27,5.479599952697754,5.0052337646484375,5.570023059844971,5.425346851348877,70643755.0,0.0,0.0009030139198772,0.0014290419947536,-0.001857724449384,0.0596234208642857,0.0
261,2011-01-28,5.5410871505737305,4.962788105010986,5.555554866790772,5.447048187255859,51264780.0,0.0024293638551322,-0.0016770312340214,-0.0005716394057481,0.0008574214288777,-0.0277772296334323,0.0
262,2011-01-31,5.497684955596924,4.998703956604004,5.544703960418701,5.45789909362793,38774862.0,-0.0017148240178831,0.0014190380225549,-0.000428720134375,0.000428720134375,-0.0179026661827439,0.0
263,2011-02-01,5.5410871505737305,5.0411481857299805,5.602574825286865,5.519385814666748,41941346.0,0.0017148240178831,0.0016769747144044,0.0022864822635036,0.0024293450152599,0.0045387412491418,0.0
264,2011-02-09,5.551938056945801,4.979114055633545,5.624276161193848,5.508534908294678,46036223.0,0.000428720134375,-0.0024509731886762,0.0008574214288777,-0.000428720134375,0.0058694713600518,0.0
265,2011-02-10,5.515769004821777,5.044413089752197,5.595341205596924,5.497684955596924,37828615.0,-0.0014290419947536,0.0025799697944094,-0.0011432222918795,-0.0004286824546304,-0.0117645340972469,0.0
266,2011-02-11,5.562788963317871,5.060738563537598,5.638743877410889,5.533854007720947,62436947.0,0.0018577621291286,0.0006450207084108,0.0017148428577554,0.0014290419947536,0.035272829902497,0.0
267,2011-02-14,5.602574825286865,5.223987579345703,5.819589138031006,5.598958015441895,115473716.0,0.0015719424262545,0.0064499810056407,0.0071452099737681,0.0025722642866331,0.0760212813901823,0.0
268,2011-02-15,5.790653228759766,5.165217399597168,5.815971851348877,5.718315124511719,88777316.0,0.0074309919968975,-0.0023220142626876,-0.0001429192713732,0.0047158084388912,-0.0382658026642773,0.0
269,2011-02-16,5.718315124511719,5.184807777404785,5.768951892852783,5.685762882232666,50652717.0,-0.0028580839895072,0.000774017314144,-0.0018577621291286,-0.0012861415632527,-0.0546466333284152,0.0
270,2011-02-17,5.772569179534912,5.217458248138428,5.84852409362793,5.729166030883789,70173408.0,0.0021435818320027,0.0012900225769493,0.0031439036923813,0.0017148616976277,0.027980361010336,0.0
271,2011-02-18,5.75086784362793,5.217458248138428,5.823205947875977,5.714698791503906,63259284.0,-0.0008574214288777,0.0,-0.0010003218603786,-0.0005716017260035,-0.0099104937212636,0.0
272,2011-02-21,5.714698791503906,5.214193344116211,5.787036895751953,5.696613788604736,87517927.00000001,-0.0014290419947536,-0.0001289966057332,-0.0014290419947536,-0.0007145398372491,0.0347715963928152,0.0
273,2011-02-22,5.7798027992248535,5.050943851470947,5.783420085906982,5.591723918914795,95097654.0,0.0025722642866331,-0.006449999845513,-0.0001429004315008,-0.0041442067128876,0.0108645486893773,0.0
274,2011-02-23,5.602574825286865,5.08685827255249,5.685762882232666,5.595341205596924,98823438.0,-0.0070022907023948,0.001418981502938,-0.0038584435296304,0.0001429192713732,0.0053404247506675,0.0
275,2011-02-24,5.635127067565918,5.080328464508057,5.638743877410889,5.570023059844971,55934063.0,0.0012861415632527,-0.0002579932114664,-0.001857724449384,-0.0010003218603786,-0.0614763174114933,0.0
276,2011-02-25,5.645977973937988,5.18807315826416,5.84852409362793,5.591723918914795,140801294.0,0.000428720134375,0.0042570010284309,0.0082884322656476,0.0008574025890053,0.1216460913872148,0.0
277,2011-02-28,5.718315124511719,5.2011332511901855,5.7798027992248535,5.653211116790772,85055574.0,0.0028580463097626,0.0005160052628052,-0.0027151835580063,0.0024293638551322,-0.0799042088408197,0.0
278,2011-03-01,5.768951892852783,5.237048149108887,5.855758190155029,5.740016937255859,133477781.0,0.0020006625606295,0.0014190003428103,0.0030010032608804,0.0034297045553831,0.0694069094571099,0.0
279,2011-03-02,5.768951892852783,5.2827582359313965,5.895543098449707,5.754484176635742,134951848.0,0.0,0.0018060089998823,0.0015719047465098,0.0005716017260035,0.0021128825210861,0.0
280,2011-03-03,5.859375,5.354587078094482,6.065537929534912,5.8521409034729,271085701.0,0.0035726238267563,0.0028379630058759,0.0067165086792654,0.0038584246897581,0.1951300982464205,0.0
281,2011-03-04,5.9497971534729,5.44600772857666,6.0583038330078125,5.899159908294678,139731963.0,0.0035725861470117,0.003612036839637,-0.0002858197028741,0.001857724449384,-0.1882784277102227,0.0
282,2011-03-07,6.069155216217041,5.465597152709961,6.137876033782959,5.985966205596924,137583221.0,0.0047158461186358,0.0007739796343994,0.0031439036923813,0.0034297233952554,-0.0030799410163334,0.0
283,2011-03-08,6.054687023162842,5.436212539672852,6.098090171813965,5.993199825286865,88974750.0,-0.0005716394057482,-0.0011609882914715,-0.0015719424262545,0.0002858008630017,-0.0696738945737346,0.0
284,2011-03-09,6.040218830108643,5.449272632598877,6.101706981658936,6.032986164093018,89482110.00000001,-0.0005716394057482,0.0005160052628052,0.0001429004315009,0.0015719612661268,0.0007272342952513,0.0
285,2011-03-10,6.004049777984619,5.305613040924072,6.004049777984619,5.866608142852783,85292374.0,-0.0014290419947536,-0.0056760013712412,-0.0038584435296305,-0.0065736082477645,-0.0060054393473059,0.0
286,2011-03-11,5.8521409034729,5.240313529968262,5.891926765441895,5.797886848449707,63636533.0,-0.0060019311622716,-0.0025799886342818,-0.0044299887360171,-0.0027151835580063,-0.0310408196698793,0.0
287,2011-03-14,5.787036895751953,5.279493808746338,5.855758190155029,5.783420085906982,60272556.99999999,-0.0025722642866331,0.0015480157884158,-0.0014290231548813,-0.0005715828861312,-0.0048218202373115,0.0
288,2011-03-15,5.794270038604736,5.17174768447876,5.823205947875977,5.678530216217041,78625775.0,0.0002857820231294,-0.0042570575480478,-0.0012861415632527,-0.0041442067128876,0.0263069409449387,0.0
289,2011-03-16,5.736400127410889,5.207662582397461,5.787036895751953,5.692996978759766,66929081.0,-0.002286444583759,0.0014190003428103,-0.0014290419947536,0.0005715828861312,-0.0167656831793214,0.0
290,2011-03-17,5.7219319343566895,5.129303455352783,5.75086784362793,5.671296119689941,57303916.00000001,-0.0005716394057482,-0.0030959750572148,-0.0014290419947536,-0.0008574025890053,-0.0137964169139325,0.0
291,2011-03-18,5.747251033782959,5.168482780456543,5.747251033782959,5.696613788604736,40156862.0,0.0010003595401232,0.0015479781086712,-0.0001429004315008,0.0010003030205062,-0.0245780623843554,0.0
292,2011-03-21,5.714698791503906,5.148892879486084,5.747251033782959,5.685762882232666,44280376.0,-0.0012861415632527,-0.0007739984742717,0.0,-0.000428720134375,0.0059105187593602,0.0
293,2011-03-22,5.725549221038818,5.227252006530762,5.805120944976807,5.660445213317871,69657396.0,0.0004287012945027,0.0030959750572147,0.002286444583759,-0.0010003030205062,0.0363746437544919,0.0
294,2011-03-23,5.772569179534912,5.256638526916504,5.84128999710083,5.758100986480713,62705351.00000001,0.0018577621291286,0.0011610636509607,0.0014290419947536,0.0038583870100135,-0.009964848522017,0.0
295,2011-03-24,5.819589138031006,5.217458248138428,5.823205947875977,5.768951892852783,44271348.0,0.0018577621291286,-0.0015480157884158,-0.0007145021575044,0.000428720134375,-0.0264227356913552,0.0
296,2011-03-25,5.7798027992248535,5.308877944946289,5.910010814666748,5.772569179534912,99771277.0,-0.0015719612661268,0.0036119991598924,0.0034296668756385,0.0001429192713732,0.0795518995443357,0.0
297,2011-03-28,5.920862197875977,5.331732749938965,6.011283874511719,5.902777194976807,101725944.0,0.0055732675475135,0.000902995080005,0.0040013062813867,0.0051445285732662,0.0028017598513797,0.0
298,2011-03-29,5.917244911193848,5.387237071990967,6.0583038330078125,5.899159908294678,133425753.0,-0.0001429192713731,0.0021929799772097,0.0018577621291286,-0.0001429192713732,0.045437535985724,0.0
299,2011-03-30,5.960648059844971,5.348058223724365,6.040218830108643,5.913628101348877,76053244.0,0.0017148616976277,-0.0015479592687989,-0.0007145398372491,0.0005716394057482,-0.0822359984023492,0.0
300,2011-03-31,5.924479007720947,5.25010871887207,5.953413963317871,5.790653228759766,58992063.99999999,-0.0014290419947536,-0.0038699923713589,-0.0034296668756385,-0.0048587465501367,-0.0244549732210978,0.0
301,2011-04-01,5.815971851348877,5.410092830657959,5.996817111968994,5.812355041503906,89369525.0,-0.0042871259842608,0.0063209843999074,0.0017148616976277,0.00085744026875,0.0435421228355801,0.0
302,2011-04-06,6.004049777984619,5.550487041473389,6.177661895751953,6.004049777984619,206045022.0,0.0074309731570252,0.0055469859256357,0.0071451911338958,0.0075738735885261,0.1672390863171995,0.0
303,2011-04-07,6.148725986480713,5.615787029266357,6.282551765441895,6.094472885131836,179383229.0,0.0057161679790144,0.0025800074741541,0.0041442067128876,0.0035726238267563,-0.0382161980496925,0.0
304,2011-04-08,6.206596851348877,5.605993270874023,6.235531806945801,6.134259223937988,74129156.0,0.0022864822635036,-0.0003869521374551,-0.0018577621291286,0.0015719612661268,-0.1508679667306994,0.0
305,2011-04-11,6.213830947875977,5.560283184051514,6.347655773162842,6.148725986480713,155884466.0,0.0002858197028741,-0.0018060089998823,0.0044300264157617,0.0005715828861312,0.1171855590722652,0.0
306,2011-04-12,6.184895038604736,5.570077419281006,6.275318145751953,6.137876033782959,106771524.0,-0.0011432599716241,0.0003869709773274,-0.0028580651496349,-0.0004286824546303,-0.0703969878648094,0.0
307,2011-04-13,6.148725986480713,5.893311500549316,6.528501033782959,6.108940124511719,200130390.0,-0.0014290419947536,0.0127710030852928,0.010003275123403,-0.0011432599716241,0.1338177410930579,0.0
308,2011-04-14,6.680409908294678,5.939021587371826,6.727429866790773,6.546585083007813,290096819.0,0.0210068721071847,0.0018060089998823,0.0078596932914003,0.0172913855286721,0.1289551257294512,0.0
309,2011-04-15,6.586370944976808,6.115330219268799,6.788917064666747,6.564670085906982,185461166.0,-0.0037154865785126,0.0069659674285736,0.0024293638551321,0.0007145398372491,-0.1499815424306574,0.0
310,2011-04-18,6.7527480125427255,6.161041259765625,6.828702926635741,6.673176765441895,160399584.0,0.0065735705680198,0.0018060466796269,0.0015719424262545,0.0042871071443885,-0.0359225045798911,0.0
311,2011-04-19,6.738280773162842,6.017381191253662,6.781683921813965,6.629774093627929,145366844.0,-0.0005716017260036,-0.0056760202111135,-0.0018577244493839,-0.0017148428577554,-0.0215474694094855,0.0
312,2011-04-20,6.665943145751953,5.899841785430908,6.709345817565918,6.477863788604736,135269703.0,-0.0028580651496349,-0.0046439908456306,-0.0028580839895072,-0.0060019876818885,-0.0144729328665806,0.0
313,2011-04-21,6.582754135131835,5.91616678237915,6.665943145751953,6.528501033782959,87937842.0,-0.0032868041238822,0.0006450018685385,-0.0017148428577554,0.0020006814005018,-0.0678440408728894,0.0
314,2011-04-22,6.510416030883789,5.831277370452881,6.557435989379883,6.412759780883788,84787706.0,-0.0028580839895072,-0.0033539871085535,-0.0042871259842608,-0.004572945687135,-0.0045153085263045,0.0
315,2011-04-25,6.467012882232666,5.903105735778809,6.60807180404663,6.401908874511719,99158634.0,-0.0017148616976277,0.0028379441660036,0.0020006248808848,-0.000428720134375,0.0205988483447407,0.0
316,2011-04-26,6.524884223937988,6.014115810394287,6.669559955596923,6.5031819343566895,107669783.0,0.0022865011033759,0.0043860164740364,0.0024294015348768,0.0040013062813867,0.0121996204761788,0.0
317,2011-04-27,6.665943145751953,5.968406677246094,6.79253387451172,6.542967796325684,147282289.0,0.0055732487076412,-0.0018059713201377,0.0048587088703921,0.0015719424262545,0.056779353681901,0.0
318,2011-04-28,6.662325859069823,6.079416275024414,6.872106075286865,6.640624999999999,179423932.0,-0.0001429192713732,0.0043859976341641,0.0031439036923813,0.0038584435296304,0.0460708473181272,0.0
319,2011-04-29,6.727429866790773,5.942286491394043,6.727429866790773,6.477863788604736,138377114.0,0.0025722642866332,-0.0054180081597747,-0.0057161679790144,-0.0064307078162635,-0.0588352526027669,0.0
320,2011-05-03,6.564670085906982,5.948816299438477,6.640624999999999,6.535734176635741,61118237.0,-0.0064306512966467,0.0002579932114664,-0.0034296668756386,0.0022864634236313,-0.1107405096322229,0.0
321,2011-05-04,6.510416030883789,5.831277370452881,6.6333909034729,6.394674777984619,108883292.0,-0.0021435818320027,-0.0046439720057583,-0.0002858197028741,-0.0055732675475135,0.0684649678937368,0.0
322,2011-05-05,6.376591205596924,5.78883171081543,6.481481075286865,6.372973918914794,68024558.0,-0.0052874290047671,-0.0016770312340214,-0.0060019688420162,-0.0008574025890054,-0.0585656587538469,0.0
323,2011-05-06,6.347655773162842,5.726797103881836,6.452546119689941,6.315104007720947,66664594.0,-0.0011432411317517,-0.0024509920285485,-0.0011432222918795,-0.0022864445837589,-0.0019493307732323,0.0
324,2011-05-09,6.344038963317872,5.726797103881836,6.344038963317872,6.344038963317872,0.0,-0.0001429004315008,0.0,-0.0042871259842608,0.0011432222918795,-0.095554988638849,0.0
325,2011-05-10,6.344038963317872,5.726797103881836,6.344038963317872,6.344038963317872,0.0,0.0,0.0,0.0,0.0,0.0,0.0
326,2011-05-11,6.344038963317872,5.726797103881836,6.344038963317872,6.344038963317872,0.0,0.0,0.0,0.0,0.0,0.0,0.0
327,2011-05-12,6.344038963317872,5.726797103881836,6.344038963317872,6.344038963317872,0.0,0.0,0.0,0.0,0.0,0.0,0.0
328,2011-05-13,6.329570770263673,5.769241809844971,6.409142971038818,6.148725986480713,101740277.0,-0.0005716394057482,0.0016769935542768,0.002572264286633,-0.007716830539644,0.145831399090923,0.0
329,2011-05-16,6.315104007720947,5.599462032318115,6.380208015441895,6.199363231658936,54495548.0,-0.0005715828861312,-0.0067080118968518,-0.0011432222918794,0.0020006814005018,-0.0677191485309353,0.0
330,2011-05-17,6.202980041503906,5.831277370452881,6.49956512451172,6.202980041503906,88393119.0,-0.0044300264157617,0.009159041605145,0.0047158084388912,0.0001429004315008,0.0485877407697041,0.0
331,2011-05-18,6.416377067565918,5.912900924682617,6.6587090492248535,6.391058921813966,81327476.0,0.0084313326971485,0.0032249528230757,0.0062877885448903,0.0074310108367699,-0.0101276764183272,0.0
332,2011-05-19,6.571903228759766,5.854132175445557,6.640624999999999,6.467012882232666,45508599.0,0.0061448504336448,-0.0023219577430707,-0.0007145021575045,0.0030009467412634,-0.0513416819847628,0.0
333,2011-05-20,6.481481075286865,5.987996578216553,6.723813056945801,6.470630168914795,86234194.0,-0.0035725861470117,0.0052889927141692,0.0032867664441376,0.0001429192713732,0.0583748213862273,0.0
334,2011-05-23,6.60807180404663,5.84433650970459,6.618923187255859,6.380208015441895,90995252.0,0.005001609301893,-0.0056760202111135,-0.0041442067128876,-0.0035725861470117,0.0068243548156747,0.0
335,2011-05-24,6.438077926635742,5.929226398468018,6.6333909034729,6.438077926635742,80618089.0,-0.0067164709995207,0.0033540059484259,0.0005716205658758,0.0022864445837589,-0.0148743078307577,0.0
336,2011-05-25,6.568286895751953,5.929226398468018,6.568286895751953,6.568286895751953,0.0,0.0051445662530109,0.0,-0.002572264286633,0.0051445662530109,-0.1155555012977461,0.0
337,2011-05-26,6.485097885131836,5.808421611785889,6.546585083007813,6.369357109069824,81489729.0,-0.0032868041238822,-0.0047730062912362,-0.00085744026875,-0.0078597309711449,0.116804883395493,0.0
338,2011-05-27,6.401908874511719,5.746387004852295,6.5031819343566895,6.365739822387694,65893718.0,-0.0032868041238822,-0.0024509920285485,-0.0017148616976277,-0.0001429192713732,-0.0223548448208709,0.0
339,2011-05-30,6.318720817565918,5.736591815948486,6.401908874511719,6.246383190155029,41721238.0,-0.0032867664441376,-0.000387008657072,-0.0040013062813867,-0.0047157895990189,-0.034648092985803,0.0
340,2011-05-31,6.354889869689941,5.76597785949707,6.416377067565918,6.210214138031006,53528654.00000001,0.0014290419947536,0.0011610448110884,0.0005716394057482,-0.0014290419947536,0.0169243887052573,0.0
341,2011-06-01,6.383824825286866,5.690881729125977,6.383824825286866,6.2680840492248535,50052639.0,0.0011432222918795,-0.0029670538109708,-0.0012861415632526,0.002286444583759,-0.004982413510738,0.0
342,2011-06-02,6.22106409072876,5.452537059783936,6.2680840492248535,5.964264869689941,121540809.0,-0.0064306889763913,-0.0094170159767391,-0.0045729268472626,-0.0120039188441602,0.1024689548422376,0.0
343,2011-06-03,6.007667064666748,5.455802440643311,6.072771072387695,5.964264869689941,42726342.0,-0.0084313326971485,0.0001290154456055,-0.007716830539644,0.0,-0.1129702447263376,0.0
344,2011-06-07,5.985966205596924,5.50151252746582,6.119791030883789,5.9497971534729,40390717.0,-0.0008574025890053,0.0018060089998823,0.0018577621291286,-0.0005716205658759,-0.0033478133886124,0.0
345,2011-06-08,6.083621978759766,5.449272632598877,6.083621978759766,5.960648059844971,44446780.99999999,0.0038583870100135,-0.0020640022113488,-0.0014290419947536,0.000428720134375,0.0058138379937998,0.0
346,2011-06-09,6.004049777984619,5.403563022613525,6.080005168914795,5.978732109069824,33239075.000000004,-0.0031439036923813,-0.00180599016001,-0.0001429004315008,0.0007145021575045,-0.0160647827465589,0.0
347,2011-06-10,5.971498012542725,5.397032260894775,6.0583038330078125,5.9317121505737305,40247486.0,-0.0012861227233804,-0.000258030891211,-0.0008574214288777,-0.0018577621291286,0.0100456418212249,0.0
348,2011-06-13,5.928095817565918,5.325201988220215,5.9497971534729,5.826821804046631,45017206.0,-0.0017148240178831,-0.0028380195254929,-0.0042871071443885,-0.0041442255527599,0.0068367706613572,0.0
349,2011-06-14,5.895543098449707,5.390501976013184,6.083621978759766,5.8774590492248535,77133457.0,-0.001286160403125,0.0025800074741541,0.0052874290047671,0.0020006814005018,0.0460344512024992,0.0
350,2011-06-15,5.953413963317871,5.308877944946289,6.011283874511719,5.881075859069824,46635850.0,0.0022864822635036,-0.003224971662948,-0.0028580839895072,0.0001429004315008,-0.0437143364346759,0.0
351,2011-06-16,5.837673187255859,5.214193344116211,5.870224952697754,5.761717796325684,48066266.0,-0.0045729268472626,-0.0037409957656256,-0.0055732487076412,-0.0047158461186358,0.0020503145137106,0.0
352,2011-06-17,5.801504135131836,5.18807315826416,5.83043909072876,5.73278284072876,52898782.0,-0.0014290419947536,-0.0010320105256105,-0.0015719424262545,-0.0011432222918795,0.0069267805257623,0.0
353,2011-06-20,5.75086784362793,5.230517864227295,5.801504135131836,5.696613788604736,33921685.0,-0.0020006437207572,0.0016769935542768,-0.0011432222918795,-0.0014290419947536,-0.0272011900084974,0.0
354,2011-06-21,5.808738231658936,5.315408229827881,5.906394004821777,5.783420085906982,53612778.0,0.0022864634236313,0.0033540247882982,0.0041442067128876,0.0034297233952554,0.0282246100216483,0.0
355,2011-06-22,5.895543098449707,5.308877944946289,5.935328960418701,5.8521409034729,42008445.0,0.0034296668756384,-0.0002580120513387,0.0011432222918795,0.002715164718134,-0.0166332957488111,0.0
356,2011-06-23,5.859375,5.419886589050293,6.029368877410889,5.84128999710083,45864921.0,-0.001429004315009,0.0043859599544195,0.0037155242582572,-0.000428720134375,0.0055277546633824,0.0
357,2011-06-24,5.975114822387695,5.547221660614014,6.217446804046631,5.967881202697754,89254868.0,0.004572889167518,0.005031018342575,0.0074309731570252,0.0050016281417653,0.0621938219953047,0.0
358,2011-06-27,6.14149284362793,5.579872131347656,6.3404221534729,6.12340784072876,77672416.0,0.0065736082477645,0.0012900225769493,0.004858765390009,0.0061448692735171,-0.0166019321931221,0.0
359,2011-06-28,6.293402194976807,5.563548564910889,6.293402194976807,6.072771072387695,57101190.0,0.0060019500021439,-0.0006449453489215,-0.0018577621291286,-0.0020006625606295,-0.0294861657256503,0.0
360,2011-06-29,6.195745944976807,5.429682731628418,6.210214138031006,5.996817111968994,71603210.0,-0.0038584058498858,-0.0052890492337861,-0.0032867664441376,-0.0030009467412635,0.0207867516052128,0.0
361,2011-06-30,6.036602973937988,5.573342323303223,6.2246809005737305,6.029368877410889,76264254.0,-0.0062877508651457,0.0056760013712412,0.0005715828861312,0.0012861227233804,0.0066809978091995,0.0
362,2011-07-01,6.202980041503906,5.527631759643555,6.202980041503906,6.087238788604736,68785318.0,0.0065735705680198,-0.0018060278397546,-0.0008574025890054,0.002286444583759,-0.0107200779548838,0.0
363,2011-07-04,6.145109176635742,5.730062007904053,6.351273059844972,6.137876033782959,104578316.0,-0.0022864822635036,0.0079980344738012,0.0058590684105154,0.0020006814005018,0.0513045878182404,0.0
364,2011-07-05,6.329570770263673,5.681087017059326,6.3404221534729,6.25,52686089.0,0.0072880915653967,-0.0019350056056156,-0.000428720134375,0.0044300264157617,-0.0743807299183367,0.0
365,2011-07-06,6.260849952697754,5.628846168518066,6.282551765441895,6.166810989379883,57086445.0,-0.002715164718134,-0.0020640398910934,-0.0022864634236312,-0.0032868041238822,0.0063073356088674,0.0
366,2011-07-07,6.329570770263673,5.645172119140625,6.376591205596924,6.199363231658936,93410164.0,0.002715164718134,0.0006450395482831,0.0037155054183849,0.0012861415632527,0.0520653070558825,0.0
367,2011-07-08,6.253615856170654,5.720266342163086,6.438077926635742,6.228298187255859,74540017.0,-0.0030009844210081,0.0029669784514815,0.0024293450152599,0.0011432222918794,-0.027047891151912,0.0
368,2011-07-11,6.289784908294678,5.681087017059326,6.376591205596924,6.275318145751953,44716456.0,0.0014290419947536,-0.0015479781086712,-0.0024293450152599,0.0018577621291286,-0.0427481795287768,0.0
369,2011-07-12,6.246383190155029,5.550487041473389,6.25,6.127025127410889,67777147.0,-0.0017148051780107,-0.0051600149483082,-0.0050016281417653,-0.0058590684105153,0.0330544886616876,0.0
370,2011-07-13,6.23914909362793,5.726797103881836,6.409142971038818,6.195745944976807,89660882.0,-0.0002858197028741,0.0069660239481906,0.0062877508651457,0.002715164718134,0.0313674759543361,0.0
371,2011-07-14,6.354889869689941,5.739857196807861,6.383824825286866,6.286168098449707,67593305.0,0.0045729268472626,0.0005160052628052,-0.0010003218603785,0.0035725861470117,-0.0316309894502909,0.0
372,2011-07-15,6.347655773162842,5.873721599578857,6.582754135131835,6.289784908294678,103884039.0,-0.0002858197028741,0.0052889927141692,0.0078597121312725,0.0001429004315008,0.0520180273664531,0.0
373,2011-07-18,6.510416030883789,5.857397079467773,6.557435989379883,6.434461116790773,54691791.0,0.0064306701365189,-0.0006449830286662,-0.0010003218603785,0.0057161679790145,-0.0705106626578936,0.0
374,2011-07-19,6.419993877410888,5.726797103881836,6.423611164093018,6.3223371505737305,60647342.0,-0.0035725861470117,-0.0051600149483082,-0.0052874290047671,-0.0044300264157618,0.0085365045220718,0.0
375,2011-07-20,6.398292064666748,5.726797103881836,6.416377067565918,6.286168098449707,40348106.0,-0.00085744026875,0.0,-0.0002858197028741,-0.0014290419947536,-0.0290963035844381,0.0
376,2011-07-21,6.336804866790772,5.609257221221924,6.351273059844972,6.210214138031006,52246762.00000001,-0.0024293638551322,-0.0046440096855029,-0.002572264286633,-0.0030009467412635,0.017055169328678,0.0
377,2011-07-22,6.23914909362793,5.619051933288574,6.311487197875977,6.202980041503906,33933272.0,-0.0038583870100135,0.0003869898171997,-0.0015719424262545,-0.0002858197028741,-0.0262499960456921,0.0
378,2011-07-25,6.184895038604736,5.508042812347412,6.2427659034729,6.0583038330078125,54485944.0,-0.0021435818320027,-0.0043859787942918,-0.0027151835580063,-0.0057161679790144,0.0294595709899319,0.0
379,2011-07-26,6.105323791503906,5.625582695007324,6.257233142852783,6.076387882232666,47898083.0,-0.0031438660126367,0.004644009685503,0.0005716017260035,0.0007145021575044,-0.0094428383229832,0.0
380,2011-07-27,6.166810989379883,5.609257221221924,6.271700859069824,6.1559600830078125,41493952.0,0.0024293638551322,-0.0006450207084108,0.0005716205658759,0.0031439036923813,-0.0091794853644004,0.0
381,2011-07-28,6.152342796325684,5.50151252746582,6.1559600830078125,6.047452926635742,51924627.00000001,-0.0005716394057482,-0.0042570010284309,-0.0045729268472626,-0.0042871259842608,0.0149510102937179,0.0
382,2011-07-29,6.119791030883789,5.661496639251709,6.419993877410888,6.040218830108643,86678592.0,-0.0012861227233804,0.0063209843999074,0.010431995257778,-0.0002858197028741,0.0498152697176848,0.0
383,2011-08-01,6.22106409072876,5.615787029266357,6.336804866790772,6.14149284362793,57485740.00000001,0.0040013062813867,-0.00180599016001,-0.0032868041238822,0.0040013439611313,-0.0418441405522637,0.0
384,2011-08-02,6.166810989379883,5.550487041473389,6.192129135131836,6.051070213317871,53604774.0,-0.0021435441522581,-0.0025800074741541,-0.0057161491391422,-0.003572604986884,-0.0055628578798178,0.0
385,2011-08-03,6.069155216217041,5.504777431488037,6.177661895751953,6.047452926635742,39244878.0,-0.0038583870100135,-0.00180599016001,-0.0005716017260035,-0.0001429192713732,-0.0205830354135968,0.0
386,2011-08-04,6.108940124511719,5.514572620391846,6.22106409072876,6.101706981658936,31801489.0,0.0015719047465098,0.000387008657072,0.0017148240178831,0.0021435818320028,-0.0106691259730695,0.0
387,2011-08-05,5.982348918914795,5.3219380378723145,6.011283874511719,5.891926765441895,68641562.0,-0.0050016281417653,-0.0076110069768568,-0.0082884322656476,-0.0082884322656476,0.0528054330754548,0.0
388,2011-08-08,5.866608142852783,5.223987579345703,5.971498012542725,5.696613788604736,69216209.0,-0.0045729268472626,-0.0038700300511035,-0.0015719424262545,-0.007716830539644,0.0008236814216006,0.0
389,2011-08-09,5.692996978759766,5.2337822914123535,5.870224952697754,5.624276161193848,74894481.0,-0.006859390270894,0.0003869898171997,-0.0040013062813867,-0.0028580651496349,0.0081390612901399,0.0
390,2011-08-10,5.8774590492248535,5.253373622894287,5.9317121505737305,5.815971851348877,50591391.0,0.007288110405269,0.0007740549938887,0.0024293638551322,0.0075739112682708,-0.0348353053622275,0.0
391,2011-08-11,5.725549221038818,5.364383220672607,5.960648059844971,5.714698791503906,52496280.0,-0.0060019688420162,0.0043859976341641,0.0011432599716241,-0.0040013062813867,0.0027304095897331,0.0
392,2011-08-12,5.964264869689941,5.432947635650635,6.040218830108643,5.9317121505737305,49914086.99999999,0.0094316733973994,0.002708985240015,0.0031438471727644,0.0085742142887771,-0.0037012364131148,0.0
393,2011-08-15,6.022134780883789,5.592932224273682,6.23914909362793,5.920862197875977,85301768.0,0.002286444583759,0.0063210032397797,0.0078597498110172,-0.0004286824546304,0.0507236188359628,0.0
394,2011-08-16,6.181278228759766,5.566812038421631,6.253615856170654,6.14149284362793,54692720.0,0.006287769705018,-0.0010320105256105,0.0005715828861312,0.0087171335601503,-0.0438740725532054,0.0
395,2011-08-17,6.166810989379883,5.566812038421631,6.166810989379883,6.166810989379883,0.0,-0.0005716017260035,0.0,-0.0034296668756385,0.0010003218603786,-0.0783948708699516,0.0
396,2011-08-18,6.177661895751953,5.462332725524902,6.2680840492248535,6.029368877410889,69800088.0,0.000428720134375,-0.0041279855828253,0.0040013062813867,-0.0054303482761403,0.1000493097705007,0.0
397,2011-08-19,5.9317121505737305,5.419886589050293,6.014901161193848,5.891926765441895,42979227.0,-0.0097174931002735,-0.0016770500738937,-0.010003275123403,-0.0054303482761403,-0.0384442012523041,0.0
398,2011-08-22,5.982348918914795,5.361117362976074,6.018517971038818,5.884693145751953,35409752.0,0.0020006625606295,-0.002321976582943,0.0001429004315009,-0.0002858008630018,-0.0108498537863599,0.0
399,2011-08-23,5.946179866790772,5.432947635650635,6.036602973937988,5.920862197875977,28934898.0,-0.0014290419947535,0.0028380195254929,0.0007145398372491,0.0014290419947536,-0.0092808575479842,0.0
400,2011-08-24,6.032986164093018,5.35132360458374,6.051070213317871,5.913628101348877,34617776.0,0.0034297233952554,-0.003224971662948,0.0005716017260035,-0.0002858197028741,0.0081456633895642,0.0
401,2011-08-25,5.967881202697754,5.661496639251709,6.282551765441895,5.928095817565918,128661098.0,-0.0025723019663777,0.0122549601427429,0.0091458536945253,0.0005716205658759,0.1347988193743386,0.0
402,2011-08-26,6.22106409072876,5.674556732177734,6.289784908294678,6.195745944976807,71486173.0,0.010003275123403,0.0005160052628052,0.0002857820231294,0.0105748768494066,-0.0819527875441954,0.0
403,2011-08-29,6.148725986480713,5.459067344665527,6.148725986480713,5.989583015441895,124933393.0,-0.0028580839895072,-0.0085140020568618,-0.0055732487076412,-0.0081455129942743,0.0766096092909238,0.0
404,2011-08-30,6.083621978759766,5.44600772857666,6.192129135131836,6.029368877410889,60827115.0,-0.0025722642866331,-0.0005159864229329,0.0017148616976277,0.0015719424262544,-0.0918879767867317,0.0
405,2011-08-31,6.040218830108643,5.50151252746582,6.1559600830078125,5.985966205596924,36062422.0,-0.0017148616976277,0.002192998817082,-0.0014290419947536,-0.0017148428577554,-0.0354969529741617,0.0
406,2011-09-01,6.094472885131836,5.527631759643555,6.166810989379883,6.072771072387695,31699413.0,0.0021435818320027,0.0010319728458659,0.000428720134375,0.0034296668756385,-0.0062538035621456,0.0
407,2011-09-02,6.12340784072876,5.527631759643555,6.12340784072876,6.12340784072876,0.0,0.0011432222918795,0.0,-0.0017148616976277,0.0020006625606295,-0.0454369683714444,0.0
408,2011-09-05,6.004049777984619,5.370912551879883,6.032986164093018,5.917244911193848,38233390.0,-0.0047158461186358,-0.0061919877941742,-0.0035725673071394,-0.0081455129942744,0.0548025710180532,0.0
409,2011-09-06,5.913628101348877,5.341528415679932,5.971498012542725,5.895543098449707,31382019.0,-0.0035725673071394,-0.0011609694515991,-0.0024294015348768,-0.00085744026875,-0.0098205454917424,0.0
410,2011-09-07,5.964264869689941,5.439477920532227,6.061921119689941,5.910010814666748,35962325.0,0.0020006625606295,0.0038699923713588,0.0035726238267563,0.0005716205658759,0.0065652704311444,0.0
411,2011-09-08,6.025752067565918,5.410092830657959,6.054687023162842,5.975114822387695,27859955.0,0.0024293638551322,-0.0011610071313438,-0.0002858197028741,0.0025722642866331,-0.0116136891690625,0.0
412,2011-09-09,6.022134780883789,5.38070821762085,6.101706981658936,5.920862197875977,29480769.0,-0.0001429192713732,-0.0011609882914715,0.0018577621291286,-0.0021435253123858,0.0023232251794061,0.0
413,2011-09-13,5.859375,5.393767833709717,5.978732109069824,5.844906806945801,28534140.0,-0.0064306512966466,0.0005159864229329,-0.0048587465501368,-0.0030010032608804,-0.0013568690351613,0.0
414,2011-09-14,5.982348918914795,5.361117362976074,6.000433921813965,5.844906806945801,40705312.0,0.0048587088703921,-0.0012900225769494,0.00085744026875,0.0,0.0174457854221909,0.0
415,2011-09-15,5.9497971534729,5.406826972961426,6.032986164093018,5.935328960418701,47179199.00000001,-0.0012861227233804,0.00180599016001,0.0012861415632527,0.0035725861470117,0.0092794714797811,0.0
416,2011-09-16,6.022134780883789,5.550487041473389,6.184895038604736,6.011283874511719,102169144.0,0.0028580651496349,0.0056760202111135,0.0060019311622716,0.0030009844210081,0.078820904087797,0.0
417,2011-09-19,6.080005168914795,5.419886589050293,6.083621978759766,5.989583015441895,29306437.000000004,0.0022864634236313,-0.0051600337881806,-0.0040013062813867,-0.0008574025890053,-0.1044391741076347,0.0
418,2011-09-20,5.985966205596924,5.465597152709961,6.119791030883789,5.967881202697754,21324072.0,-0.0037154865785126,0.0018060278397546,0.0014290419947536,-0.00085744026875,-0.0114416776750511,0.0
419,2011-09-21,6.054687023162842,5.570077419281006,6.22106409072876,6.007667064666748,50785629.0,0.002715164718134,0.00412802326257,0.0040013062813867,0.0015719424262544,0.0422292940750198,0.0
420,2011-09-22,6.105323791503906,5.452537059783936,6.127025127410889,6.032986164093018,43254615.0,0.0020006625606295,-0.0046440285253752,-0.0037154865785126,0.0010003595401232,-0.0107947249661343,0.0
421,2011-09-23,5.935328960418701,5.426416873931885,6.087238788604736,5.906394004821777,41972685.0,-0.0067165086792654,-0.0010320105256106,-0.0015719612661268,-0.00500166582151,-0.0018374792260161,0.0
422,2011-09-26,5.942563056945801,5.237048149108887,6.061921119689941,5.7798027992248535,54781227.0,0.0002858197028741,-0.007481972691379,-0.0010003030205062,-0.0050016281417653,0.018359372072231,0.0
423,2011-09-27,5.859375,5.279493808746338,5.895543098449707,5.754484176635742,38048574.0,-0.0032867664441376,0.0016770312340214,-0.0065736082477645,-0.0010003407002509,-0.0239840726745114,0.0
424,2011-09-28,5.888309955596924,5.223987579345703,5.888309955596924,5.75086784362793,26736564.000000004,0.0011432222918795,-0.002193055336699,-0.0002857820231294,-0.0001428815916285,-0.0162142889077303,0.0
425,2011-09-29,5.75086784362793,5.237048149108887,5.8340559005737305,5.729166030883789,31285824.0,-0.0054303482761403,0.0005160241026776,-0.0021435818320027,-0.00085744026875,0.0065207700449682,0.0
426,2011-09-30,5.815971851348877,5.237048149108887,5.866608142852783,5.787036895751953,39271346.0,0.0025722642866331,0.0,0.0012861415632527,0.0022864822635036,0.0114462028222249,0.0
427,2011-10-10,5.768951892852783,5.060738563537598,5.801504135131836,5.588107109069824,57965674.0,-0.0018577621291286,-0.0069660051083183,-0.0025722642866331,-0.0078597309711449,0.0267958775785976,0.0
428,2011-10-11,5.787036895751953,5.109713554382324,5.819589138031006,5.620658874511719,59346172.00000001,0.0007145398372491,0.0019350056056156,0.0007145398372491,0.0012861227233804,0.001978763580349,0.0
429,2011-10-12,5.624276161193848,5.341528415679932,5.9317121505737305,5.602574825286865,75886131.0,-0.0064306889763912,0.0091590227652727,0.0044299887360171,-0.0007145021575044,0.0237078709926895,0.0
430,2011-10-13,5.8774590492248535,5.338263034820557,5.942563056945801,5.866608142852783,40107560.0,0.010003275123403,-0.0001290154456055,0.000428720134375,0.0104319764179057,-0.0512839085980071,0.0
431,2011-10-14,5.891926765441895,5.341528415679932,5.938945770263672,5.83043909072876,24040649.0,0.0005716205658759,0.0001290154456055,-0.0001429192713732,-0.0014290419947536,-0.0230298184680521,0.0
432,2011-10-17,5.960648059844971,5.40029764175415,6.043836116790772,5.938945770263672,32380002.0,0.0027151835580062,0.002321976582943,0.00414422555276,0.0042871071443885,0.0119533733479326,0.0
433,2011-10-18,5.935328960418701,5.230517864227295,5.946179866790772,5.783420085906982,38157770.0,-0.0010003595401232,-0.0067080118968518,-0.0038584058498858,-0.0061448315937725,0.0082816758112695,0.0
434,2011-10-19,5.826821804046631,5.243579387664795,5.888309955596924,5.790653228759766,22774829.0,-0.0042871259842608,0.0005160617824222,-0.002286444583759,0.0002857820231294,-0.0220494368042965,0.0
435,2011-10-20,5.787036895751953,5.158688545227051,5.797886848449707,5.678530216217041,25563078.0,-0.0015719047465098,-0.0033540436281705,-0.0035726238267563,-0.0044299887360171,0.0039965907767664,0.0
436,2011-10-21,5.75086784362793,5.2337822914123535,5.8521409034729,5.703847885131836,38935713.0,-0.0014290419947536,0.0029669596116092,0.0021435818320027,0.0010003030205062,0.0191679257132575,0.0
437,2011-10-24,5.823205947875977,5.397032260894775,6.029368877410889,5.761717796325684,66518433.0,0.0028580839895072,0.0064500186853853,0.0070022907023949,0.002286444583759,0.039536226624714,0.0
438,2011-10-25,5.975114822387695,5.432947635650635,6.065537929534912,5.9317121505737305,55178136.0,0.0060019311622716,0.0014190191826826,0.0014290419947536,0.0067164898393931,-0.0162548346277511,0.0
439,2011-10-26,6.022134780883789,5.468862056732178,6.12340784072876,6.004049777984619,67505835.0,0.0018577621291286,0.001418981502938,0.002286444583759,0.0028580651496349,0.0176701464331748,0.0
440,2011-10-27,6.065537929534912,5.459067344665527,6.12340784072876,6.007667064666748,40504588.0,0.0017148616976277,-0.0003869898171997,0.0,0.0001429192713731,-0.0387027610236365,0.0
441,2011-10-28,6.148725986480713,5.560283184051514,6.22106409072876,6.105323791503906,78785044.0,0.0032867664441376,0.003999045496709,0.0038584058498858,0.0038584246897581,0.0548700339819058,0.0
442,2011-10-31,6.159576892852783,5.511307239532471,6.177661895751953,6.014901161193848,39195729.0,0.000428720134375,-0.0019350432853602,-0.0017148240178831,-0.003572604986884,-0.0567461124123071,0.0
443,2011-11-01,6.061921119689941,5.50151252746582,6.188511848449707,6.032986164093018,49575559.00000001,-0.0038583870100135,-0.0003869898171997,0.0004286824546303,0.0007145398372491,0.0148781306269289,0.0
444,2011-11-02,6.018517971038818,5.589666843414307,6.192129135131836,6.011283874511719,52723193.0,-0.0017148616976277,0.0034829837142868,0.0001429192713732,-0.0008574591086223,0.0045117222360831,0.0
445,2011-11-03,6.188511848449707,5.511307239532471,6.217446804046631,6.069155216217041,72528683.0,0.0067164709995207,-0.0030959938970871,0.0010003030205062,0.0022865011033759,0.0283885831801036,0.0
446,2011-11-04,6.148725986480713,5.543958187103272,6.166810989379883,6.087238788604736,36881447.0,-0.0015719424262545,0.0012900414168217,-0.0020006248808848,0.0007144833176321,-0.0510956570287725,0.0
447,2011-11-07,6.094472885131836,5.459067344665527,6.119791030883789,6.011283874511719,35825498.0,-0.0021435441522581,-0.0033540436281705,-0.0018577621291286,-0.0030009844210081,-0.0015135649772082,0.0
448,2011-11-08,6.054687023162842,5.465597152709961,6.101706981658936,6.025752067565918,26737081.0,-0.0015719424262545,0.0002579932114664,-0.0007145021575044,0.0005716394057482,-0.0130270587589586,0.0
449,2011-11-09,6.072771072387695,5.530897617340088,6.134259223937988,6.032986164093018,31395006.0,0.0007145021575045,0.0025800263140264,0.0012861415632526,0.0002858197028741,0.0066765271300626,0.0
450,2011-11-10,6.069155216217041,5.4786577224731445,6.137876033782959,6.040218830108643,43804562.00000001,-0.0001428627517562,-0.0020640022113488,0.0001429004315008,0.0002857631832571,0.0177874777515807,0.0
451,2011-11-11,6.065537929534912,5.410092830657959,6.090856075286865,5.971498012542725,45693094.0,-0.0001429192713731,-0.0027090040798873,-0.0018577621291286,-0.002715164718134,0.0027069639665712,0.0
452,2011-11-14,6.032986164093018,5.462332725524902,6.094472885131836,5.993199825286865,49559186.0,-0.0012861227233804,0.0020640022113488,0.0001429004315008,0.00085744026875,0.0055415379434658,0.0
453,2011-11-15,6.032986164093018,5.377442359924316,6.047452926635742,5.924479007720947,60020739.0,0.0,-0.0033540247882982,-0.0018577621291286,-0.002715164718134,0.0149952698738361,0.0
454,2011-11-16,5.957030773162842,5.2337822914123535,5.960648059844971,5.776185989379883,55094725.0,-0.0030010032608804,-0.0056760202111135,-0.0034296668756385,-0.0058590684105153,-0.0070607976972725,0.0
455,2011-11-17,5.815971851348877,5.217458248138428,5.8340559005737305,5.7653350830078125,30307356.0,-0.0055732487076412,-0.0006449641887939,-0.0050016658215099,-0.000428720134375,-0.0355294560585182,0.0
456,2011-11-18,5.747251033782959,5.207662582397461,5.815971851348877,5.736400127410889,39776804.0,-0.002715164718134,-0.0003870274969443,-0.0007145021575044,-0.0011432222918795,0.0135732169321569,0.0
457,2011-11-21,5.776185989379883,5.207662582397461,5.776185989379883,5.714698791503906,37804926.0,0.0011432222918795,0.0,-0.0015719424262545,-0.0008574214288777,-0.0028264295720033,0.0
458,2011-11-22,5.75086784362793,5.240313529968262,5.83043909072876,5.7219319343566895,36721606.0,-0.0010003218603786,0.0012900414168217,0.0021435441522581,0.0002857820231294,-0.001552797730865,0.0
459,2011-11-23,5.823205947875977,5.145627975463867,5.837673187255859,5.685762882232666,52239284.0,0.0028580839895072,-0.0037410334453703,0.0002858197028741,-0.0014290419947536,0.0222425646962061,0.0
460,2011-11-24,5.682146072387695,5.17174768447876,5.758100986480713,5.638743877410889,33582347.0,-0.0055732863873859,0.0010319916857382,-0.0031439036923813,-0.001857724449384,-0.0267422824636226,0.0
461,2011-11-25,5.689380168914795,5.155424118041992,5.736400127410889,5.674912929534912,23352319.0,0.0002858197028741,-0.0006449453489215,-0.0008574025890054,0.0014290419947536,-0.0146634090251131,0.0
462,2011-11-28,5.7219319343566895,5.152158260345459,5.758100986480713,5.682146072387695,27131604.0,0.0012861227233804,-0.0001290342854778,0.0008574025890054,0.0002857820231294,0.0054171114465644,0.0
463,2011-11-29,5.7653350830078125,5.210927486419678,5.790653228759766,5.714698791503906,43267709.0,0.0017148616976277,0.002321976582943,0.0012861415632527,0.001286160403125,0.0231289990298339,0.0
464,2011-11-30,5.768951892852783,5.064003467559815,5.772569179534912,5.598958015441895,52989379.0,0.0001429004315008,-0.0058049791371021,-0.0007145021575044,-0.0045729268472626,0.0139347442272076,0.0
465,2011-12-01,5.761717796325684,5.184807777404785,5.884693145751953,5.73278284072876,113863416.0,-0.0002858197028741,0.0047729874513638,0.0044300264157617,0.0052874290047671,0.0872549814664119,0.0
466,2011-12-02,5.718315124511719,5.207662582397461,5.794270038604736,5.692996978759766,50280691.0,-0.0017148428577554,0.000902995080005,-0.0035726238267563,-0.0015719424262545,-0.0911375319408989,0.0
467,2011-12-05,5.7653350830078125,5.207662582397461,5.801504135131836,5.678530216217041,31378093.0,0.0018577621291286,0.0,0.0002858197028741,-0.0005715828861312,-0.0270944054220855,0.0
468,2011-12-06,5.768951892852783,5.207662582397461,5.768951892852783,5.768951892852783,0.0,0.0001429004315008,0.0,-0.0012861415632527,0.0035725673071394,-0.0449763981180737,0.0
469,2011-12-07,5.75086784362793,5.240313529968262,5.84128999710083,5.736400127410889,41091640.0,-0.0007145021575045,0.0012900414168217,0.0028580839895072,-0.0012861227233804,0.0588994990857016,0.0
470,2011-12-08,5.805120944976807,5.204397678375244,5.8340559005737305,5.718315124511719,51716156.0,0.0021435441522581,-0.0014190380225549,-0.0002858197028741,-0.0007145398372491,0.0152288560502336,0.0
471,2011-12-09,5.743634223937988,5.175012588500977,5.772569179534912,5.711081981658936,24015757.0,-0.0024293450152599,-0.0011610071313438,-0.0024293450152599,-0.0002857820231294,-0.0397049041015172,0.0
472,2011-12-12,5.736400127410889,5.17174768447876,5.772569179534912,5.685762882232666,23868888.0,-0.0002858197028741,-0.0001289966057332,0.0,-0.0010003595401232,-0.0002105175293859,0.0
473,2011-12-13,5.714698791503906,5.119509220123291,5.761717796325684,5.656827926635742,52532426.99999999,-0.0008574214288777,-0.0020639456917319,-0.0004287389742473,-0.0011432222918794,0.041085439498727,0.0
474,2011-12-14,5.671296119689941,5.093389511108398,5.700231075286865,5.606192111968994,23481739.0,-0.0017148428577554,-0.0010319916857382,-0.0024293450152599,-0.0020006248808849,-0.041640367025872,0.0
475,2011-12-15,5.609808921813965,4.913813591003418,5.635127067565918,5.432580947875977,53287790.0,-0.0024293638551322,-0.0070950582336685,-0.0025722642866331,-0.0068593902708939,0.0427230812307047,0.0
476,2011-12-16,5.454281806945801,4.988908767700195,5.566405773162842,5.400028228759766,43511780.0,-0.0061448881133895,0.0029670161312261,-0.0027151835580063,-0.001286160403125,-0.0140126335200252,0.0
477,2011-12-19,5.4868340492248535,5.011763572692871,5.591723918914795,5.432580947875977,35417278.0,0.0012861415632527,0.000902995080005,0.0010003218603786,0.001286160403125,-0.0116024114186781,0.0
478,2011-12-20,5.533854007720947,5.0052337646484375,5.631509780883789,5.523003101348877,26165378.0,0.0018577621291286,-0.0002579932114664,0.0015719424262545,0.0035725861470117,-0.0132613902874405,0.0
479,2011-12-21,5.595341205596924,5.008498191833496,5.649593830108643,5.537470817565918,40534326.0,0.0024293638551322,0.0001289777658609,0.0007145021575045,0.0005716205658758,0.0205960102733425,0.0
480,2011-12-22,5.537470817565918,5.044413089752197,5.627892971038818,5.497684955596924,30371145.000000004,-0.0022864634236313,0.0014190003428103,-0.0008574025890054,-0.0015719424262545,-0.0145675925812968,0.0
481,2011-12-23,5.580873012542725,5.034618854522705,5.645977973937988,5.555554866790772,27500152.0,0.0017148240178831,-0.0003869709773273,0.0007145398372491,0.002286444583759,-0.0041151934938239,0.0
482,2011-12-26,5.570023059844971,5.034618854522705,5.617042064666748,5.548320770263672,20397707.0,-0.0004286824546303,0.0,-0.0011432599716241,-0.0002858197028741,-0.0101804272787298,0.0
483,2011-12-27,5.573639869689941,5.054209232330322,5.645977973937988,5.570023059844971,38374746.0,0.0001429004315008,0.000774017314144,0.0011432599716241,0.0008574591086223,0.0257677374800354,0.0
484,2011-12-28,5.577256202697754,4.995439052581787,5.627892971038818,5.4615159034729,31291823.0,0.0001428815916285,-0.0023220142626876,-0.0007145398372491,-0.0042871259842608,-0.0101524450414389,0.0
485,2011-12-29,5.515769004821777,4.998703956604004,5.577256202697754,5.501301765441895,35553329.0,-0.0024293638551322,0.0001289966057332,-0.0020006625606295,0.0015719424262545,0.0061083122686442,0.0
486,2011-12-30,5.551938056945801,5.090123653411865,5.638743877410889,5.533854007720947,72296025.0,0.0014290419947536,0.0036119991598924,0.0024293826950045,0.0012861415632526,0.052665855864069,0.0
487,2012-01-04,5.638743877410889,4.949728488922119,5.638743877410889,5.479599952697754,40894427.0,0.0034297045553831,-0.0055470236053803,0.0,-0.0021435818320027,-0.045010089465657,0.0
488,2012-01-05,5.483216762542725,5.024823188781738,5.624276161193848,5.472365856170654,67483252.0,-0.0061448881133895,0.0029669972913538,-0.0005716205658758,-0.0002858197028741,0.0381116079518214,0.0
489,2012-01-06,5.551938056945801,5.011763572692871,5.609808921813965,5.479599952697754,36813629.0,0.0027151835580063,-0.0005159864229329,-0.0005716017260035,0.0002858197028741,-0.0439608989041886,0.0
490,2012-01-09,5.555554866790772,5.152158260345459,5.718315124511719,5.515769004821777,61140416.0,0.0001429004315009,0.005547004765508,0.0042870883045162,0.0014290419947536,0.0348692719167344,0.0
491,2012-01-10,5.707465171813965,5.152158260345459,5.707465171813965,5.707465171813965,0.0,0.0060019876818885,0.0,-0.0004286824546304,0.0075739301081431,-0.0876368009719597,0.0
492,2012-01-11,5.707465171813965,5.152158260345459,5.707465171813965,5.707465171813965,0.0,0.0,0.0,0.0,0.0,0.0,0.0
493,2012-01-12,5.707465171813965,5.152158260345459,5.707465171813965,5.707465171813965,0.0,0.0,0.0,0.0,0.0,0.0,0.0
494,2012-01-13,5.707465171813965,5.152158260345459,5.707465171813965,5.707465171813965,0.0,0.0,0.0,0.0,0.0,0.0,0.0
495,2012-01-16,5.707465171813965,5.152158260345459,5.707465171813965,5.707465171813965,0.0,0.0,0.0,0.0,0.0,0.0,0.0
496,2012-01-17,5.707465171813965,5.152158260345459,5.707465171813965,5.707465171813965,0.0,0.0,0.0,0.0,0.0,0.0,0.0
497,2012-01-18,5.707465171813965,5.152158260345459,5.707465171813965,5.707465171813965,0.0,0.0,0.0,0.0,0.0,0.0,0.0
498,2012-01-19,5.707465171813965,5.152158260345459,5.707465171813965,5.707465171813965,0.0,0.0,0.0,0.0,0.0,0.0,0.0
499,2012-01-20,6.051070213317871,5.4786577224731445,6.127025127410889,5.902777194976807,162204086.0,0.0135758612704147,0.0129000185308983,0.0165768456914229,0.0077167928598994,0.232498372297968,0.0
500,2012-01-30,6.080005168914795,5.455802440643311,6.127025127410889,6.014901161193848,92064646.0,0.0011432222918795,-0.0009030139198772,0.0,0.0044300264157617,-0.1005357265407666,0.0
501,2012-01-31,6.047452926635742,5.432947635650635,6.076387882232666,5.967881202697754,47904437.0,-0.0012861415632527,-0.000902995080005,-0.0020006814005018,-0.0018577621291286,-0.0632978919707243,0.0
502,2012-02-01,5.996817111968994,5.370912551879883,6.076387882232666,5.942563056945801,51192757.0,-0.0020006248808848,-0.0024510108684208,0.0,-0.0010003218603786,0.0047133772425119,0.0
503,2012-02-02,5.967881202697754,5.524367809295654,6.134259223937988,5.9497971534729,67633494.0,-0.0011432599716241,0.0060630288681856,0.0022865011033759,0.0002858197028741,0.0235656492147736,0.0
504,2012-02-03,6.098090171813965,5.547221660614014,6.163194179534912,6.040218830108643,63580573.0,0.0051445662530108,0.0009029574002603,0.0011432222918794,0.0035725673071394,-0.0058093329137975,0.0
505,2012-02-06,6.148725986480713,5.4949822425842285,6.1559600830078125,6.065537929534912,43630797.0,0.0020006248808848,-0.0020639833714765,-0.0002858197028741,0.0010003595401232,-0.0285953983163474,0.0
506,2012-02-07,6.054687023162842,5.416622638702393,6.069155216217041,5.982348918914795,33754436.0,-0.0037154865785126,-0.0030959938970871,-0.0034296668756385,-0.0032868041238822,-0.0141564735719859,0.0
507,2012-02-08,5.996817111968994,5.517837047576904,6.152342796325684,5.996817111968994,47629920.0,-0.002286444583759,0.0039989889770921,0.0032867476042653,0.0005716394057482,0.0198886940791768,0.0
508,2012-02-09,6.1125569343566895,5.517837047576904,6.1125569343566895,6.1125569343566895,0.0,0.004572889167518,0.0,-0.0015719424262545,0.004572889167518,-0.0682712695208087,0.0
509,2012-02-10,6.076387882232666,5.5211029052734375,6.14149284362793,6.076387882232666,50352114.0,-0.0014290419947536,0.0001290342854778,0.0011432599716241,-0.0014290419947536,0.0721731790823181,0.0
510,2012-02-13,6.072771072387695,5.44600772857666,6.080005168914795,5.996817111968994,59461690.0,-0.0001429004315008,-0.0029670161312261,-0.0024293826950045,-0.0031438471727644,0.0130573874219459,0.0
511,2012-02-14,6.022134780883789,5.419886589050293,6.047452926635742,5.964264869689941,30010919.0,-0.0020006437207572,-0.0010320482053552,-0.0012861415632527,-0.0012861415632527,-0.0422138337527465,0.0
512,2012-02-15,6.000433921813965,5.426416873931885,6.061921119689941,5.9497971534729,55657035.00000001,-0.0008574025890054,0.0002580120513388,0.0005716394057482,-0.0005716205658759,0.0367603577246807,0.0
513,2012-02-16,6.011283874511719,5.370912551879883,6.036602973937988,5.917244911193848,75670411.0,0.0004286824546304,-0.0021929799772097,-0.0010003218603786,-0.0012861415632527,0.0286865606097445,0.0
514,2012-02-17,5.982348918914795,5.370912551879883,5.993199825286865,5.9317121505737305,41662901.0,-0.0011432222918795,0.0,-0.0017148616976277,0.0005716017260035,-0.0487453239674053,0.0
515,2012-02-20,6.054687023162842,5.370912551879883,6.0583038330078125,5.946179866790772,61988410.99999999,0.0028580839895072,0.0,0.0025722642866331,0.0005716205658759,0.0291339639318708,0.0
516,2012-02-21,5.960648059844971,5.383973598480225,5.982348918914795,5.910010814666748,41545234.0,-0.0037154865785126,0.0005160429425499,-0.0030009844210081,-0.0014290419947536,-0.0293026242082413,0.0
517,2012-02-22,5.964264869689941,5.426416873931885,6.022134780883789,5.946179866790772,87754132.0,0.0001429004315009,0.0016769370346598,0.0015719424262545,0.0014290419947536,0.0662344200791762,0.0
518,2012-02-23,6.011283874511719,5.429682731628418,6.061921119689941,6.000433921813965,62558468.0,0.001857724449384,0.0001290342854778,0.0015719612661268,0.0021435818320026,-0.0361146936148483,0.0
519,2012-02-24,6.036602973937988,5.508042812347412,6.101706981658936,5.978732109069824,100667653.0,0.0010003595401232,0.0030960127369594,0.0015719424262545,-0.00085744026875,0.054624539372591,0.0
520,2012-02-27,6.1125569343566895,5.524367809295654,6.217446804046631,6.061921119689941,123757178.0,0.0030009467412635,0.0006450018685385,0.0045728891675179,0.0032868041238822,0.0330958184347664,0.0
521,2012-02-28,6.12340784072876,5.632112503051758,6.3223371505737305,6.1125569343566895,127220015.0,0.000428720134375,0.0042570010284309,0.0041442255527599,0.0020006248808849,0.0049635245688766,0.0
522,2012-02-29,6.246383190155029,5.583137035369873,6.246383190155029,6.1559600830078125,72721046.0,0.004858765390009,-0.0019350244454879,-0.0030009467412635,0.0017148616976277,-0.0781171541166812,0.0
523,2012-03-01,6.177661895751953,5.625582695007324,6.307869911193848,6.1704277992248535,80627459.0,-0.0027151835580063,0.0016770312340214,0.0024293450152599,0.0005716205658759,0.0113328104029111,0.0
524,2012-03-02,6.23191499710083,5.7072062492370605,6.329570770263673,6.228298187255859,80448264.0,0.0021435441522581,0.0032249528230757,0.0008574025890054,0.0022864634236313,-0.0002568526283852,0.0
525,2012-03-05,6.3404221534729,5.63864278793335,6.430843830108643,6.228298187255859,96883375.0,0.0042871259842608,-0.0027089475602704,0.0040013062813867,0.0,0.0235575850785684,0.0
526,2012-03-06,6.2246809005737305,5.534162998199463,6.257233142852783,6.1125569343566895,91618322.0,-0.0045729456871349,-0.0041280044226977,-0.0068593714310216,-0.0045729456871349,-0.0075467658229185,0.0
527,2012-03-07,6.076387882232666,5.48518705368042,6.159576892852783,6.0583038330078125,55675137.0,-0.0058590684105153,-0.0019350432853602,-0.0038584058498858,-0.0021435441522581,-0.0515198612672725,0.0
528,2012-03-08,6.119791030883789,5.560283184051514,6.206596851348877,6.094472885131836,79842640.0,0.0017148616976277,0.0029670538109708,0.0018577621291286,0.0014290419947536,0.0346409591063338,0.0
529,2012-03-09,6.1125569343566895,5.508042812347412,6.127025127410889,6.025752067565918,146682714.0,-0.0002858197028741,-0.0020640210512211,-0.003143884852509,-0.002715164718134,0.0958065162999391,0.0
530,2012-03-12,6.105323791503906,5.452537059783936,6.105323791503906,6.018517971038818,74828723.0,-0.0002857820231294,-0.0021930364968266,-0.0008574214288777,-0.0002858197028741,-0.1029933114669678,0.0
531,2012-03-13,6.0583038330078125,5.50151252746582,6.105323791503906,6.032986164093018,65672451.0,-0.0018577621291286,0.0019350244454878,0.0,0.0005716394057482,-0.0131243200391231,0.0
532,2012-03-14,6.119791030883789,5.38070821762085,6.163194179534912,5.946179866790772,121641260.0,0.0024293638551322,-0.0047729874513639,0.0022864634236313,-0.0034297233952554,0.080223977785343,0.0
533,2012-03-15,5.964264869689941,5.305613040924072,5.996817111968994,5.8774590492248535,71345307.0,-0.0061448504336448,-0.0029670161312261,-0.0065735705680198,-0.002715164718134,-0.0720926796238357,0.0
534,2012-03-16,5.884693145751953,5.354587078094482,5.935328960418701,5.844906806945801,46411458.00000001,-0.003143884852509,0.0019349679258709,-0.0024294015348768,-0.0012861415632527,-0.0357394160072103,0.0
535,2012-03-19,5.910010814666748,5.338263034820557,5.9317121505737305,5.859375,46300651.0,0.0010003030205062,-0.0006449641887938,-0.0001429004315008,0.0005716394057482,-0.0001588273623342,0.0
536,2012-03-20,5.902777194976807,5.246843338012695,5.906394004821777,5.805120944976807,56136631.0,-0.0002858008630018,-0.0036119991598924,-0.0010003218603786,-0.0021435818320027,0.0140985926825256,0.0
537,2012-03-21,5.859375,5.256638526916504,5.866608142852783,5.794270038604736,41583706.0,-0.0017148240178831,0.000387008657072,-0.0015719424262544,-0.000428720134375,-0.0208597172741653,0.0
538,2012-03-22,5.826821804046631,5.286023616790772,5.888309955596924,5.776185989379883,49597329.0,-0.0012861792429973,0.0011610071313438,0.00085744026875,-0.0007145021575044,0.0114864819355386,0.0
539,2012-03-23,5.826821804046631,5.227252006530762,5.8340559005737305,5.772569179534912,32905568.0,0.0,-0.0023220707823046,-0.0021435818320027,-0.0001429004315008,-0.0239254593332914,0.0
540,2012-03-26,5.794270038604736,5.237048149108887,5.815971851348877,5.7798027992248535,22798875.0,-0.0012861227233804,0.0003870463368166,-0.0007145021575044,0.0002858008630017,-0.0144866244110229,0.0
541,2012-03-27,5.826821804046631,5.246843338012695,5.844906806945801,5.805120944976807,30747122.0,0.0012861227233804,0.000387008657072,0.0011432222918794,0.0010003218603786,0.0113927739780994,0.0
542,2012-03-28,5.808738231658936,5.152158260345459,5.823205947875977,5.700231075286865,56535451.0,-0.0007144833176321,-0.0037410146054979,-0.0008574025890053,-0.0041442067128876,0.0369642014861727,0.0
543,2012-03-29,5.707465171813965,5.083592891693115,5.707465171813965,5.591723918914795,52217627.00000001,-0.0040013062813868,-0.0027090229197597,-0.0045729268472626,-0.0042871259842608,-0.0061890367661213,0.0
544,2012-03-30,5.653211116790772,5.129303455352783,5.689380168914795,5.638743877410889,29393268.0,-0.0021435818320026,0.0018060278397546,-0.0007145398372491,0.0018577621291286,-0.0327157376062923,0.0
545,2012-04-05,5.682146072387695,5.139098644256592,5.711081981658936,5.588107109069824,50814961.0,0.0011432222918794,0.000387008657072,0.00085744026875,-0.0020006625606295,0.0307051990932384,0.0
546,2012-04-06,5.678530216217041,5.220723628997803,5.790653228759766,5.653211116790772,53602709.0,-0.0001428627517562,0.0032250093426926,0.0031438660126366,0.0025722642866331,0.0039958726587005,0.0
547,2012-04-09,5.75086784362793,5.14236307144165,5.75086784362793,5.678530216217041,25767145.0,0.0028580651496349,-0.0030960315768317,-0.0015719235863822,0.0010003595401232,-0.0398986454755271,0.0
548,2012-04-10,5.685762882232666,5.184807777404785,5.747251033782959,5.635127067565918,54466145.0,-0.0025723019663777,0.0016769935542768,-0.0001429004315008,-0.0017148616976277,0.0411362682107736,0.0
549,2012-04-11,5.671296119689941,5.168482780456543,5.7653350830078125,5.664062023162842,29070116.0,-0.0005715828861312,-0.0006450018685385,0.0007145021575045,0.0011432222918795,-0.0364018906732842,0.0
550,2012-04-12,5.729166030883789,5.331732749938965,5.910010814666748,5.696613788604736,76247505.0,0.002286444583759,0.0064500186853853,0.0057161491391421,0.0012861227233804,0.0676226254360082,0.0
551,2012-04-13,5.913628101348877,5.3219380378723145,6.007667064666748,5.859375,93379657.0,0.0072881104052689,-0.0003869898171997,0.0038584058498858,0.0064307078162635,0.0245567023136604,0.0
552,2012-04-16,5.855758190155029,5.2827582359313965,5.913628101348877,5.815971851348877,36957958.0,-0.002286444583759,-0.0015479969485435,-0.0037154865785126,-0.0017148616976277,-0.0808731364497556,0.0
553,2012-04-17,5.837673187255859,5.220723628997803,5.870224952697754,5.7798027992248535,32887625.0,-0.0007145398372491,-0.0024509920285485,-0.0017148616976277,-0.0014290419947536,-0.0058342907416691,0.0
554,2012-04-18,5.794270038604736,5.308877944946289,5.906394004821777,5.794270038604736,44126456.00000001,-0.0017148616976277,0.0034829837142868,0.0014290419947536,0.0005716017260035,0.0161093963689172,0.0
555,2012-04-19,5.895543098449707,5.341528415679932,5.920862197875977,5.859375,37986101.0,0.0040013062813867,0.0012900225769494,0.0005716394057482,0.0025723019663777,-0.0088013969193827,0.0
556,2012-04-20,5.895543098449707,5.413358211517334,6.004049777984619,5.8774590492248535,71352540.0,0.0,0.0028380006856206,0.0032867476042653,0.0007145021575045,0.0478264324172415,0.0
557,2012-04-23,5.982348918914795,5.361117362976074,6.011283874511719,5.913628101348877,54571932.00000001,0.0034297045553831,-0.0020640398910934,0.0002858197028741,0.0014290419947536,-0.0240528099037545,0.0
558,2012-04-24,5.9317121505737305,5.472127914428711,6.192129135131836,5.924479007720947,132168562.0,-0.0020006625606295,0.0043860353139088,0.0071452099737681,0.000428720134375,0.1112246344448294,0.0
559,2012-04-25,6.011283874511719,5.504777431488037,6.098090171813965,5.996817111968994,57763210.0,0.003143884852509,0.0012899848972047,-0.0037154865785126,0.0028580839895072,-0.1066503542349565,0.0
560,2012-04-26,6.105323791503906,5.413358211517334,6.116174221038818,5.953413963317871,78358418.0,0.0037155242582572,-0.0036119803200201,0.0007145021575044,-0.0017148616976277,0.0295205407904341,0.0
561,2012-04-27,6.014901161193848,5.406826972961426,6.0583038330078125,5.957030773162842,46066284.0,-0.003572604986884,-0.0002580497310834,-0.0022864634236313,0.0001429004315009,-0.0462865565114548,0.0
562,2012-05-02,6.047452926635742,5.4786577224731445,6.127025127410889,6.018517971038818,72208862.0,0.0012861227233804,0.0028380383653652,0.0027151835580063,0.0024293638551322,0.0374719711602867,0.0
563,2012-05-03,6.069155216217041,5.429682731628418,6.090856075286865,6.007667064666748,44647950.0,0.0008574591086223,-0.0019350056056156,-0.0014290419947536,-0.000428720134375,-0.0395049677049907,0.0
564,2012-05-04,6.007667064666748,5.455802440643311,6.051070213317871,5.993199825286865,38788919.0,-0.0024294015348768,0.0010319916857383,-0.0015719424262545,-0.0005716017260035,-0.0083981557082559,0.0
565,2012-05-07,6.007667064666748,5.419886589050293,6.054687023162842,5.960648059844971,70704490.0,0.0,-0.0014190380225549,0.0001429004315008,-0.0012861227233804,0.0457468026327045,0.0
566,2012-05-08,5.989583015441895,5.40029764175415,5.996817111968994,5.9497971534729,48419934.0,-0.0007145021575044,-0.0007739607945271,-0.002286444583759,-0.000428720134375,-0.0319420005078227,0.0
567,2012-05-09,5.9497971534729,5.276227951049805,5.957030773162842,5.83043909072876,59077347.0,-0.0015719424262545,-0.0049020028969694,-0.0015719612661268,-0.0047158461186358,0.0152760096031563,0.0
568,2012-05-10,5.844906806945801,5.266433238983154,5.881075859069824,5.812355041503906,35784347.0,-0.0041442255527599,-0.0003869898171997,-0.0030009844210081,-0.0007145021575044,-0.0333874732720146,0.0
569,2012-05-11,5.8340559005737305,5.230517864227295,5.859375,5.790653228759766,44933474.0,-0.000428720134375,-0.0014190191826826,-0.0008574025890054,-0.00085744026875,0.0131140786148099,0.0
570,2012-05-14,5.837673187255859,5.204397678375244,5.844906806945801,5.75086784362793,57220300.0,0.0001429192713732,-0.0010320105256105,-0.0005716394057482,-0.0015719235863822,0.0176115603259732,0.0
571,2012-05-15,5.75086784362793,5.230517864227295,5.808738231658936,5.714698791503906,37174057.0,-0.0034296857155108,0.0010320105256105,-0.0014290231548812,-0.0014290419947536,-0.0287336711615855,0.0
572,2012-05-16,5.787036895751953,5.145627975463867,5.787036895751953,5.696613788604736,41556356.0,0.0014290419947536,-0.0033540059484259,-0.0008574214288777,-0.0007145398372491,0.0062814532577373,0.0
573,2012-05-17,5.714698791503906,5.204397678375244,5.776185989379883,5.700231075286865,36879664.0,-0.0028580839895072,0.0023219954228153,-0.000428720134375,0.0001429192713731,-0.0067034271734617,0.0
574,2012-05-18,5.714698791503906,5.132567405700684,5.754484176635742,5.664062023162842,43646013.99999999,0.0,-0.0028380195254929,-0.00085744026875,-0.0014290419947536,0.009698678992577,0.0
575,2012-05-21,5.685762882232666,5.148892879486084,5.729166030883789,5.678530216217041,23692912.0,-0.0011432599716241,0.0006450207084108,-0.0010003218603786,0.0005716394057482,-0.0286001657029486,0.0
576,2012-05-22,5.725549221038818,5.214193344116211,5.783420085906982,5.725549221038818,31407845.0,0.0015719612661268,0.0025800263140264,0.0021435818320027,0.001857724449384,0.0110583488315323,0.0
577,2012-05-23,5.776185989379883,5.214193344116211,5.776185989379883,5.776185989379883,0.0,0.0020006625606295,0.0,-0.0002858197028741,0.0020006625606295,-0.0450190437242553,0.0
578,2012-05-24,5.743634223937988,5.129303455352783,5.754484176635742,5.6676788330078125,53657507.0,-0.0012861227233804,-0.0033540059484259,-0.00085744026875,-0.0042871259842608,0.0769110282404774,0.0
579,2012-05-25,5.685762882232666,5.099917888641357,5.700231075286865,5.642361164093018,27351950.0,-0.0022865011033759,-0.0011610259712161,-0.0021435441522581,-0.0010003030205062,-0.0377055802705945,0.0
580,2012-05-28,5.649593830108643,5.161952972412109,5.718315124511719,5.613424777984619,37933711.0,-0.0014290419947536,0.0024510108684209,0.0007145021575045,-0.0011432788114964,0.0151675723418343,0.0
581,2012-05-29,5.714698791503906,5.2011332511901855,5.772569179534912,5.660445213317871,79296844.0,0.0025723019663777,0.0015480157884158,0.0021435818320027,0.0018577809690009,0.0592886488423255,0.0
582,2012-05-30,5.736400127410889,5.126039028167725,5.743634223937988,5.642361164093018,60030977.0,0.0008574214288777,-0.0029669784514815,-0.0011432222918795,-0.0007145021575044,-0.0276151040881247,0.0
583,2012-05-31,5.6676788330078125,5.122773170471191,5.703847885131836,5.627892971038818,42370913.0,-0.0027151835580063,-0.0001290342854778,-0.0015719612661268,-0.0005716394057482,-0.0253133952166774,0.0
584,2012-06-01,5.678530216217041,5.152158260345459,5.743634223937988,5.660445213317871,43781448.0,0.0004287389742473,0.0011610071313438,0.0015719612661268,0.0012861415632527,0.0020218176968076,0.0
585,2012-06-04,5.645977973937988,5.02808952331543,5.656827926635742,5.562788963317871,47493151.0,-0.0012861415632527,-0.0049019652172248,-0.0034297233952554,-0.0038584058498858,0.0053202414762442,0.0
586,2012-06-05,5.584489822387695,4.982378482818604,5.591723918914795,5.519385814666748,68053912.0,-0.0024294015348768,-0.0018060466796269,-0.0025722642866331,-0.0017148616976277,0.0294711655149522,0.0
587,2012-06-06,5.533854007720947,5.001967906951904,5.551938056945801,5.515769004821777,52216026.0,-0.0020006248808848,0.0007739796343994,-0.0015719424262545,-0.0001429004315008,-0.0227015410428118,0.0
588,2012-06-07,5.580873012542725,4.966053009033203,5.598958015441895,5.4868340492248535,36302509.0,0.001857724449384,-0.0014190003428103,0.0018577621291286,-0.0011432222918795,-0.0228099482033766,0.0
589,2012-06-08,5.515769004821777,4.835454940795898,5.523003101348877,5.34215784072876,109916625.0,-0.0025722642866331,-0.005159939588819,-0.0030009844210081,-0.0057161679790145,0.1055162207698874,0.0
590,2012-06-11,5.371092796325684,4.828923225402832,5.400028228759766,5.324073791503906,73407958.0,-0.0057161679790145,-0.0002580685709557,-0.0048587465501367,-0.0007145021575044,-0.0523304058583859,0.0
591,2012-06-12,5.316840171813965,4.744034290313721,5.345775127410889,5.226417064666748,82433993.0,-0.0021435253123857,-0.0033539682686813,-0.0021435441522581,-0.0038584246897581,0.0129376423094822,0.0
592,2012-06-13,5.273437023162842,4.845249176025391,5.392795085906982,5.244502067565918,71917043.0,-0.0017148616976277,0.0039990078169644,0.0018577621291286,0.0007145398372491,-0.0150746742381022,0.0
593,2012-06-14,5.338541030883789,4.779948711395264,5.356626033782959,5.284287929534912,36074623.0,0.0025722642866331,-0.0025800263140264,-0.0014290419947536,0.0015719424262545,-0.0513754278003831,0.0
594,2012-06-15,5.320456981658936,4.949728488922119,5.551938056945801,5.320456981658936,116937650.0,-0.0007145021575044,0.0067080118968518,0.0077167928598994,0.0014290419947536,0.1159065879301378,0.0
595,2012-06-18,5.475983142852783,4.966053009033203,5.508534908294678,5.447048187255859,54945796.00000001,0.0061448504336448,0.0006449830286662,-0.0017148616976277,0.0050016281417653,-0.0888572261412285,0.0
596,2012-06-19,5.479599952697754,4.979114055633545,5.5591721534729,5.465133190155029,41451153.0,0.0001429004315008,0.0005160429425499,0.0020006814005018,0.0007145398372491,-0.0193428082461632,0.0
597,2012-06-20,5.544703960418701,4.972583293914795,5.606192111968994,5.497684955596924,39732147.0,0.0025722642866331,-0.0002580308912111,0.0018577621291286,0.0012861227233804,-0.0024639705868472,0.0
598,2012-06-21,5.504918098449707,4.864838123321533,5.508534908294678,5.3747100830078125,40043416.0,-0.0015719424262545,-0.0042570198683032,-0.0038584435296304,-0.0048587465501367,0.0004461634576012,0.0
599,2012-06-25,5.381944179534912,4.822393894195557,5.447048187255859,5.34215784072876,45441793.0,-0.0048587088703921,-0.0016769747144044,-0.0024293450152599,-0.0012861415632527,0.0077378683638757,0.0
600,2012-06-26,5.356626033782959,4.864838123321533,5.428964138031006,5.349391937255859,37303685.0,-0.0010003218603786,0.0016769747144044,-0.0007145021575044,0.0002858197028741,-0.0116649149244308,0.0
601,2012-06-27,5.392795085906982,4.851778984069824,5.410879135131836,5.353009223937988,22609519.0,0.0014290419947536,-0.0005159675830606,-0.0007145398372491,0.0001429192713732,-0.0210621678006073,0.0
602,2012-06-28,5.3747100830078125,4.809333801269531,5.410879135131836,5.320456981658936,27882225.0,-0.0007145398372491,-0.0016770123941491,0.0,-0.0012861415632526,0.0075577353988834,0.0
603,2012-06-29,5.34215784072876,4.949728488922119,5.508534908294678,5.316840171813965,51025647.0,-0.0012861415632527,0.005547004765508,0.0038583870100135,-0.0001429004315009,0.0331730727449429,0.0
604,2012-07-02,5.508534908294678,4.946463584899902,5.508534908294678,5.425346851348877,43032760.0,0.0065735705680199,-0.0001289966057332,0.0,0.0042871071443885,-0.0114567595878046,0.0
605,2012-07-03,5.465133190155029,4.939932823181152,5.526619911193848,5.432580947875977,34208303.0,-0.0017148051780108,-0.0002580308912111,0.0007145398372491,0.0002858197028741,-0.0126487065739725,0.0
606,2012-07-04,5.472365856170654,4.988908767700195,5.598958015441895,5.472365856170654,54651688.0,0.0002857631832571,0.0019350432853602,0.0028580839895072,0.0015719047465098,0.029302922349075,0.0
607,2012-07-05,5.508534908294678,4.959523677825928,5.544703960418701,5.479599952697754,28448879.0,0.0014290419947536,-0.0011610071313438,-0.0021435818320028,0.0002858197028741,-0.0375583044321987,0.0
608,2012-07-06,5.407261848449707,4.943199157714844,5.497684955596924,5.334924221038818,45744859.99999999,-0.0040013062813867,-0.0006449830286662,-0.001857724449384,-0.0057161491391421,0.0247915297879523,0.0
609,2012-07-09,5.447048187255859,4.802803993225098,5.447048187255859,5.320456981658936,44500075.0,0.0015719612661268,-0.0055470236053803,-0.0020006625606295,-0.0005716017260035,-0.0017842367199117,0.0
610,2012-07-10,5.324073791503906,4.868103981018066,5.436196804046631,5.320456981658936,34203310.0,-0.0048587277102644,0.0025800074741541,-0.0004287389742473,0.0,-0.0147590677982963,0.0
611,2012-07-11,5.3747100830078125,4.851778984069824,5.414495944976807,5.345775127410889,20858870.0,0.0020006437207572,-0.0006450018685385,-0.0008574025890053,0.0010003218603785,-0.0191275118632208,0.0
612,2012-07-12,5.36024284362793,4.858308792114258,5.403645038604736,5.298755168914795,53839188.0,-0.0005716017260035,0.0002579932114664,-0.000428720134375,-0.0018577621291286,0.0472729783938326,0.0
613,2012-07-13,5.353009223937988,4.890958309173584,5.475983142852783,5.334924221038818,30606349.0,-0.0002858008630018,0.0012899848972047,0.0028580839895072,0.0014290419947536,-0.0333012403359601,0.0
614,2012-07-16,5.425346851348877,4.848513126373291,5.45066499710083,5.371092796325684,30026463.0,0.0028580651496349,-0.0016770123941491,-0.0010003218603786,0.0014290231548813,-0.0008311908438507,0.0
615,2012-07-17,5.371092796325684,4.907283782958984,5.43981409072876,5.36024284362793,25325888.0,-0.0021435818320027,0.0023220331025599,-0.000428720134375,-0.0004286824546303,-0.0067376603346756,0.0
616,2012-07-18,5.418113231658936,4.900753974914551,5.436196804046631,5.371092796325684,20905310.0,0.0018577809690009,-0.0002579932114664,-0.0001429192713732,0.0004286824546303,-0.0063363212047334,0.0
617,2012-07-19,5.421730041503906,4.904018878936768,5.4615159034729,5.381944179534912,37674193.0,0.0001429004315008,0.0001289966057332,0.0010003595401232,0.0004287389742473,0.0240360036476212,0.0
618,2012-07-20,5.378326892852783,4.848513126373291,5.410879135131836,5.36024284362793,29509824.0,-0.0017148616976277,-0.0021930364968267,-0.0020006625606295,-0.0008574214288777,-0.0117025566380614,0.0
619,2012-07-23,5.338541030883789,4.835454940795898,5.356626033782959,5.302371978759766,41608534.0,-0.0015719424262545,-0.000515929903316,-0.0021435441522581,-0.0022864822635036,0.0173419206092326,0.0
620,2012-07-24,5.334924221038818,4.832189559936523,5.414495944976807,5.3313069343566895,27908803.000000004,-0.0001429004315008,-0.0001290154456055,0.002286444583759,0.0011432222918794,-0.0196367751082424,0.0
621,2012-07-25,5.353009223937988,4.779948711395264,5.378326892852783,5.287905216217041,27206997.0,0.0007145398372491,-0.0020640398910934,-0.0014290419947536,-0.0017148051780107,-0.0010059472402498,0.0
622,2012-07-26,5.295137882232666,4.783214092254639,5.356626033782959,5.284287929534912,20156246.0,-0.0022865011033759,0.0001290154456055,-0.0008574025890054,-0.0001429192713732,-0.0101063306813261,0.0
623,2012-07-27,5.324073791503906,4.815864086151123,5.403645038604736,5.298755168914795,30318962.0,0.0011432599716241,0.001290003737077,0.001857724449384,0.0005716017260035,0.014566926064529,0.0
624,2012-07-30,5.338541030883789,4.848513126373291,5.45066499710083,5.338541030883789,32742506.0,0.0005716017260035,0.0012899660573324,0.0018577621291286,0.0015719424262545,0.0034738337922788,0.0
625,2012-07-31,5.385560989379883,4.930139064788818,5.472365856170654,5.3747100830078125,42338679.0,0.0018577621291286,0.0032250470224373,0.0008574025890054,0.0014290419947536,0.0137548606684896,0.0
626,2012-08-01,5.454281806945801,4.949728488922119,5.504918098449707,5.425346851348877,33693871.0,0.002715164718134,0.0007739796343994,0.0012861415632527,0.0020006625606295,-0.0123912031958828,0.0
627,2012-08-02,5.483216762542725,4.949728488922119,5.497684955596924,5.447048187255859,24628094.0,0.0011432222918794,0.0,-0.0002857820231294,0.0008574214288777,-0.0129946072759002,0.0
628,2012-08-03,5.479599952697754,4.946463584899902,5.494068145751953,5.436196804046631,26096153.000000004,-0.0001429004315008,-0.0001289966057332,-0.0001429004315008,-0.0004287389742473,0.0021042708377727,0.0
629,2012-08-06,5.472365856170654,4.930139064788818,5.504918098449707,5.4615159034729,42387759.0,-0.0002858197028741,-0.0006449830286662,0.0004286824546303,0.0010003595401232,0.0233518894038206,0.0
630,2012-08-07,5.45789909362793,4.884428977966309,5.479599952697754,5.403645038604736,44188631.0,-0.0005715828861312,-0.0018060089998823,-0.0010003218603786,-0.0022864822635036,0.0025813148055776,0.0
631,2012-08-08,5.407261848449707,4.910547733306885,5.4434309005737305,5.403645038604736,32497931.0,-0.0020006814005018,0.0010319540059936,-0.0014290419947536,0.0,-0.0167570915631795,0.0
632,2012-08-09,5.436196804046631,4.910547733306885,5.43981409072876,5.392795085906982,23708359.0,0.0011432222918794,0.0,-0.0001429004315008,-0.0004286824546303,-0.0125987034826964,0.0
633,2012-08-10,5.45066499710083,4.923608303070068,5.4868340492248535,5.45066499710083,29168134.0,0.0005716394057482,0.0005160241026776,0.0018577621291286,0.002286444583759,0.0078258743778694,0.0
634,2012-08-13,5.4615159034729,4.907283782958984,5.4868340492248535,5.432580947875977,29857252.0,0.000428720134375,-0.0006449830286662,0.0,-0.0007145021575044,0.0009877606493909,0.0
635,2012-08-14,5.436196804046631,4.982378482818604,5.533854007720947,5.403645038604736,49868758.00000001,-0.0010003595401232,0.0029669972913539,0.0018577621291286,-0.0011432599716241,0.0286838802089795,0.0
636,2012-08-15,5.483216762542725,4.930139064788818,5.512152194976807,5.428964138031006,32110981.0,0.0018577621291286,-0.0020639833714765,-0.00085744026875,0.0010003595401232,-0.0254534540401793,0.0
637,2012-08-16,5.436196804046631,4.868103981018066,5.43981409072876,5.3747100830078125,40591684.0,-0.0018577621291286,-0.0024510108684209,-0.0028580839895072,-0.0021435818320027,0.0121559801116384,0.0
638,2012-08-17,5.392795085906982,4.917078495025635,5.4615159034729,5.381944179534912,28753085.0,-0.0017148051780107,0.0019349867657433,0.00085744026875,0.0002858197028741,-0.0169690854630403,0.0
639,2012-08-20,5.421730041503906,4.848513126373291,5.425346851348877,5.327690124511719,43074212.0,0.0011432222918795,-0.0027090229197596,-0.0014290419947536,-0.0021435818320027,0.0205274651155981,0.0
640,2012-08-21,5.371092796325684,4.828923225402832,5.381944179534912,5.3313069343566895,36003150.0,-0.0020006814005018,-0.0007739984742717,-0.0017148428577554,0.0001429004315008,-0.0101354438470681,0.0
641,2012-08-22,5.353009223937988,4.789743423461914,5.356626033782959,5.284287929534912,34610504.0,-0.0007144833176321,-0.0015479969485435,-0.0010003218603786,-0.001857724449384,-0.0019961761517356,0.0
642,2012-08-23,5.309606075286865,4.7734198570251465,5.3313069343566895,5.258968830108643,36298799.0,-0.0017148616976277,-0.0006449453489215,-0.0010003595401232,-0.0010003595401232,0.0024199503794176,0.0
643,2012-08-24,5.2770538330078125,4.691794395446777,5.280671119689941,5.193864822387695,52027757.0,-0.0012861415632527,-0.0032250281825649,-0.0020006248808848,-0.0025722642866331,0.022545406981567,0.0
644,2012-08-27,5.193864822387695,4.606904029846191,5.197482109069824,5.081740856170654,46382080.0,-0.0032868041238822,-0.0033540247882982,-0.0032868041238822,-0.0044300264157617,-0.0080923406147738,0.0
645,2012-08-28,5.110676765441895,4.691794395446777,5.230033874511719,5.074508190155029,43990450.0,-0.0032867664441376,0.0033540247882982,0.0012861227233804,-0.0002857631832571,-0.0034280892414694,0.0
646,2012-08-29,5.172163963317871,4.662408828735352,5.179398059844971,5.132378101348877,19210839.0,0.0024293638551322,-0.0011610259712161,-0.0020006248808848,0.002286444583759,-0.035518335978767,0.0
647,2012-08-30,5.121527194976807,4.662408828735352,5.197482109069824,5.117909908294678,24848147.0,-0.0020006625606295,0.0,0.0007145021575044,-0.0005716394057482,0.0080803447463235,0.0
648,2012-08-31,5.1504621505737305,4.6330246925354,5.219183921813965,5.132378101348877,23671993.0,0.0011432222918794,-0.0011609694515991,0.00085744026875,0.0005716394057482,-0.0016858631450982,0.0
649,2012-09-03,5.143229007720947,4.639554977416992,5.172163963317871,5.128760814666748,27960405.0,-0.0002857820231294,0.0002580120513387,-0.0018577621291286,-0.0001429192713732,0.0061468785055332,0.0
650,2012-09-04,5.139612197875977,4.528544425964356,5.154078960418701,4.9985527992248535,57440323.0,-0.0001429004315008,-0.0043860353139087,-0.0007145398372491,-0.0051445285732662,0.0422556121704453,0.0
651,2012-09-05,5.009403228759766,4.446919918060303,5.016636848449707,4.897280216217041,47607140.0,-0.0051445662530109,-0.0032249905028204,-0.0054303482761403,-0.0040012874415144,-0.0140945835483333,0.0
652,2012-09-06,4.929831981658936,4.482834815979004,4.973234176635742,4.904512882232666,28632373.0,-0.0031438660126366,0.0014190003428103,-0.0017148428577554,0.0002857631832571,-0.0271978502578116,0.0
653,2012-09-07,4.991319179534912,4.639554977416992,5.208333015441895,4.976850986480713,77894847.0,0.0024293638551322,0.0061920254739188,0.0092887729658985,0.0028580839895072,0.0706113224568891,0.0
654,2012-09-10,5.135994911193848,4.593843936920166,5.146845817565918,5.045571804046631,65464372.99999999,0.0057161491391421,-0.0018060466796269,-0.0024293638551322,0.002715164718134,-0.0178174609725442,0.0
655,2012-09-11,5.06727409362793,4.577519416809082,5.081740856170654,5.031105041503906,24174543.0,-0.002715164718134,-0.0006449830286662,-0.0025723019663777,-0.0005715828861312,-0.0591835785657077,0.0
656,2012-09-12,5.092591762542725,4.564458847045898,5.117909908294678,5.013020038604736,33855752.0,0.0010003030205062,-0.0005160241026775,0.0014290419947536,-0.0007145398372491,0.0138767486681959,0.0
657,2012-09-13,5.04918909072876,4.535074234008789,5.074508190155029,5.023870944976807,22793721.0,-0.0017148428577554,-0.0011609882914715,-0.0017148051780107,0.000428720134375,-0.0158559766602283,0.0
658,2012-09-14,5.056423187255859,4.587314128875732,5.114293098449707,5.013020038604736,42376860.0,0.0002858197028741,0.0020640022113488,0.0015719047465098,-0.000428720134375,0.0280698720621924,0.0
659,2012-09-17,5.0708909034729,4.4763054847717285,5.0708909034729,4.947916030883789,31716231.0,0.0005716205658759,-0.0043859599544195,-0.0017148240178831,-0.0025722642866331,-0.0152806193191243,0.0
660,2012-09-18,4.947916030883789,4.411005020141602,4.947916030883789,4.879195213317871,33869336.0,-0.0048587465501367,-0.0025800263140264,-0.0048587465501367,-0.002715164718134,0.0030861948069952,0.0
661,2012-09-19,4.890046119689941,4.355500221252441,4.908130168914795,4.7779221534729,50968006.0,-0.002286444583759,-0.002192998817082,-0.0015719424262545,-0.0040013062813867,0.0245087102396427,0.0
662,2012-09-20,4.814091205596924,4.24775505065918,4.814091205596924,4.701966762542725,50138582.99999999,-0.0030009844210081,-0.0042570198683032,-0.0037154865785126,-0.0030010032608804,-0.001188869542081,0.0
663,2012-09-21,4.701966762542725,4.205310821533203,4.712818145751953,4.640480041503906,43549078.0,-0.004430045255634,-0.0016769747144044,-0.0040013062813867,-0.0024293450152599,-0.0094451947822653,0.0
664,2012-09-24,4.636863231658936,4.2151055335998535,4.701966762542725,4.553674221038818,49505474.00000001,-0.0025722454467607,0.0003869898171997,-0.0004287389742473,-0.0034297045553831,0.008537715719209,0.0
665,2012-09-25,4.65856409072876,4.159600257873535,4.65856409072876,4.5934600830078125,27323395.0,0.0008574025890053,-0.0021930176569544,-0.0017148428577554,0.0015719424262545,-0.0317951131125324,0.0
666,2012-09-26,4.611545085906982,4.126951217651367,4.626011848449707,4.557291030883789,19571784.0,-0.001857724449384,-0.0012899660573324,-0.0012861415632527,-0.0014290419947536,-0.0111109219541302,0.0
667,2012-09-27,4.571759223937988,4.25428581237793,4.796006202697754,4.568141937255859,59550222.0,-0.0015719424262545,0.0050309995027027,0.0067164898393931,0.000428720134375,0.0573038694106339,0.0
668,2012-09-28,4.683883190155029,4.286935806274414,4.756220817565918,4.6621809005737305,41736790.0,0.0044300264157617,0.001290003737077,-0.0015719235863821,0.0037154865785126,-0.0255332282137488,0.0
669,2012-10-08,4.752604007720947,4.231431484222412,4.785155773162842,4.665798187255859,29413692.000000004,0.002715164718134,-0.0021929799772097,0.0011432222918794,0.0001429192713732,-0.0176635515005974,0.0
670,2012-10-09,4.701966762542725,4.339175224304199,4.821324825286865,4.701966762542725,45568269.0,-0.0020006814005018,0.0042569633486863,0.0014290419947536,0.0014290231548813,0.0231554762292621,0.0
671,2012-10-10,4.806857109069824,4.339175224304199,4.810473918914795,4.774304866790772,27583187.0,0.0041442255527599,0.0,-0.000428720134375,0.0028580839895072,-0.0257792660700636,0.0
672,2012-10-11,4.810473918914795,4.316320896148682,4.810473918914795,4.767070770263672,26472379.0,0.0001429004315008,-0.0009029762401327,0.0,-0.0002858197028741,-0.0015921981887408,0.0
673,2012-10-12,4.799623012542725,4.339175224304199,4.857493877410889,4.7779221534729,28049421.0,-0.000428720134375,0.0009029762401327,0.0018577621291286,0.0004287389742473,0.0022604837343341,0.0
674,2012-10-15,4.810473918914795,4.277139663696289,4.814091205596924,4.720051765441895,24639753.0,0.000428720134375,-0.0024510297082932,-0.0017148428577554,-0.0022864634236313,-0.0048873137516182,0.0
675,2012-10-16,4.748987197875977,4.316320896148682,4.828558921813965,4.727284908294678,34932277.0,-0.0024293450152599,0.0015480534681605,0.0005716205658758,0.0002857820231294,0.0147529888787004,0.0
676,2012-10-17,4.799623012542725,4.3620285987854,4.839408874511719,4.785155773162842,33697697.0,0.0020006248808848,0.0018059148005208,0.0004286824546303,0.0022864822635036,-0.0017696091852558,0.0
677,2012-10-18,4.839408874511719,4.411005020141602,4.904512882232666,4.828558921813965,44009751.0,0.0015719424262545,0.0019350621252325,0.0025722642866331,0.0017148616976277,0.0147809825829464,0.0
678,2012-10-19,4.853877067565918,4.41758394241333,4.868343830108643,4.832174777984619,27845160.000000004,0.0005716394057482,0.0002599337183148,-0.0014290419947536,0.0001428627517562,-0.023169829990364,0.0
679,2012-10-22,4.839408874511719,4.430741310119629,4.8864288330078125,4.806857109069824,37073015.0,-0.0005716394057482,0.0005198485967573,0.0007145398372491,-0.0010003030205062,0.0132269249203849,0.0
680,2012-10-23,4.875577926635742,4.374821662902832,4.882812023162842,4.799623012542725,32295131.0,0.0014290419947536,-0.0022093895059951,-0.0001429004315008,-0.0002858197028741,-0.0068484726890819,0.0
681,2012-10-24,4.799623012542725,4.371532440185547,4.846642971038818,4.785155773162842,24870161.0,-0.0030009844210081,-0.0001299574392212,-0.0014290419947536,-0.0005716017260035,-0.0106427247422191,0.0
682,2012-10-25,4.817708015441895,4.345218658447266,4.824942111968994,4.770688056945801,34111422.0,0.0007145398372491,-0.00103965951377,-0.0008574025890053,-0.0005716205658758,0.013246140670468,0.0
683,2012-10-26,4.799623012542725,4.253116607666016,4.810473918914795,4.665798187255859,47383172.0,-0.0007145398372491,-0.0036389590171735,-0.0005716394057482,-0.0041442067128876,0.0190233202420409,0.0
684,2012-10-29,4.665798187255859,4.256405830383301,4.720051765441895,4.654946804046631,35843400.0,-0.0052874290047671,0.0001299574392212,-0.0035725861470117,-0.0004287389742473,-0.0165407559874272,0.0
685,2012-10-30,4.6802659034729,4.305746555328369,4.752604007720947,4.673031806945801,39514980.0,0.0005716205658758,0.0019494557876803,0.0012861415632526,0.0007145398372491,0.0052627303960873,0.0
686,2012-10-31,4.745369911193848,4.328771591186523,4.7779221534729,4.723668098449707,20770684.0,0.0025722642866331,0.000909720914421,0.0010003218603786,0.0020006437207572,-0.0268675001804289,0.0
687,2012-11-01,4.7598371505737305,4.40113639831543,4.8864288330078125,4.756220817565918,38155193.0,0.0005716017260036,0.0028591390223568,0.0042871071443885,0.001286160403125,0.0249184231135791,0.0
688,2012-11-02,4.839408874511719,4.450478076934815,4.908130168914795,4.835792064666748,45159405.0,0.003143884852509,0.001949493467425,0.0008574214288777,0.0031438660126367,0.0100396231031436,0.0
689,2012-11-05,4.897280216217041,4.4767913818359375,4.958766937255859,4.882812023162842,40574725.0,0.0022865011033759,0.0010396406738976,0.0020006625606295,0.0018577621291286,-0.0065715399888696,0.0
690,2012-11-06,4.915363788604736,4.466922760009766,4.926215171813965,4.839408874511719,35992014.0,0.0007144833176321,-0.0003899099974083,-0.0012861227233804,-0.0017148616976277,-0.0065687176845347,0.0
691,2012-11-07,4.8864288330078125,4.45705509185791,4.929831981658936,4.857493877410889,24376920.0,-0.0011432222918795,-0.0003898723176637,0.0001429004315009,0.0007145398372491,-0.0166487202368496,0.0
692,2012-11-08,4.861111164093018,4.40113639831543,4.893662929534912,4.839408874511719,23425644.0,-0.0010003030205062,-0.0022093518262505,-0.0014290419947536,-0.0007145398372491,-0.0013635299027308,0.0
693,2012-11-09,4.835792064666748,4.414294242858887,4.861111164093018,4.821324825286865,17188968.0,-0.0010003595401232,0.0005198674366296,-0.0012861227233804,-0.0007145021575044,-0.0089394604926894,0.0
694,2012-11-12,4.843026161193848,4.480081558227539,4.929831981658936,4.839408874511719,40186102.0,0.0002858197028741,0.0025992618236589,0.002715164718134,0.0007145021575044,0.0329633880031743,0.0
695,2012-11-13,4.922597885131836,4.414294242858887,4.922597885131836,4.839408874511719,27630122.0,0.003143884852509,-0.0025992618236589,-0.0002858197028741,0.0,-0.0179973574315867,0.0
696,2012-11-14,4.882812023162842,4.40113639831543,4.882812023162842,4.821324825286865,20808929.0,-0.0015719424262545,-0.0005198674366296,-0.0015719424262545,-0.0007145021575044,-0.0097772892701993,0.0
697,2012-11-15,4.810473918914795,4.3254828453063965,4.843026161193848,4.738135814666748,21156166.0,-0.0028580839895072,-0.0029890776217057,-0.0015719424262545,-0.0032868041238822,0.00049771888793,0.0
698,2012-11-16,4.738135814666748,4.309035301208496,4.756220817565918,4.673031806945801,40796993.0,-0.0028580839895072,-0.0006498437157232,-0.0034296857155108,-0.0025722642866331,0.0281525602757379,0.0
699,2012-11-19,4.709200859069824,4.305746555328369,4.741753101348877,4.67664909362793,27197155.000000004,-0.0011432222918794,-0.0001299385993489,-0.0005716205658759,0.0001429192713732,-0.0194935915394637,0.0
700,2012-11-20,4.734519004821777,4.302456855773926,4.741753101348877,4.673031806945801,22051508.000000004,0.0010003218603786,-0.0001299762790935,0.0,-0.0001429192713732,-0.0073756129171735,0.0
701,2012-11-21,4.716434955596924,4.36166524887085,4.810473918914795,4.698349952697754,29839621.0,-0.0007145021575044,0.0023393281053441,0.002715164718134,0.0010003218603786,0.0111632428037148,0.0
702,2012-11-22,4.788773059844971,4.3254828453063965,4.796006202697754,4.741753101348877,13433903.0,0.0028580839895072,-0.0014295695111784,-0.0005716205658759,0.0017148616976277,-0.0235154540519988,0.0
703,2012-11-23,4.770688056945801,4.36166524887085,4.821324825286865,4.752604007720947,22206367.0,-0.0007145398372491,0.0014295695111784,0.0010003407002509,0.000428720134375,0.0125741813991203,0.0
704,2012-11-26,4.788773059844971,4.318903923034668,4.792389869689941,4.738135814666748,15862467.0,0.0007145398372491,-0.0016895032294932,-0.0011432222918795,-0.0005716394057482,-0.0090931520924884,0.0
705,2012-11-27,4.730902194976807,4.335350036621094,4.770688056945801,4.723668098449707,24538274.0,-0.0022864822635036,0.0006497871961062,-0.00085744026875,-0.0005716205658758,0.0124356362136975,0.0
706,2012-11-28,4.745369911193848,4.305746555328369,4.770688056945801,4.730902194976807,19944197.0,0.0005716205658758,-0.0011696357928635,0.0,0.0002858197028741,-0.006585009361056,0.0
707,2012-11-29,4.734519004821777,4.190619468688965,4.738135814666748,4.6079277992248535,56671272.00000001,-0.000428720134375,-0.0045486799315946,-0.0012861415632527,-0.0048587277102644,0.0526434652007804,0.0
708,2012-11-30,4.5934600830078125,4.210354804992676,4.65856409072876,4.5934600830078125,26720730.0,-0.0055732487076412,0.0007797446353275,-0.003143884852509,-0.0005716205658759,-0.0429301902076741,0.0
709,2012-12-03,4.633245944976807,4.131411552429199,4.640480041503906,4.521121978759766,38908430.0,0.0015719424262545,-0.0031190539007993,-0.0007145021575045,-0.0028580839895072,0.017469476151519,0.0
710,2012-12-04,4.542823791503906,4.177462100982666,4.618778228759766,4.513887882232666,32327164.0,-0.0035725861470117,0.0018194606687144,-0.00085744026875,-0.0002858197028741,-0.0094333852518361,0.0
711,2012-12-05,4.57899284362793,4.404426097869873,4.871961116790772,4.568141937255859,111245579.0,0.0014290419947536,0.0089673647442234,0.010003275123403,0.0021435818320027,0.113119240608005,0.0
712,2012-12-06,4.828558921813965,4.443897724151611,4.904512882232666,4.814091205596924,99813493.0,0.0098603746919021,0.0015595269503996,0.0012861227233803,0.0097174742604012,-0.0163864021709686,0.0
713,2012-12-07,4.8864288330078125,4.611654758453369,5.074508190155029,4.875577926635742,126231879.0,0.002286444583759,0.0066280931584963,0.0067165275191377,0.0024293450152599,0.0378673059058415,0.0
714,2012-12-10,5.117909908294678,4.7103352546691895,5.215567111968994,5.016636848449707,133212048.0,0.009145834854653,0.003898873895616,0.0055732487076412,0.0055732487076412,0.0100051606028268,0.0
715,2012-12-11,5.135994911193848,4.64125919342041,5.197482109069824,5.0962090492248535,72073644.0,0.0007145398372491,-0.0027292004230078,-0.0007145398372491,0.0031439036923813,-0.0876339170327409,0.0
716,2012-12-12,5.110676765441895,4.684020042419434,5.204716205596924,5.0962090492248535,62870592.0,-0.0010003218603785,0.0016894843896209,0.0002858197028741,0.0,-0.0131913730593294,0.0
717,2012-12-13,5.132378101348877,4.624812126159668,5.143229007720947,5.081740856170654,52434224.0,0.0008574214288776,-0.0023393092654718,-0.0024293638551322,-0.0005716394057482,-0.0149591704656724,0.0
718,2012-12-14,5.078125,4.993218421936035,5.497684955596924,5.0708909034729,214033594.0,-0.0021435441522581,0.0145557607092051,0.0140045814047898,-0.0004286824546303,0.2316315908920882,0.0
719,2012-12-17,5.497684955596924,5.006375789642334,5.5410871505737305,5.425346851348877,134861419.0,0.0165768456914229,0.0005198485967573,0.0017148240178831,0.0140045814047898,-0.1134829724251822,0.0
720,2012-12-18,5.479599952697754,5.016243934631348,5.595341205596924,5.43981409072876,113807324.0,-0.0007145398372491,0.000389891157536,0.0021435818320027,0.0005716017260035,-0.0301782953710968,0.0
721,2012-12-19,5.497684955596924,4.993218421936035,5.548320770263672,5.475983142852783,75085382.0,0.0007145398372491,-0.0009097397542933,-0.0018577809690009,0.0014290419947536,-0.0555028465017602,0.0
722,2012-12-20,5.4615159034729,4.970193386077881,5.479599952697754,5.345775127410889,81140073.0,-0.0014290419947536,-0.000909720914421,-0.002715164718134,-0.0051445285732662,0.0086786087636975,0.0
723,2012-12-21,5.454281806945801,4.89124870300293,5.475983142852783,5.371092796325684,67812694.0,-0.0002858197028741,-0.0031191104204162,-0.0001429004315008,0.0010003030205062,-0.0191030571480062,0.0
724,2012-12-24,5.367475986480713,4.907695293426514,5.501301765441895,5.36024284362793,60211355.0,-0.0034297045553831,0.0006498060359785,0.0010003407002509,-0.0004286824546303,-0.0108955266686997,0.0
725,2012-12-25,5.385560989379883,5.068872928619385,5.635127067565918,5.353009223937988,124383226.0,0.0007145398372491,0.0063681406003091,0.0052874478446394,-0.0002858008630018,0.0919819957853292,0.0
726,2012-12-26,5.570023059844971,5.055716037750244,5.588107109069824,5.515769004821777,85159804.0,0.007288110405269,-0.000519829756885,-0.0018577621291286,0.0064306512966466,-0.0562216525849805,0.0
727,2012-12-27,5.580873012542725,5.091898918151856,5.627892971038818,5.523003101348877,78418105.0,0.0004286824546303,0.0014295883510507,0.0015719424262545,0.0002858197028741,-0.0096633450036692,0.0
728,2012-12-28,5.588107109069824,5.131370544433594,5.707465171813965,5.5591721534729,67004687.0,0.0002858197028741,0.0015595269503996,0.0031439036923813,0.0014290419947536,-0.0163596440311394,0.0
729,2012-12-31,5.682146072387695,5.269522666931152,5.84852409362793,5.660445213317871,104698604.0,0.0037154865785126,0.0054584008460157,0.0055732487076412,0.0040013062813867,0.0540293069314832,0.0
730,2013-01-04,5.902777194976807,5.259654521942139,5.9497971534729,5.758100986480713,122716026.0,0.0087171524000226,-0.000389891157536,0.0040013062813867,0.0038583870100135,0.0258256212362344,0.0
731,2013-01-07,5.7798027992248535,5.361624240875244,5.913628101348877,5.743634223937988,98750154.0,-0.0048587277102644,0.0040288313348373,-0.0014290419947536,-0.0005715828861312,-0.0343519474022463,0.0
732,2013-01-08,5.895543098449707,5.26294469833374,5.920862197875977,5.736400127410889,86394227.0,0.0045729080073903,-0.0038988362158714,0.0002858197028741,-0.0002858197028741,-0.0177106075844015,0.0
733,2013-01-09,5.772569179534912,5.216893672943115,5.794270038604736,5.714698791503906,69487483.0,-0.0048587088703921,-0.0018194795085867,-0.0050016658215099,-0.0008574214288777,-0.0242336093855147,0.0
734,2013-01-10,5.736400127410889,5.220183372497559,5.823205947875977,5.711081981658936,66363569.0,-0.0014290419947536,0.0001299762790935,0.0011432599716241,-0.0001429004315008,-0.0044777227140802,0.0
735,2013-01-11,5.740016937255859,5.111633777618408,5.801504135131836,5.588107109069824,69470728.0,0.0001429004315008,-0.0042888027328968,-0.00085744026875,-0.0048587465501368,0.0044537066098999,0.0
736,2013-01-14,5.602574825286865,5.621481895446777,6.181278228759766,5.602574825286865,259862418.0,-0.0054303482761403,0.0201441378343144,0.0150049032651684,0.0005716205658759,0.27290162113462,0.0
737,2013-01-15,6.192129135131836,5.79252815246582,6.481481075286865,6.181278228759766,272074133.0,0.023293335530816,0.0067580505977175,0.0118610372525316,0.022864615396441,0.0175038985174928,0.0
738,2013-01-16,6.369357109069824,5.861603736877441,6.477863788604736,6.228298187255859,188753155.00000003,0.0070022907023948,0.0027291815831355,-0.0001429192713732,0.0018577621291286,-0.1194297396631229,0.0
739,2013-01-17,6.401908874511719,5.83528995513916,6.61168909072876,6.315104007720947,186837464.0,0.0012861227233804,-0.00103965951377,0.0052874478446394,0.0034297045553831,-0.0027458928459168,0.0
740,2013-01-18,6.463396072387695,6.029360294342041,6.662325859069823,6.365739822387694,183960847.00000003,0.0024293638551322,0.007667733832394,0.0020006625606295,0.0020006248808848,-0.0041232547632903,0.0
741,2013-01-21,6.618923187255859,6.479999542236328,7.12528896331787,6.506799221038819,216245077.00000003,0.0061448881133894,0.017804790889098,0.0182917073890506,0.0055732675475136,0.0462752271597722,0.0
742,2013-01-22,7.038483142852782,6.736568927764892,7.559317111968995,6.991464138031006,295493427.0,0.0165768456914229,0.0101370758965763,0.0171484850971712,0.0191491476578006,0.1135921593386967,0.0
743,2013-01-23,7.237412929534912,6.595126628875732,7.382089138031006,6.980613231658936,175757909.99999997,0.0078597309711449,-0.0055883959649816,-0.0070022907023949,-0.000428720134375,-0.1716252253272811,0.0
744,2013-01-24,7.244646072387696,6.397766113281251,7.443575859069824,6.980613231658936,237008719.0,0.0002857820231295,-0.0077977289513598,0.0024293450152599,0.0,0.0877950349193653,0.0
745,2013-01-25,7.052950859069824,6.299085140228272,7.081885814666749,6.85040521621704,169845114.0,-0.0075738924283985,-0.0038988927354884,-0.0142904011076638,-0.0051445285732663,-0.0962702557330379,0.0
746,2013-01-28,6.929975986480713,6.930639266967773,7.620803833007812,6.929975986480713,321821403.0,-0.0048587465501367,0.0249527514842239,0.0212926918100587,0.0031438471727644,0.2178381611199707,0.0
747,2013-01-29,7.70399284362793,7.03260850906372,7.794414997100829,7.461659908294678,299398804.0,0.0305814647759573,0.004028812494965,0.0068593902708939,0.0210068721071847,-0.0321398671189457,0.0
748,2013-01-30,7.631655216217041,7.016161918640138,7.718460083007812,7.523148059844971,161360634.0,-0.0028580651496349,-0.0006498060359785,-0.0030009844210081,0.0024294015348768,-0.197859687948861,0.0
749,2013-01-31,7.693141937255859,6.940508365631104,7.718460083007812,7.523148059844971,114983663.0,0.0024293450152599,-0.0029890776217057,0.0,0.0,-0.0664753307731721,0.0
750,2013-02-01,7.602718830108643,7.377990245819092,8.156105041503906,7.519530773162842,227841765.0,-0.0035726238267563,0.0172849422923406,0.0172913855286721,-0.0001429192713732,0.1617673491630664,0.0
751,2013-02-04,8.051215171813965,7.239837169647217,8.242910385131836,7.852284908294678,237059478.0,0.0177201245029193,-0.0054584385257603,0.0034296857155108,0.0131471411360397,0.0132123876880007,0.0
752,2013-02-05,7.863135814666748,7.164182662963867,8.015046119689941,7.664206981658935,118026823.0,-0.0074310296766422,-0.0029891153014504,-0.009002934423152,-0.0074309731570252,-0.1706177644489522,0.0
753,2013-02-06,7.848668098449707,7.190497398376465,7.949942111968994,7.758245944976807,105290930.0,-0.0005716205658758,0.0010396971935146,-0.0025722642866331,0.0037154865785126,-0.0182552392191962,0.0
754,2013-02-07,7.848668098449707,6.858273983001708,7.888453960418701,7.345920085906981,162052370.0,0.0,-0.0131261723581544,-0.0024294015348768,-0.0162910259885488,0.0813601108007154,0.0
755,2013-02-08,7.515913963317871,6.825379848480225,7.613570213317871,7.374855041503906,127740577.0,-0.0131471411360397,-0.0012996497517017,-0.0108606777124084,0.0011432222918795,-0.0491814739064268,0.0
756,2013-02-18,7.562933921813965,6.874721050262451,7.772714138031007,7.497828960418702,116622891.0,0.0018577621291286,0.0019494746275526,0.0062877885448904,0.0048587088703921,-0.0159357508337977,0.0
757,2013-02-19,7.523148059844971,6.84511661529541,7.635271072387695,7.476128101348877,134509867.0,-0.0015719424262545,-0.0011696734726082,-0.005430385955885,-0.0008574025890054,0.0256386439323903,0.0
758,2013-02-20,7.541232109069823,6.677361011505128,7.59186887741089,7.1216721534729,182243920.0,0.0007145021575044,-0.0066280366388793,-0.001714824017883,-0.0140045814047898,0.0684205305758138,0.0
759,2013-02-21,7.233796119689941,6.4471073150634775,7.233796119689941,6.8938069343566895,204662876.0,-0.0121468192756611,-0.009097341023317,-0.0141474818362907,-0.0090029721028967,0.0321346453542469,0.0
760,2013-02-22,7.052950859069824,6.289218425750732,7.1216721534729,6.854021072387695,129557209.0,-0.0071452099737681,-0.0062382020009602,-0.0044300264157617,-0.0015719424262545,-0.1076541643214414,0.0
761,2013-02-25,6.966145038604736,6.581969738006592,7.342302799224853,6.9516777992248535,170394809.0,-0.0034297045553831,0.0115666265678824,0.0087171335601503,0.0038584246897581,0.0585353659250945,0.0
762,2013-02-26,7.165074825286864,6.858273983001708,7.946324825286865,7.12528896331787,286105576.0,0.0078597309711448,0.0109168016920315,0.0238649560966919,0.0068593902708939,0.1658562718626547,0.0
763,2013-02-27,7.599102973937989,6.9141926765441895,7.892070770263672,7.541232109069823,193723074.00000003,0.0171484850971712,0.0022093518262505,-0.0021435818320027,0.016433945259922,-0.1324182508189946,0.0
764,2013-02-28,7.646121978759766,7.565481185913086,8.318864822387695,7.6063361167907715,309627662.0,0.0018577244493839,0.0257324584398068,0.016862665394297,0.0025722642866331,0.1661340889517826,0.0
765,2013-03-01,8.293546676635742,7.585217952728271,8.405671119689941,8.0910005569458,286937524.0,0.0255797989544473,0.0007798011549444,0.0034297233952554,0.0191491288179284,-0.0325233493329895,0.0
766,2013-03-04,8.119935989379883,7.1543145179748535,8.318864822387695,7.78718090057373,303790581.0,-0.0068593714310217,-0.0170250274138981,-0.0034297233952554,-0.0120039376840326,0.0241566560829107,0.0
767,2013-03-05,7.88483715057373,7.87139081954956,8.655237197875977,7.881220817565917,323201600.0,-0.0092887729658985,0.028331739103338,0.0132900980871576,0.0037155242582572,0.0278231605222629,0.0
768,2013-03-06,8.86139965057373,7.976650238037108,8.937355041503906,8.651619911193848,314711939.0,0.0385840584988586,0.0041588076139309,0.0111464974152825,0.0304385266647118,-0.0121688202346613,0.0
769,2013-03-07,8.662470817565918,7.808893203735352,8.723958015441895,8.228443145751953,246805647.0,-0.0078596932914002,-0.0066280931584962,-0.0084313326971485,-0.0167197461229238,-0.0973348005474444,0.0
770,2013-03-08,8.608217239379883,7.519431591033934,8.673320770263672,8.123553276062012,255984064.0,-0.0021435629921304,-0.0114366502887889,-0.0020006814005018,-0.0041442067128876,0.013156062004332,0.0
771,2013-03-11,8.217592239379883,7.443777084350586,8.311631202697754,7.9029221534729,158504148.0,-0.0154336233995434,-0.0029891153014503,-0.0142903822677916,-0.0087171524000226,-0.1397247280302338,0.0
772,2013-03-12,8.174188613891602,7.144446849822999,8.242910385131836,7.707609176635743,232455829.0,-0.0017148805375,-0.0118265602861972,-0.002715164718134,-0.007716830539644,0.106000076109048,0.0
773,2013-03-13,7.845051765441895,7.266152858734131,8.166955947875977,7.816115856170653,231386529.0,-0.0130042218646665,0.0048086136499094,-0.0030009655811358,0.0042871071443885,-0.0015327018919746,0.0
774,2013-03-14,7.957174777984619,7.128000259399414,7.989727973937988,7.70399284362793,159764960.0,0.0044299887360171,-0.005458419685888,-0.0070022907023948,-0.0044299887360171,-0.1026601648858994,0.0
775,2013-03-15,7.834200859069823,7.302335739135742,8.185040473937988,7.523148059844971,260879367.0,-0.0048587088703921,0.0068880080369387,0.0077168116997717,-0.0071451911338957,0.1449342961889028,0.0
776,2013-03-18,7.848668098449707,7.022741317749023,7.957174777984619,7.671440124511719,206059106.0,0.0005716017260036,-0.0110467968109974,-0.009002990942769,0.0058590307307707,-0.0785776842357089,0.0
777,2013-03-19,7.70399284362793,7.072081565856933,7.859519004821777,7.609952926635742,146471141.0,-0.0057161302992698,0.001949436947808,-0.0038583870100135,-0.0024293638551322,-0.0854115652243698,0.0
778,2013-03-20,7.751011848449708,7.598374843597411,8.416521072387695,7.740161895751953,362014686.00000006,0.001857724449384,0.0207938873506761,0.0220071939675633,0.0051445662530109,0.3089535202697289,0.0
779,2013-03-21,8.315247535705566,7.55232572555542,8.394820213317871,8.203125,197771040.00000003,0.022292994830565,-0.0018194041490975,-0.0008574025890054,0.0182917073890506,-0.235421815177231,0.0
780,2013-03-22,8.30078125,7.575350761413574,8.369502067565918,8.239293098449707,113861445.0,-0.0005715640462589,0.000909720914421,-0.0010003218603786,0.0014290043150089,-0.1202734452551443,0.0
781,2013-03-25,8.365884780883789,7.486538410186768,8.420138359069824,8.199507713317871,125216052.0,0.0025722454467608,-0.00350898273808,0.0020006437207572,-0.0015719235863821,0.0162753461437655,0.0
782,2013-03-26,8.170572280883789,7.282598495483399,8.170572280883789,7.986111164093018,154766039.0,-0.0077168116997716,-0.0080576815095469,-0.0098603746919021,-0.0084313138572761,0.0423560469304461,0.0
783,2013-03-27,8.01866340637207,7.285889148712158,8.199507713317871,7.928239822387695,106720431.0,-0.0060019311622717,0.0001300139588381,0.0011432411317517,-0.0022865011033759,-0.0688671039770615,0.0
784,2013-03-28,7.595486164093017,6.585259914398193,7.595486164093017,7.212093830108643,324875960.0,-0.0167197649627961,-0.0276819142274872,-0.0238649372568196,-0.0282949825124537,0.3126974581904316,0.0
785,2013-03-29,7.241030216217041,6.618152141571044,7.367620944976807,7.1035871505737305,157551691.0,-0.0140045814047897,0.0012995743922125,-0.0090029721028967,-0.0042871071443885,-0.2398374858969172,0.0
786,2013-04-01,7.306134223937989,6.706964492797852,7.450809955596924,7.269965171813966,106594605.0,0.0025722642866331,0.00350898273808,0.0032868041238822,0.0065736082477645,-0.0730403274307626,0.0
787,2013-04-02,7.371238231658935,6.7234106063842765,7.559317111968995,7.30251693725586,128025377.0,0.002572264286633,0.0006497871961062,0.0042871259842608,0.0012861227233804,0.0307182126539578,0.0
788,2013-04-03,7.436341762542725,6.726699352264404,7.519530773162842,7.345920085906981,62094543.00000001,0.0025722454467608,0.0001299385993489,-0.0015719612661268,0.0017148616976276,-0.094503239513014,0.0
789,2013-04-08,7.157841205596924,6.555655479431152,7.269965171813966,7.081885814666749,112724979.0,-0.0110035781439093,-0.0067579563983559,-0.0098603558520298,-0.0104320140976503,0.072572117318527,0.0
790,2013-04-09,7.230178833007811,6.558943748474121,7.327835083007812,7.201243877410889,105198184.0,0.0028580651496348,0.0001299197594766,0.0022864445837589,0.0047158461186358,-0.0107886775806651,0.0
791,2013-04-10,7.190392971038818,6.381319522857666,7.197627067565918,6.919126033782959,140387445.0,-0.0015719424262544,-0.0070179466362877,-0.0051445285732662,-0.0111464974152825,0.0504392096809963,0.0
792,2013-04-11,7.085503101348876,6.384609222412109,7.12528896331787,6.976995944976807,86203419.0,-0.0041442067128876,0.0001299762790935,-0.0028580839895072,0.002286444583759,-0.0776657244599299,0.0
793,2013-04-12,7.034865856170655,6.216852188110352,7.045716762542725,6.799767971038819,222655644.0,-0.0020006814005018,-0.0066280931584963,-0.0031439036923813,-0.0070022907023948,0.1955864429268206,0.0
794,2013-04-15,6.85040521621704,6.105014801025391,6.8938069343566895,6.6587090492248535,157858188.0,-0.0072880538856521,-0.0044187036525011,-0.0060019688420163,-0.0055732487076413,-0.0928786901770724,0.0
795,2013-04-16,6.629774093627929,6.167513370513916,6.78529977798462,6.546585083007813,181230560.0,-0.0087171524000226,0.00246932322431,-0.0042871259842608,-0.0044300264157617,0.0335012426674788,0.0
796,2013-04-17,6.763598918914795,6.081989765167236,6.788917064666747,6.528501033782959,177694569.0,0.0052874290047671,-0.003379044138731,0.0001429192713731,-0.0007145021575045,-0.0050683812734548,0.0
797,2013-04-18,6.589988231658936,6.282639980316162,6.940826892852783,6.542967796325684,249176126.0,-0.0068593714310216,0.0079277052304534,0.0060019688420163,0.0005715828861312,0.1024594759704414,0.0
798,2013-04-19,6.872106075286865,6.657623767852783,7.450809955596924,6.85040521621704,408742535.0,0.0111464974152825,0.014815637907903,0.0201494695181793,0.012146875795278,0.2287176068174499,0.0
799,2013-04-22,7.233796119689941,6.654334545135499,7.367620944976807,7.201243877410889,191576976.0,0.0142904011076639,-0.0001299574392212,-0.0032868041238822,0.0138616621334166,-0.3112784654924065,0.0
800,2013-04-23,7.353153228759766,6.276060581207275,7.374855041503906,6.890190124511719,221919265.00000003,0.0047158084388912,-0.0149456330268689,0.0002858197028741,-0.0122897573869066,0.0434917083672882,0.0
801,2013-04-24,6.781683921813965,6.381319522857666,7.157841205596924,6.709345817565918,202765029.0,-0.0225787956935669,0.0041587887740586,-0.0085742331286494,-0.0071451722940235,-0.0274550956294106,0.0
802,2013-04-25,6.872106075286865,6.193828105926514,7.00954818725586,6.778067111968994,123546713.0,0.0035725861470117,-0.0074078001140792,-0.0058590684105153,0.0027151835580063,-0.1135491095223463,0.0
803,2013-04-26,6.868488788604735,6.151065826416016,6.9516777992248535,6.745514869689941,93101593.0,-0.0001429192713732,-0.0016895409092378,-0.0022864634236313,-0.0012861415632527,-0.0436391031753436,0.0
804,2013-05-02,6.727429866790773,6.220141887664795,6.8431711196899405,6.655091762542725,65684124.0,-0.0055732487076411,0.0027292004230078,-0.0042871071443885,-0.0035726238267563,-0.0392993608991452,0.0
805,2013-05-03,6.864871978759766,6.489868640899657,7.30975103378296,6.821468830108642,199100464.00000003,0.0054303482761403,0.0106569244933336,0.0184346078205516,0.0065735705680198,0.19123489828704,0.0
806,2013-05-06,7.175924777984619,6.68065071105957,7.436341762542725,7.118054866790772,232393793.0,0.012289719707162,0.0075378140729174,0.005001609301893,0.0117181368210308,0.0477216387809166,0.0
807,2013-05-07,7.291666030883788,6.660913467407227,7.371238231658935,7.190392971038818,117274753.0,0.0045729456871349,-0.0007798199948167,-0.0025722454467608,0.0028580839895072,-0.1650081084918211,0.0
808,2013-05-08,7.360386848449707,6.7036757469177255,7.548466205596923,7.204861164093018,173847065.0,0.002715164718134,0.0016895409092378,0.0070022907023948,0.0005716394057482,0.0810890205141491,0.0
809,2013-05-09,7.331451892852782,6.621441841125489,7.331451892852782,7.161458015441895,133709355.0,-0.0011432222918795,-0.0032490678596375,-0.0085742519685217,-0.0017148616976276,-0.0575321650206017,0.0
810,2013-05-10,7.233796119689941,6.6411781311035165,7.385705947875976,7.194009780883789,106789927.0,-0.0038583870100135,0.0007797823150721,0.0021435818320027,0.0012861227233803,-0.0385854841732676,0.0
811,2013-05-13,7.273581981658935,6.552366256713866,7.306134223937989,7.161458015441895,89546287.0,0.0015719424262544,-0.0035089638982077,-0.0031438848525089,-0.0012861227233803,-0.0247165058005513,0.0
812,2013-05-14,7.204861164093018,6.345137596130371,7.208477973937988,6.911891937255859,137731495.0,-0.0027151647181339,-0.0081876201088959,-0.0038584058498858,-0.0098603746919022,0.0690672023443295,0.0
813,2013-05-15,6.976995944976807,6.348426818847657,7.0240159034729,6.926359176635742,66931058.0,-0.0090029721028967,0.0001299574392212,-0.0072881104052689,0.0005716017260036,-0.101483179409456,0.0
814,2013-05-16,6.948060989379883,6.68065071105957,7.40378999710083,6.890190124511719,224810275.0,-0.0011432222918795,0.0131261911980267,0.0150049032651684,-0.0014290419947536,0.2262992374444728,0.0
815,2013-05-17,7.335069179534911,6.706964492797852,7.425490856170654,7.204861164093018,164728719.0,0.0152907229680425,0.0010396595137699,0.0008574025890054,0.0124326766582799,-0.0861190634564484,0.0
816,2013-05-20,7.407406806945801,6.901035785675049,7.776330947875977,7.371238231658935,242465931.0,0.0028580651496349,0.0076677715121386,0.0138617186530335,0.0065735705680198,0.1114261403808413,0.0
817,2013-05-21,7.523148059844971,6.940508365631104,7.671440124511719,7.501445770263672,123745408.0,0.004572945687135,0.0015595646301443,-0.0041442443926322,0.0051445097333939,-0.1701703639935647,0.0
818,2013-05-22,7.631655216217041,6.960243225097656,7.700376033782959,7.566549777984618,114217609.0,0.0042871259842608,0.0007797257954551,0.0011432599716241,0.002572264286633,-0.01365685546961,0.0
819,2013-05-23,7.599102973937989,6.749726295471191,7.667823791503905,7.4146409034729,140288553.0,-0.0012861415632526,-0.0083175398683725,-0.0012861415632527,-0.0060019311622716,0.0373692931771859,0.0
820,2013-05-24,7.432724952697754,6.805644989013672,7.573783874511718,7.345920085906981,92015297.0,-0.0065736082477645,0.0022093518262505,-0.0037155242582572,-0.002715164718134,-0.0691934076526477,0.0
821,2013-05-27,7.447193145751953,6.716833114624023,7.552083015441895,7.338685989379882,99130820.0,0.0005716394057482,-0.0035089638982077,-0.0008574025890053,-0.0002858197028741,0.0101991728836519,0.0
822,2013-05-28,7.385705947875976,7.10497522354126,7.848668098449707,7.320600986480712,216654458.0,-0.0024293638551322,0.0153355241844049,0.0117180991412861,-0.0007145398372491,0.1684547856675794,0.0
823,2013-05-29,7.816115856170653,6.999716758728027,7.845051765441895,7.6750569343566895,147252625.0,0.0170055281460533,-0.0041587699341862,-0.0001428815916285,0.0140045814047898,-0.0994784632428766,0.0
824,2013-05-30,7.6750569343566895,6.973400592803956,7.805265903472901,7.617187023162842,117626115.0,-0.0055732487076412,-0.0010397537131315,-0.0015719424262545,-0.002286444583759,-0.0424657326565094,0.0
825,2013-05-31,7.68590784072876,6.904325485229492,7.772714138031007,7.588252067565917,100047616.0,0.000428720134375,-0.0027291627432632,-0.0012861227233804,-0.0011432222918795,-0.0251964824421344,0.0
826,2013-06-03,7.570167064666748,6.878010749816895,7.664206981658935,7.519530773162842,95051863.0,-0.0045729268472626,-0.0010396971935145,-0.0042871259842608,-0.0027151835580063,-0.0071607594453735,0.0
827,2013-06-04,7.562933921813965,6.950375556945801,7.714842796325684,7.515913963317871,122247542.0,-0.0002857820231294,0.0028591390223567,0.0020006248808849,-0.0001429004315008,0.0389814539014635,0.0
828,2013-06-05,7.599102973937989,6.84511661529541,7.635271072387695,7.458043098449708,84532396.0,0.0014290419947536,-0.0041587887740586,-0.003143884852509,-0.0022864822635036,-0.054059735930328,0.0
829,2013-06-06,7.447193145751953,6.621441841125489,7.512297153472901,7.248262882232667,120343449.0,-0.0060019688420163,-0.0088374073050022,-0.0048587088703921,-0.0082884322656476,0.0513304673026317,0.0
830,2013-06-07,7.280815124511718,6.424081325531006,7.327835083007812,7.02039909362793,111145222.0,-0.0065736082477645,-0.0077977289513599,-0.007288110405269,-0.0090029155832798,-0.013184457052008,0.0
831,2013-06-13,6.984230041503906,6.180669784545898,6.991464138031006,6.709345817565918,105433599.0,-0.0117180991412861,-0.0096172084599466,-0.0132900415675406,-0.0122897385470344,-0.0081868655927671,0.0
832,2013-06-14,6.872106075286865,6.269482135772705,6.944444179534912,6.799767971038819,90838432.0,-0.0044300264157617,0.00350898273808,-0.0018577621291286,0.0035725861470117,-0.020920265664066,0.0
833,2013-06-17,6.929975986480713,6.328691005706787,7.074652194976807,6.854021072387695,85490441.0,0.002286444583759,0.0023393469452164,0.0051445285732662,0.002143544152258,-0.0076656466136382,0.0
834,2013-06-18,7.034865856170655,6.489868640899657,7.248262882232667,7.034865856170655,107716436.0,0.0041442067128876,0.0063681406003091,0.0068593714310217,0.0071451911338958,0.031858060962797,0.0
835,2013-06-19,7.071034908294677,6.328691005706787,7.074652194976807,6.926359176635742,102291387.0,0.0014290419947535,-0.0063681406003091,-0.0068593714310217,-0.0042871071443885,-0.0077760991923268,0.0
836,2013-06-20,6.903934955596924,5.936423778533936,6.915509223937988,6.406250000000001,156049898.0,-0.0066021318144477,-0.0154985079197924,-0.0062877508651457,-0.0205495530466371,0.0770558042826517,0.0
837,2013-06-21,6.336804866790772,5.989522457122803,6.591434955596924,6.278934955596924,106099664.0,-0.0224073528555104,0.0020979328213861,-0.0128041989403099,-0.0050302270679378,-0.0715971365906443,0.0
838,2013-06-24,6.429398059844971,5.389508724212647,6.429398059844971,5.873841762542725,201600881.0,0.0036583640856568,-0.0237065881300213,-0.0064020900502188,-0.0160052628052916,0.1368885214456005,0.0
839,2013-06-25,5.671296119689941,5.299240112304688,5.844906806945801,5.289350986480713,296725699.0,-0.0299526651976087,-0.0035665197081266,-0.0230932937665871,-0.0230932749267147,0.1363490026394307,0.0
840,2013-06-26,5.787036895751953,5.182424068450928,5.787036895751953,5.543981075286865,175763706.0,0.0045729268472626,-0.0046154107593305,-0.002286444583759,0.0100604541358757,-0.1733832184869758,0.0
841,2013-06-27,5.700231075286865,5.097466468811035,5.787036895751953,5.520833015441895,144437821.0,-0.0034297045553831,-0.0033566812102945,0.0,-0.000914581601478,-0.044901564768802,0.0
842,2013-06-28,5.497684955596924,5.293930530548096,5.868054866790772,5.381944179534912,160124072.0,-0.0080026125627735,0.0077623099914097,0.0032010261852371,-0.0054875084487407,0.0224841920748986,0.0
843,2013-07-01,5.677083015441895,5.177114486694336,5.758100986480713,5.4629621505737305,138273984.0,0.0070880309612954,-0.0046154107593305,-0.0043442861568612,0.003201026185237,-0.0313192473743686,0.0
844,2013-07-02,5.659721851348877,5.097466468811035,5.671296119689941,5.422452926635742,140616646.0,-0.0006859409110766,-0.0031468992320792,-0.0034296668756385,-0.0016005225125547,0.0033579000090312,0.0
845,2013-07-03,5.526619911193848,4.954099655151367,5.526619911193848,5.364583015441895,133256183.0,-0.0052588677583393,-0.0056644336896405,-0.0057161679790145,-0.0022864445837589,-0.0105502623827825,0.0
846,2013-07-04,5.335648059844971,4.975338935852051,5.538194179534912,5.214119911193848,139131632.0,-0.0075453123420983,0.0008391655926055,0.0004573002206751,-0.0059448086694159,0.0084216887669508,0.0
847,2013-07-05,5.410879135131836,4.975338935852051,5.538194179534912,5.405091762542725,110841912.0,0.0029723854948356,0.0,0.0,0.0075453123420983,-0.0405496187855913,0.0
848,2013-07-08,5.3125,4.77356481552124,5.358796119689941,5.190971851348877,102817190.0,-0.0038869670963136,-0.0079721108094973,-0.0070880309612954,-0.0084598939435764,-0.0115023909024319,0.0
849,2013-07-09,5.214119911193848,4.778874397277832,5.271989822387695,5.190971851348877,88499634.0,-0.0038870047760583,0.0002097819782152,-0.0034297233952554,0.0,-0.0205223465534956,0.0
850,2013-07-10,5.214119911193848,4.991268157958984,5.43981409072876,5.202546119689941,129123348.0,0.0,0.0083916936058,0.0066307495804925,0.0004573002206751,0.0582287882790953,0.0
851,2013-07-11,5.497684955596924,5.490396022796631,5.983796119689941,5.497684955596924,299568062.0,0.0112036764277552,0.0197205798249534,0.0214927712540324,0.0116609578085581,0.2443102362525731,0.0
852,2013-07-12,6.076387882232666,5.490396022796631,6.273148059844971,5.9375,366084389.0,0.0228645965565687,0.0,0.0114323171181566,0.0173771257875726,0.0953424672590516,0.0
853,2013-07-15,6.076387882232666,5.580663204193115,6.226850986480713,5.810184955596924,231838746.0,0.0,0.0035664631885097,-0.0018292008827007,-0.0050302270679378,-0.1924235958247939,0.0
854,2013-07-16,5.989583015441895,5.5116353034973145,6.041666030883789,5.868054866790772,175604129.0,-0.0034296668756385,-0.0027272975959041,-0.0073166716516968,0.002286444583759,-0.0806049788369674,0.0
855,2013-07-17,6.001156806945801,5.38419771194458,6.053239822387695,5.844906806945801,116413372.0,0.0004572813808028,-0.0050350689151225,0.0004572813808028,-0.0009145816014781,-0.0848422194345003,0.0
856,2013-07-18,5.833333015441895,5.214282989501953,5.891202926635742,5.659721851348877,139395551.0,-0.0066307307406202,-0.0067133435807166,-0.0064020900502188,-0.0073166716516968,0.0329419519639014,0.0
857,2013-07-19,5.682869911193848,5.007198810577393,5.729166030883789,5.445600986480713,142969181.0,-0.0059448086694159,-0.0081819116275848,-0.0064020900502188,-0.008459931623321,0.0051223318640394,0.0
858,2013-07-22,5.341434955596924,5.001887798309326,5.497684955596924,5.277777194976807,113767604.0,-0.0134901210115142,-0.0002098384978321,-0.009145834854653,-0.0066307307406202,-0.041856646700218,0.0
859,2013-07-23,5.480323791503906,5.288620471954346,5.925924777984619,5.445600986480713,215558224.0,0.0054875084487407,0.0113288296995364,0.0169197878871527,0.0066307307406202,0.1459035592062767,0.0
860,2013-07-24,5.665509223937988,5.182424068450928,5.717591762542725,5.526619911193848,155471933.0,0.0073166904915691,-0.0041958279630277,-0.0082312532531749,0.0032010638649817,-0.0861258504605244,0.0
861,2013-07-25,5.665509223937988,5.208973407745361,5.798611164093018,5.613424777984619,119210260.0,0.0,0.001048966410693,0.003201082704854,0.0034296668756385,-0.0519763722185221,0.0
862,2013-07-26,5.6192121505737305,5.118704795837402,5.648148059844971,5.526619911193848,80360736.0,-0.0018292008827007,-0.0035665197081266,-0.0059448086694159,-0.0034296668756385,-0.0556857186356627,0.0
863,2013-07-29,5.480323791503906,4.996578216552734,5.509259223937988,5.416666030883789,86076921.0,-0.0054874896088684,-0.0048252304172903,-0.0054875084487407,-0.0043442861568612,0.0081934046239381,0.0
864,2013-07-30,5.497684955596924,5.139944553375244,5.746527194976807,5.474536895751953,116560688.0,0.0006859409110766,0.0056644148497682,0.0093744755450544,0.0022864822635036,0.0436944986022763,0.0
865,2013-07-31,5.677083015441895,5.092156887054443,5.78125,5.526619911193848,78532208.0,0.0070880309612954,-0.0018880943235539,0.0013719006620255,0.0020578038933575,-0.0545088592957259,0.0
866,2013-08-01,5.636573791503906,5.267380714416504,5.740739822387695,5.561341762542725,131803241.0,-0.0016005225125547,0.0069231067190595,-0.0016005601922993,0.0013718629822809,0.0763570682376727,0.0
867,2013-08-02,5.798611164093018,5.214282989501953,5.844906806945801,5.665509223937988,99777723.0,0.0064021088900911,-0.0020978951416415,0.0041156454664597,0.004115664306332,-0.0459043972973607,0.0
868,2013-08-05,5.682869911193848,5.27800178527832,5.75231409072876,5.653934955596924,91831218.0,-0.0045729456871349,0.0025175344575612,-0.0036583452457845,-0.0004573002206751,-0.0113902770486167,0.0
869,2013-08-06,5.711804866790772,5.267380714416504,5.787036895751953,5.659721851348877,103019890.0,0.0011432222918795,-0.0004196393159197,0.0013719006620255,0.0002286406904014,0.0160374999935319,0.0
870,2013-08-07,5.717591762542725,5.27269172668457,5.856481075286865,5.700231075286865,128522419.0,0.0002286406904014,0.0002098384978321,0.0027437448044342,0.0016005225125546,0.0365545445136427,0.0
871,2013-08-08,5.706017971038818,5.251452445983887,5.815971851348877,5.688656806945801,94324476.0,-0.0004572813808028,-0.0008391655926055,-0.0016005225125546,-0.0004573002206751,-0.0490182848010295,0.0
872,2013-08-09,5.769674777984619,5.230212211608887,5.798611164093018,5.642361164093018,85991238.0,0.0025150852741604,-0.0008392032723501,-0.0006859220712043,-0.0018291443630838,-0.0119446082940942,0.0
873,2013-08-12,5.717591762542725,5.485085964202881,6.047452926635742,5.700231075286865,232997166.0,-0.0020578038933575,0.0100700813106281,0.0098317569258573,0.002286444583759,0.2107137977902251,0.0
874,2013-08-13,5.966434955596924,5.575353622436523,6.111111164093018,5.9317121505737305,207964219.0,0.0098318134454742,0.003566482028382,0.0025151417937774,0.009145834854653,-0.0358814600473215,0.0
875,2013-08-14,6.082174777984619,5.538184642791748,6.267361164093018,6.006944179534912,201267861.00000003,0.004572889167518,-0.0014685492069958,0.0061734493598173,0.0029724231745802,-0.0095983546020195,0.0
876,2013-08-15,6.030091762542725,5.416057586669922,6.0879621505737305,5.891202926635742,101391531.0,-0.0020578038933575,-0.0048252492571626,-0.00708806864104,-0.0045729456871349,-0.1431596745108796,0.0
877,2013-08-16,5.891202926635742,5.617833137512207,6.493054866790772,5.792823791503906,437431872.0,-0.0054875084487407,0.0079721673291142,0.0160052439654193,-0.0038869670963137,0.4816699396151719,0.0
878,2013-08-19,5.914350986480713,5.729339599609375,6.336804866790772,5.914350986480713,273992367.0,0.000914581601478,0.0044056287811152,-0.0061734493598173,0.0048015486977918,-0.2342691840801446,0.0
879,2013-08-20,6.197916030883789,5.840846061706543,6.510416030883789,6.128471851348877,264706633.0,0.0112036764277552,0.0044056287811152,0.0068593902708939,0.008459931623321,-0.0133098869074845,0.0
880,2013-08-21,6.348379135131837,5.793057918548584,6.423611164093018,6.22106409072876,108311872.0,0.0059448086694159,-0.0018881131634262,-0.0034296668756385,0.0036583264059122,-0.2241714636487624,0.0
881,2013-08-22,6.284721851348877,5.814297676086426,6.510416030883789,6.255786895751953,136651373.0,-0.0025151041140328,0.0008391844324778,0.0034296668756385,0.0013719006620255,0.0406209733473461,0.0
882,2013-08-23,6.336804866790772,5.639071464538574,6.406250000000001,6.041666030883789,180396502.0,0.0020578038933576,-0.0069232009184211,-0.0041156077867151,-0.008459931623321,0.0627029290030624,0.0
883,2013-08-26,6.151619911193848,5.787747859954834,6.336804866790772,6.076387882232666,128437830.0,-0.0073166716516969,0.0058742156678557,-0.0027437824841788,0.0013718629822809,-0.0744759701476571,0.0
884,2013-08-27,6.302083015441895,5.777129173278809,6.377314090728759,6.226850986480713,101413601.0,0.0059448086694159,-0.0004195451165581,0.0016005225125546,0.0059448086694159,-0.0387357027190273,0.0
885,2013-08-28,6.215277194976807,5.644381523132324,6.273148059844971,6.09375,117884706.0,-0.0034297045553832,-0.00524486973321,-0.0041156077867151,-0.0052588300785946,0.0236091777765014,0.0
886,2013-08-29,6.25,5.649691104888916,6.302083015441895,6.134259223937988,95256525.0,0.0013719006620255,0.0002097819782152,0.0011432222918795,0.0016005225125547,-0.0324345420655051,0.0
887,2013-08-30,6.099536895751953,5.633762359619141,6.278934955596924,6.0879621505737305,89906248.0,-0.0059448086694159,-0.0006293459346456,-0.0009145816014781,-0.0018292008827007,-0.0076689232960706,0.0
888,2013-09-02,6.215277194976807,5.708099842071533,6.267361164093018,6.151619911193848,86440051.0,0.0045729080073903,0.0029370795741194,-0.0004572813808028,0.002515122953905,-0.0049683406900372,0.0
889,2013-09-03,6.2442121505737305,5.947043418884277,6.481481075286865,6.203702926635742,200028381.0,0.0011432222918795,0.0094406788563654,0.0084598939435764,0.0020578038933575,0.1628140356282051,0.0
890,2013-09-04,6.458333015441895,5.883326530456543,6.597221851348878,6.394674777984619,154244751.0,0.008459931623321,-0.0025174590980719,0.0045729268472626,0.0075453123420983,-0.0656248539441381,0.0
891,2013-09-05,6.412036895751953,5.856775760650635,6.440971851348877,6.354166030883789,59310156.0,-0.0018291632029561,-0.00104902293031,-0.0061734493598173,-0.0016005036726823,-0.136076342813379,0.0
892,2013-09-06,6.383100986480713,5.856775760650635,6.383100986480713,6.383100986480713,0.0,-0.0011432599716241,0.0,-0.0022864822635036,0.0011432222918795,-0.0850133623066595,0.0
893,2013-09-09,6.527777194976807,6.440860748291016,7.019674777984618,6.527777194976807,380936535.0,0.0057161679790144,0.0230772421953756,0.0251510788200723,0.0057161679790144,0.5460227699586306,0.0
894,2013-09-10,7.187499999999999,6.605467319488526,7.320600986480712,6.938656806945802,360338855.0,0.026065698101295,0.0065036181221184,0.0118896173388318,0.0162338846558208,-0.0295240840795737,0.0
895,2013-09-11,7.175924777984619,6.738214015960693,7.609952926635742,7.060184955596924,295182144.0,-0.0004573379004197,0.0052448320534654,0.0114323171181566,0.0048015863775364,-0.0933936352983679,0.0
896,2013-09-12,7.245369911193848,7.152381896972656,8.020833015441895,7.175924777984619,316317381.0,0.0027437824841788,0.0163638044152973,0.016233903495693,0.004572889167518,0.0302946018303866,0.0
897,2013-09-13,7.65625,7.014326095581055,7.928239822387695,7.540509223937987,205860082.00000003,0.016233903495693,-0.0054545951918083,-0.0036583640856568,0.0144047591326092,-0.1583261116241546,0.0
898,2013-09-16,7.650462150573729,7.0090155601501465,7.8935179710388175,7.33217477798462,247858470.0,-0.0002286783701461,-0.0002098196579598,-0.0013718629822809,-0.0082313097727918,0.0601992039160993,0.0
899,2013-09-17,7.609952926635742,6.791311740875244,7.737267971038818,7.378471851348876,162436497.0,-0.0016005225125546,-0.0086014944238876,-0.0061734493598173,0.0018292008827007,-0.1224412415910471,0.0
900,2013-09-18,7.378471851348876,6.791311740875244,7.517361164093018,7.239583015441894,106618085.0,-0.009145834854653,0.0,-0.0086885346339778,-0.0054875084487407,-0.0800084033287383,0.0
901,2013-09-23,7.407406806945801,6.839099884033202,7.505786895751953,7.303239822387695,125071805.0,0.0011432222918795,0.0018881131634262,-0.0004573002206751,0.0025150852741605,0.0264509974356777,0.0
902,2013-09-24,7.442129135131835,6.5151987075805655,7.447916030883789,6.927083015441895,251629495.00000003,0.0013718818221532,-0.0127973600666599,-0.0022864822635036,-0.0148619839937951,0.1814039192994856,0.0
903,2013-09-25,7.048611164093017,6.387762069702148,7.204861164093018,6.932869911193848,134772021.0,-0.0155479249048718,-0.0050350312353779,-0.0096031162354559,0.0002286406904014,-0.1674999265792363,0.0
904,2013-09-26,6.921296119689941,6.19129753112793,6.921296119689941,6.655091762542725,148730999.0,-0.0050302270679378,-0.007762328831282,-0.0112036764277552,-0.0109750357373538,0.0200083718232791,0.0
905,2013-09-27,6.730323791503906,6.3187336921691895,6.950231075286866,6.7129621505737305,118803436.0,-0.0075453311819706,0.0050350123955055,0.0011432222918795,0.0022864634236313,-0.0428972528123915,0.0
906,2013-09-30,6.886573791503907,6.308115482330322,6.967591762542724,6.840277194976806,64558370.0,0.0061734493598173,-0.0004195262766858,0.0006859220712042,0.0050302270679378,-0.0777532173276809,0.0
907,2013-10-08,6.874999999999999,6.483340263366699,7.141202926635743,6.660879135131837,127452909.0,-0.0004572813808029,0.0069231443988042,0.006859390270894,-0.0070880309612953,0.0901511071917822,0.0
908,2013-10-09,7.013887882232666,6.663875102996826,7.378471851348876,6.956017971038818,145857770.0,0.0054874707689961,0.0071329452168917,0.009374513224799,0.011660957808558,0.0263809644405033,0.0
909,2013-10-10,7.291666030883788,6.520509719848633,7.378471851348876,7.060184955596924,134139148.0,0.0109750357373537,-0.0056643771700236,0.0,0.0041156454664598,-0.0167971141033719,0.0
910,2013-10-11,7.18171215057373,6.738214015960693,7.3958330154418945,7.152777194976808,159492110.0,-0.0043442861568612,0.0086015132637599,0.0006859409110766,0.0036583264059122,0.0363401597536343,0.0
911,2013-10-14,7.291666030883788,6.632016181945801,7.34375,7.216434955596924,95547866.0,0.0043442861568612,-0.0041958844826446,-0.0020578038933575,0.002515122953905,-0.0916557222105003,0.0
912,2013-10-15,7.228009223937988,6.483340263366699,7.233796119689941,7.019674777984618,83715287.0,-0.0025150852741604,-0.0058741968279834,-0.0043442861568612,-0.0077740095521167,-0.0169604565792942,0.0
913,2013-10-16,7.03125,6.377142429351806,7.037036895751952,6.903934955596924,78174056.0,-0.007773971872372,-0.0041958844826446,-0.0077739718723721,-0.004572889167518,-0.0079426309151487,0.0
914,2013-10-17,7.019674777984618,6.371832847595215,7.083333015441896,6.944444179534912,54192822.0,-0.0004573379004198,-0.0002097819782151,0.0018291632029562,0.0016005225125547,-0.0343739668228622,0.0
915,2013-10-18,6.950231075286866,6.478030204772949,7.199073791503907,6.921296119689941,89104756.99999999,-0.0027437259645618,0.0041958656427723,0.0045729268472626,-0.000914581601478,0.0500416990807029,0.0
916,2013-10-21,7.065971851348876,6.547058582305908,7.164350986480713,6.956017971038818,104200573.0,0.0045729268472626,0.0027273164357765,-0.0013719006620255,0.0013718629822809,0.0216378806173207,0.0
917,2013-10-22,7.106481075286865,6.398382186889648,7.106481075286865,6.950231075286866,88974740.0,0.0016005225125547,-0.0058742156678557,-0.002286444583759,-0.0002286406904014,-0.0218242430056952,0.0
918,2013-10-23,7.042823791503906,6.679804801940918,7.615739822387695,7.037036895751952,266692136.0,-0.0025151041140327,0.0111190288814488,0.0201208517521345,0.0034297045553831,0.2547346760366654,0.0
919,2013-10-24,7.297452926635742,6.902819633483887,7.609952926635742,7.175924777984619,255361147.0,0.010060416456131,0.0088113329217198,-0.0002286406904014,0.0054874707689961,-0.0162414928254407,0.0
920,2013-10-25,7.482637882232665,7.131142616271973,7.986111164093018,7.442129135131835,249023358.0,0.0073166716516968,0.009021058380318,0.0148620405134121,0.0105177543565508,-0.0090843927721276,0.0
921,2013-10-28,7.754629135131837,6.971847057342528,7.766202926635742,7.505786895751953,151850242.0,0.0107463950469524,-0.0062937796242862,-0.0086885911535947,0.0025151229539051,-0.13928497030045,0.0
922,2013-10-29,7.609952926635742,7.497523784637451,8.333333015441895,7.609952926635742,370058136.0,-0.0057161679790145,0.0207695273957742,0.0224073528555104,0.0041156077867151,0.312772516578698,0.0
923,2013-10-30,8.101851463317871,7.646198749542237,8.385416030883789,7.99189805984497,229102100.0,0.0194349485208025,0.0058741591482388,0.0020578038933575,0.0150906812038135,-0.2020420677662447,0.0
924,2013-10-31,8.246526718139648,7.380706310272216,8.287036895751953,7.957174777984619,192320994.0,0.0057161302992698,-0.0104896264271863,-0.0038869670963136,-0.0013719195018978,-0.0527209115824556,0.0
925,2013-11-01,8.0324068069458,7.364776611328125,8.165509223937988,7.8993048667907715,146002454.0,-0.0084598939435764,-0.0006293836143902,-0.004801567537664,-0.002286444583759,-0.0663915775661676,0.0
926,2013-11-04,8.090276718139648,7.200171947479247,8.153935432434082,7.795137882232667,127814711.0,0.002286444583759,-0.0065035427626291,-0.0004572813808029,-0.0041156454664597,-0.0260697541446259,0.0
927,2013-11-05,7.696759223937988,7.2532696723938,7.922452926635741,7.500000000000001,170559708.0,-0.0155479060649995,0.0020978951416416,-0.0091458913742699,-0.0116609201288134,0.0612693704052654,0.0
928,2013-11-06,7.760416030883789,6.98246669769287,7.800924777984619,7.557869911193848,123602015.0,0.0025150852741604,-0.0106994460851461,-0.0048015863775364,0.0022864445837589,-0.0673077199138355,0.0
929,2013-11-07,7.64467477798462,7.04618501663208,7.789350986480713,7.5810179710388175,118627873.0,-0.0045729456871349,0.0025175156176889,-0.0004572813808028,0.000914581601478,-0.0071297828994206,0.0
930,2013-11-08,7.5810179710388175,7.0780439376831055,7.835648059844971,7.569444179534912,124430143.0,-0.0025150852741605,0.0012587483889083,0.0018292008827007,-0.0004572813808028,0.0083167962281377,0.0
931,2013-11-11,7.714119911193848,7.11521339416504,7.835648059844971,7.5810179710388175,106419032.0,0.0052588677583393,0.0014685680468681,0.0,0.0004572813808028,-0.0258165752419949,0.0
932,2013-11-12,7.760416030883789,7.460354804992676,8.159722328186035,7.760416030883789,187890012.0,0.0018291632029561,0.0136365633390101,0.0128041989403099,0.0070880309612954,0.1167780091527429,0.0
933,2013-11-13,8.026619911193848,7.0780439376831055,8.061342239379883,7.679398059844971,142805635.0,0.0105177355166786,-0.0151051313858783,-0.0038870047760583,-0.003201026185237,-0.0646225660959487,0.0
934,2013-11-14,7.667823791503905,6.977156639099121,7.731481075286864,7.505786895751953,166650492.0,-0.0141760619225909,-0.0039860648246848,-0.0130328396307113,-0.0068593902708939,0.0341784882051479,0.0
935,2013-11-15,7.62731409072876,7.093973636627197,7.96875,7.557869911193848,167102740.0,-0.0016005413524269,0.0046154484390751,0.009374513224799,0.0020578038933575,0.0006482384412622,0.0
936,2013-11-18,7.800924777984619,7.481595039367675,8.182869911193848,7.667823791503905,221453884.0,0.0068593714310216,0.0153149510438381,0.0084598939435763,0.0043442861568612,0.0779052662861555,0.0
937,2013-11-19,8.125,7.338228225708007,8.171296119689941,7.96875,144354341.0,0.0128042366200545,-0.0056644336896405,-0.0004572813808028,0.0118896173388318,-0.1105121251533528,0.0
938,2013-11-20,8.101851463317871,7.428494453430176,8.217592239379883,7.957174777984619,121865209.0,-0.0009146004413503,0.0035664255087651,0.0018291632029561,-0.0004573379004197,-0.0322352334847726,0.0
939,2013-11-21,8.026619911193848,7.4019455909728995,8.078702926635742,7.800924777984619,163239700.0,-0.0029724043347079,-0.0010489475708208,-0.005487527288613,-0.0061734493598173,0.0593049290518916,0.0
940,2013-11-22,8.0324068069458,7.258580207824708,8.043980598449707,7.910879135131836,93101895.0,0.0002286406904014,-0.0056643771700235,-0.0013718818221532,0.0043443049967335,-0.100533382981809,0.0
941,2013-11-25,7.754629135131837,7.1683125495910645,7.980323791503905,7.731481075286864,91986394.0,-0.0109750168974814,-0.003566482028382,-0.0025150852741605,-0.0070880309612954,-0.0015989249913023,0.0
942,2013-11-26,7.812500000000001,7.152381896972656,7.887731075286865,7.754629135131837,67740986.0,0.0022864822635036,-0.0006294212941349,-0.0036583452457845,0.0009145816014781,-0.0347526257488984,0.0
943,2013-11-27,7.760416030883789,7.20548152923584,7.997684955596924,7.737267971038818,99646272.0,-0.0020578415731022,0.0020979705011308,0.0043442861568612,-0.0006859409110766,0.0457320604284971,0.0
944,2013-11-28,7.853009223937987,7.232029914855957,7.980323791503905,7.835648059844971,106970193.0,0.0036583640856568,0.0010489287309484,-0.0006859409110766,0.0038870047760583,0.0104978841984221,0.0
945,2013-11-29,7.986111164093018,7.221410751342774,8.038193702697754,7.847221851348877,107164237.0,0.0052588677583393,-0.0004195639564304,0.002286444583759,0.0004572813808028,0.0002781367305025,0.0
946,2013-12-02,7.8935179710388175,7.301057815551758,8.136573791503906,7.841434955596923,211218955.0,-0.0036583640856569,0.0031468615523346,0.0038870047760583,-0.0002286406904014,0.1491488479823133,0.0
947,2013-12-03,7.916666030883789,7.18955135345459,7.997684955596924,7.696759223937988,138660949.0,0.0009145816014781,-0.0044056287811152,-0.0054875084487407,-0.0057161491391421,-0.1040024250202069,0.0
948,2013-12-04,7.812500000000001,7.221410751342774,8.015046119689941,7.731481075286864,154103888.0,-0.0041156077867151,0.0012587672287806,0.0006859409110766,0.0013718629822809,0.0221354361011399,0.0
949,2013-12-05,7.858796119689941,7.131142616271973,7.881944179534912,7.737267971038818,104972563.0,0.0018291632029561,-0.0035665008682543,-0.0052588677583393,0.0002286406904014,-0.0704233374943616,0.0
950,2013-12-06,7.795137882232667,7.056805133819581,7.800924777984619,7.662036895751953,83134634.0,-0.0025151417937773,-0.0029370795741193,-0.003201082704854,-0.0029723854948356,-0.0313018190359186,0.0
951,2013-12-09,7.696759223937988,7.003706455230713,7.748841762542725,7.62731409072876,72238098.0,-0.0038869482564414,-0.0020979328213862,-0.0020578038933575,-0.0013719006620255,-0.0156187611925276,0.0
952,2013-12-10,7.696759223937988,7.056805133819581,7.7199068069458,7.638887882232666,55992990.0,0.0,0.0020979328213862,-0.0011432222918795,0.0004572813808028,-0.0232852405937831,0.0
953,2013-12-11,7.638887882232666,6.817861080169678,7.662036895751953,7.33796215057373,159875259.0,-0.0022865011033759,-0.0094406976962378,-0.0022864445837589,-0.0118895984989595,0.1489016648638534,0.0
954,2013-12-12,7.355323791503906,6.754143238067626,7.447916030883789,7.326387882232666,68785130.0,-0.0112036387480106,-0.0025174967778166,-0.008459931623321,-0.0004573002206751,-0.130565802916407,0.0
955,2013-12-13,7.33796215057373,6.663875102996826,7.34375,7.204861164093018,74363419.0,-0.0006859597509489,-0.0035665008682543,-0.0041156077867151,-0.0048015298579194,0.0079957487181158,0.0
956,2013-12-16,7.233796119689941,6.7700724601745605,7.424767971038818,7.233796119689941,96019402.0,-0.0041156077867151,0.0041958656427723,0.003201026185237,0.0011432222918795,0.0310410232083331,0.0
957,2013-12-17,7.401619911193848,6.754143238067626,7.453702926635743,7.303239822387695,63535176.0,0.0066307307406202,-0.000629364774518,0.0011432222918795,0.0027437259645619,-0.046561895304902,0.0
958,2013-12-18,7.349536895751954,6.775382995605469,7.436341762542725,7.320600986480712,40217551.0,-0.0020578038933575,0.0008391844324778,-0.0006859409110766,0.0006859409110765,-0.0334227699933182,0.0
959,2013-12-19,7.3958330154418945,6.63732624053955,7.436341762542725,7.233796119689941,61551617.0,0.0018291632029561,-0.005454632871553,0.0,-0.0034296668756385,0.0305795972334348,0.0
960,2013-12-20,7.239583015441894,6.324044227600098,7.280091762542725,6.892361164093018,117734501.0,-0.0061734493598173,-0.0123777961102295,-0.0061734493598173,-0.0134901210115142,0.0805308263381574,0.0
961,2013-12-23,6.898148059844972,6.34528398513794,7.048611164093017,6.828702926635741,71220088.0,-0.0134901210115142,0.0008391844324779,-0.0091458160147807,-0.0025151417937774,-0.06667233592929,0.0
962,2013-12-24,6.944444179534912,6.212536811828613,7.013887882232666,6.7129621505737305,89746208.0,0.0018291632029561,-0.0052448508933377,-0.0013719195018978,-0.0045729268472626,0.0265547733797336,0.0
963,2013-12-25,6.770833015441895,6.223156929016113,6.822916030883789,6.672452926635742,87419418.00000001,-0.0068593902708939,0.000419601636175,-0.0075453123420983,-0.0016005225125547,-0.0033351495700249,0.0
964,2013-12-26,6.770833015441895,6.079790115356445,6.770833015441895,6.614583015441895,69517598.0,0.0,-0.0056644336896405,-0.0020578038933575,-0.0022864445837589,-0.0256599208676605,0.0
965,2013-12-27,6.631944179534912,6.239086151123047,6.880786895751953,6.614583015441895,108978338.0,-0.0054875084487407,0.0062937984641585,0.0043442861568612,0.0,0.0565618169425973,0.0
966,2013-12-30,6.822916030883789,6.233776569366455,6.857637882232666,6.770833015441895,75296715.0,0.0075453123420983,-0.0002097819782152,-0.0009146192812227,0.0061734493598173,-0.0482782075160166,0.0
967,2013-12-31,6.788194179534911,6.504579544067383,7.170137882232665,6.741898059844971,142882130.0,-0.0013718629822809,0.0106994460851461,0.0123468987196347,-0.0011432222918795,0.0968748652767148,0.0
968,2014-01-02,7.013887882232666,6.493960380554199,7.118054866790772,6.973379135131836,84656601.0,0.0089171753243793,-0.0004195639564304,-0.0020578038933575,0.009145834854653,-0.0834586911619978,0.0
969,2014-01-03,7.03125,6.33466386795044,7.037036895751952,6.817129135131836,95232644.0,0.0006859785908212,-0.0062938173040308,-0.0032010261852371,-0.0061734493598173,0.0151593763356449,0.0
970,2014-01-06,6.880786895751953,6.196608066558838,6.944444179534912,6.655091762542725,100590030.0,-0.0059448086694159,-0.0054545951918083,-0.0036583452457845,-0.0064021088900911,0.0076791131190858,0.0
971,2014-01-07,6.672452926635742,6.175367832183838,6.805554866790772,6.660879135131837,58476813.99999999,-0.0082312909329195,-0.0008392032723501,-0.005487527288613,0.0002286595302737,-0.060363794856763,0.0
972,2014-01-08,6.736111164093017,6.244395732879639,6.915509223937988,6.672452926635742,79102338.0,0.0025151417937773,0.0027272975959041,0.0043443049967334,0.0004572813808028,0.0295639948169534,0.0
973,2014-01-09,6.765046119689941,6.2762556076049805,6.938656806945802,6.741898059844971,83897572.0,0.0011432222918795,0.0012587860686529,0.0009145627616057,0.0027437824841788,0.0068733416480511,0.0
974,2014-01-10,6.817129135131836,6.2762556076049805,6.915509223937988,6.747684955596925,65870953.0,0.0020578038933575,0.0,-0.0009145627616057,0.0002286406904014,-0.0258388039345422,0.0
975,2014-01-13,6.828702926635741,6.159438133239746,6.892361164093018,6.649304866790772,82749629.0,0.0004572813808028,-0.0046154672789474,-0.000914581601478,-0.0038870047760583,0.0241933775733909,0.0
976,2014-01-14,6.695600986480713,6.223156929016113,6.817129135131836,6.6261568069458,62627399.0,-0.0052588677583392,0.0025175344575612,-0.0029724231745802,-0.0009145816014781,-0.0288425886016542,0.0
977,2014-01-15,6.770833015441895,6.196608066558838,6.793981075286865,6.689814090728759,51492343.0,0.0029724231745802,-0.0010489475708207,-0.000914581601478,0.0025151041140327,-0.0159606484601548,0.0
978,2014-01-16,6.747684955596925,6.2072272300720215,6.828702926635741,6.701387882232666,51769739.0,-0.000914581601478,0.0004195639564304,0.0013718629822809,0.0004572813808029,0.0003976109361509,0.0
979,2014-01-17,6.724536895751952,6.095719814300537,6.736111164093017,6.6261568069458,73183196.0,-0.0009145816014781,-0.0044056664608598,-0.0036583075660399,-0.0029723854948356,0.0306933938629174,0.0
980,2014-01-20,6.643517971038818,6.000142574310303,6.643517971038818,6.510416030883789,53087603.00000001,-0.0032010638649817,-0.0037762640065972,-0.0036583640856568,-0.0045729268472626,-0.0288044079411318,0.0
981,2014-01-21,6.550924777984619,6.032001972198486,6.689814090728759,6.550924777984619,45929372.0,-0.0036583640856568,0.0012587672287806,0.0018291632029561,0.0016005036726823,-0.0102603892236898,0.0
982,2014-01-22,6.574073791503905,6.2603254318237305,6.863424777984619,6.568286895751953,106977799.0,0.0009146192812226,0.0090210772201904,0.0068593714310217,0.0006859785908212,0.0875049467548636,0.0
983,2014-01-23,6.811341762542725,6.212536811828613,6.822916030883789,6.741898059844971,64892532.00000001,0.0093744755450544,-0.0018881320032986,-0.0016005036726823,0.0068593902708939,-0.060323733615597,0.0
984,2014-01-24,6.736111164093017,6.19129753112793,6.834489822387695,6.695600986480713,83856955.0,-0.0029723666549633,-0.0008391655926055,0.0004572813808028,-0.0018292008827007,0.02718302348481,0.0
985,2014-01-27,6.689814090728759,6.047931671142578,6.730323791503906,6.568286895751953,76549924.0,-0.0018292008827007,-0.0056643960098959,-0.0041156077867151,-0.0050301893881932,-0.0104736745893737,0.0
986,2014-01-28,6.6261568069458,6.106338977813721,6.707174777984618,6.579861164093018,67337225.0,-0.0025151041140327,0.0023076771198567,-0.0009146192812227,0.0004573002206751,-0.013205200773864,0.0
987,2014-01-29,6.678239822387696,6.138198375701904,6.736111164093017,6.655091762542725,53931641.99999999,0.0020578038933576,0.0012587672287806,0.0011432788114964,0.0029723666549633,-0.0192151523680193,0.0
988,2014-01-30,6.684027194976807,6.05324125289917,6.684027194976807,6.58564805984497,50356176.0,0.0002286595302737,-0.0033566623704221,-0.0020578415731021,-0.0027437259645619,-0.005124963530245,0.0
989,2014-02-07,6.550924777984619,6.042622089385986,6.58564805984497,6.423611164093018,72361283.0,-0.0052588865982116,-0.0004195639564304,-0.0038869670963137,-0.0064020900502188,0.0315414468643078,0.0
990,2014-02-10,6.58564805984497,6.143508434295654,6.707174777984618,6.568286895751953,100435896.0,0.0013719195018978,0.0039860271449401,0.0048015298579194,0.0057161491391422,0.0402412909955633,0.0
991,2014-02-11,6.672452926635742,6.371832847595215,7.135416030883789,6.614583015441895,226448417.0,0.0034296668756385,0.009021114899935,0.0169198444067697,0.0018291632029561,0.180622490740853,0.0
992,2014-02-12,6.8692121505737305,6.3399739265441895,7.060184955596924,6.857637882232666,120030676.0,0.007773971872372,-0.0012587483889083,-0.0029723854948356,0.0096031162354558,-0.1525359328255562,0.0
993,2014-02-13,6.84606409072876,6.488649845123291,7.233796119689941,6.828702926635741,210503705.0,-0.000914581601478,0.0058741968279834,0.0068593902708939,-0.0011432222918795,0.1296812706639638,0.0
994,2014-02-14,7.008100986480713,6.414311885833739,7.054398059844971,6.921296119689941,100628237.0,0.0064020900502188,-0.0029370984139917,-0.0070880309612954,0.0036583640856569,-0.1574921328768344,0.0
995,2014-02-17,7.002314090728761,6.355903625488281,7.042823791503906,6.8692121505737305,105221700.0,-0.0002286406904014,-0.0023077147996014,-0.0004573002206751,-0.0020578415731022,0.0065841292722486,0.0
996,2014-02-18,6.892361164093018,6.19129753112793,6.903934955596924,6.724536895751952,102999449.0,-0.0043442484771166,-0.006503599282246,-0.0054875084487407,-0.0057161302992698,-0.0031853065670462,0.0
997,2014-02-19,6.71875,6.371832847595215,7.019674777984618,6.71875,170756614.0,-0.0068593902708939,0.007132964056764,0.004572889167518,-0.0002286406904014,0.097121046469969,0.0
998,2014-02-20,6.903934955596924,6.244395732879639,7.0891199111938485,6.799767971038819,132420811.0,0.0073166716516968,-0.0050350500752502,0.0027437824841788,0.003201026185237,-0.0549493666777023,0.0
999,2014-02-21,6.840277194976806,6.159438133239746,6.851850986480714,6.701387882232666,80519711.0,-0.0025151229539051,-0.0033566812102944,-0.009374513224799,-0.0038870047760583,-0.0743934482049612,0.0
1000,2014-02-24,6.6261568069458,5.92580509185791,6.643517971038818,6.446759223937987,115399344.0,-0.0084599127834487,-0.0092308591984056,-0.0082312532531749,-0.0100603976162588,0.049995398382569,0.0
1001,2014-02-25,6.464119911193847,5.851466178894043,6.568286895751953,6.365739822387694,94761346.0,-0.0064020900502188,-0.0029371360937363,-0.0029723854948356,-0.003201082704854,-0.0295818746667622,0.0
1002,2014-02-26,6.383100986480713,5.899255752563477,6.493054866790772,6.365739822387694,70491644.0,-0.0032010638649817,0.0018881696830432,-0.0029724231745802,0.0,-0.0347874480249328,0.0
1003,2014-02-27,6.417823791503906,5.968283653259277,6.568286895751953,6.371527194976807,95918862.0,0.0013719006620255,0.0027272975959041,0.0029724231745802,0.0002286595302737,0.0364465960312836,0.0
1004,2014-02-28,6.464119911193847,5.909874439239502,6.504629135131836,6.296296119689941,77109843.0,0.0018291632029561,-0.002307752479346,-0.0025151229539051,-0.0029723854948356,-0.0269602721476544,0.0
1005,2014-03-03,6.377314090728759,5.862085819244385,6.412036895751953,6.325231075286865,73860246.0,-0.0034297045553831,-0.0018881320032986,-0.0036583264059122,0.0011432222918795,-0.0046578728795053,0.0
1006,2014-03-04,6.359952926635742,5.830226898193359,6.377314090728759,6.25,91166731.0,-0.0006859409110765,-0.0012587483889083,-0.0013719006620255,-0.0029723854948356,0.0248065859000568,0.0
1007,2014-03-05,6.302083015441895,5.6815505027771,6.354166030883789,6.151619911193848,92105284.0,-0.0022864445837589,-0.0058742156678557,-0.000914581601478,-0.0038870047760583,0.0013452931439431,0.0
1008,2014-03-06,6.197916030883789,5.718719005584717,6.278934955596924,6.082174777984619,91131720.0,-0.0041156454664598,0.0014685303671235,-0.0029723854948356,-0.0027437824841788,-0.0013954768397628,0.0
1009,2014-03-07,6.22106409072876,5.7346510887146,6.331017971038818,6.203702926635742,84439466.0,0.000914581601478,0.0006294778137518,0.0020578038933575,0.0048015863775364,-0.0095924720540305,0.0
1010,2014-03-10,6.192129135131836,5.474466800689697,6.203702926635742,5.9317121505737305,94058623.0,-0.0011432222918795,-0.0102799009685879,-0.0050302270679378,-0.01074637620708,0.0137878052306191,0.0
1011,2014-03-11,5.966434955596924,5.437297344207764,6.012731075286865,5.844906806945801,77896406.0,-0.0089171941642515,-0.0014685680468681,-0.0075453123420983,-0.0034296857155108,-0.0231664271714249,0.0
1012,2014-03-12,5.943286895751953,5.495705604553223,6.06481409072876,5.891202926635742,89010520.0,-0.000914581601478,0.0023077147996014,0.0020578038933576,0.0018291632029561,0.0159306308383258,0.0
1013,2014-03-13,6.06481409072876,5.607213497161865,6.2442121505737305,6.001156806945801,108280836.0,0.0048015486977918,0.0044056853007322,0.0070880309612954,0.0043442861568612,0.0276214811485543,0.0
1014,2014-03-14,6.035879135131836,5.479776382446289,6.09375,5.943286895751953,77827824.0,-0.0011432222918795,-0.0050350500752502,-0.0059447709896713,-0.002286444583759,-0.0436504153265935,0.0
1015,2014-03-17,6.024304866790772,5.55942440032959,6.076387882232666,5.983796119689941,64450846.99999999,-0.0004573002206751,0.0031468992320792,-0.0006859785908212,0.0016005225125547,-0.0191741494031621,0.0
1016,2014-03-18,6.059027194976807,5.5116353034973145,6.082174777984619,5.978009223937988,74617606.0,0.0013718818221532,-0.0018881508431709,0.0002286406904014,-0.0002286406904014,0.0145727211769851,0.0
1017,2014-03-19,5.989583015441895,5.437297344207764,5.989583015441895,5.873841762542725,62731393.0,-0.0027437448044341,-0.0029370984139917,-0.0036583075660399,-0.0041156643063321,-0.0170373339133204,0.0
1018,2014-03-20,5.914350986480713,5.362959384918213,5.954861164093018,5.815971851348877,78603524.0,-0.0029724231745802,-0.0029370984139917,-0.0013718629822809,-0.002286444583759,0.0227506267776763,0.0
1019,2014-03-21,5.827546119689941,5.729339599609375,6.331017971038818,5.804398059844971,216313103.0,-0.0034296668756385,0.0144757100917434,0.0148619839937952,-0.0004572813808028,0.1973886956666334,0.0
1020,2014-03-24,6.232637882232666,5.729339599609375,6.325231075286865,6.151619911193848,145590685.0,0.0160052062856747,0.0,-0.0002286406904014,0.0137187617019156,-0.1013713493627806,0.0
1021,2014-03-25,6.232637882232666,5.628452777862549,6.255786895751953,6.111111164093018,71842355.0,0.0,-0.0039860459848125,-0.0027437448044342,-0.0016005036726823,-0.1057085990096045,0.0
1022,2014-03-26,6.168981075286865,5.6815505027771,6.22106409072876,6.099536895751953,62243596.0,-0.0025150852741604,0.0020978951416415,-0.0013719006620255,-0.0004573002206751,-0.01375856736174,0.0
1023,2014-03-27,6.157406806945801,5.718719005584717,6.383100986480713,6.0879621505737305,138781499.0,-0.0004573002206751,0.0014685303671235,0.0064020900502188,-0.0004573190605474,0.1097070875674473,0.0
1024,2014-03-28,6.192129135131836,5.724028587341309,6.342591762542725,6.174767971038818,92041902.0,0.0013718818221532,0.0002097819782152,-0.0016005225125547,0.0034297045553831,-0.0669951077826916,0.0
1025,2014-03-31,6.278934955596924,5.718719005584717,6.331017971038818,6.174767971038818,55491398.00000001,0.0034297045553831,-0.0002097819782152,-0.0004572813808028,0.0,-0.0523903737336824,0.0
1026,2014-04-01,6.203702926635742,5.7346510887146,6.302083015441895,6.192129135131836,48598767.0,-0.0029724231745802,0.0006294778137518,-0.0011432222918794,0.0006859409110766,-0.0098796863128991,0.0
1027,2014-04-02,6.2442121505737305,5.793057918548584,6.371527194976807,6.209489822387695,79556651.0,0.0016005225125547,0.0023076582799844,0.0027437448044341,0.0006859220712043,0.0443740833987949,0.0
1028,2014-04-03,6.342591762542725,5.718719005584717,6.377314090728759,6.226850986480713,78390873.0,0.003886985936186,-0.0029371360937363,0.0002286406904014,0.0006859409110766,-0.001670990504276,0.0
1029,2014-04-04,6.192129135131836,5.729339599609375,6.261573791503906,6.128471851348877,59113195.99999999,-0.0059447898295436,0.0004196204760474,-0.0045729080073903,-0.0038869670963137,-0.0276320321806565,0.0
1030,2014-04-08,6.238424777984619,5.989522457122803,6.649304866790772,6.238424777984619,232056676.0,0.0018291443630838,0.010279844448971,0.0153192842144704,0.0043442484771165,0.247891890957335,0.0
1031,2014-04-09,6.521989822387695,5.941734313964844,6.568286895751953,6.458333015441895,96309478.0,0.0112036764277552,-0.0018881131634263,-0.003201026185237,0.0086885911535947,-0.1945758788037558,0.0
1032,2014-04-10,6.487267971038819,6.032001972198486,6.7129621505737305,6.458333015441895,133067797.0,-0.0013718629822809,0.003566482028382,0.0057161302992698,0.0,0.0526882493940965,0.0
1033,2014-04-11,6.5625,6.05324125289917,6.655091762542725,6.510416030883789,102514510.0,0.0029724231745802,0.0008391655926055,-0.0022864634236313,0.0020578038933575,-0.0437941464424803,0.0
1034,2014-04-14,6.568286895751953,5.989522457122803,6.6261568069458,6.475694179534912,72876898.0,0.0002286406904014,-0.0025175344575612,-0.0011432222918795,-0.0013718629822809,-0.0424816459235109,0.0
1035,2014-04-15,6.487267971038819,5.824917316436768,6.498841762542725,6.313656806945801,92394221.0,-0.0032010638649817,-0.0065035616025014,-0.0050302270679378,-0.0064021088900911,0.0279755334222202,0.0
1036,2014-04-16,6.325231075286865,5.835536003112793,6.440971851348877,6.284721851348877,65084442.0,-0.0064020900502188,0.0004195451165581,-0.002286444583759,-0.0011432222918795,-0.0391450013492091,0.0
1037,2014-04-17,6.377314090728759,5.787747859954834,6.412036895751953,6.267361164093018,52684171.0,0.0020578038933575,-0.0018881131634263,-0.0011432222918795,-0.0006859220712043,-0.0177741689167663,0.0
1038,2014-04-18,6.278934955596924,5.7346510887146,6.296296119689941,6.203702926635742,55908423.0,-0.0038869670963136,-0.0020978574618969,-0.0045729268472626,-0.0025151417937774,0.0046215441322388,0.0
1039,2014-04-21,6.22106409072876,5.67624044418335,6.307869911193848,6.174767971038818,51521361.0,-0.0022864822635036,-0.0023078089989629,0.0004572813808028,-0.0011432222918794,-0.0062882803961564,0.0
1040,2014-04-22,6.197916030883789,5.872705459594727,6.469906806945801,6.180554866790772,90423067.0,-0.000914581601478,0.0077623476711544,0.0064020900502188,0.0002286406904014,0.0557605147173302,0.0
1041,2014-04-23,6.412036895751953,6.000142574310303,6.6261568069458,6.412036895751953,205809657.0,0.008459931623321,0.0050350500752502,0.0061734493598173,0.0091458725343976,0.1653916064729282,0.0
1042,2014-04-24,6.608796119689942,5.962973117828369,6.6261568069458,6.435184955596923,109556038.0,0.0077739718723721,-0.0014685680468681,0.0,0.000914581601478,-0.1379669914436605,0.0
1043,2014-04-25,6.498841762542725,5.973592758178711,6.666666030883789,6.429398059844971,123437127.0,-0.0043443049967335,0.0004195827963027,0.0016005225125547,-0.0002286406904014,0.0198967281146248,0.0
1044,2014-04-28,6.510416030883789,5.856775760650635,6.527777194976807,6.342591762542725,90900581.0,0.0004573002206751,-0.0046154484390751,-0.0054875084487407,-0.0034297233952554,-0.0466368891915457,0.0
1045,2014-04-29,6.377314090728759,5.92580509185791,6.510416030883789,6.319444179534912,71473810.0,-0.0052588677583393,0.0027273541155211,-0.0006859409110765,-0.0009145627616057,-0.027845738956942,0.0
1046,2014-04-30,6.469906806945801,5.915184497833252,6.493054866790772,6.417823791503906,44858261.00000001,0.0036583452457846,-0.0004196204760474,-0.0006859409110765,0.003886985936186,-0.0381499133154809,0.0
1047,2014-05-05,6.423611164093018,5.835536003112793,6.429398059844971,6.267361164093018,69685142.0,-0.0018291443630838,-0.0031469180719515,-0.0025150852741605,-0.0059447898295436,0.0355860913499759,0.0
1048,2014-05-06,6.319444179534912,5.814297676086426,6.417823791503906,6.307869911193848,46270812.99999999,-0.0041156454664597,-0.0008391279128609,-0.0004573002206751,0.0016005036726824,-0.0335613825471024,0.0
1049,2014-05-07,6.313656806945801,5.761198997497559,6.336804866790772,6.278934955596924,41802098.0,-0.0002286595302737,-0.0020979328213861,-0.0032010638649817,-0.0011432222918795,-0.006405319307206,0.0
1050,2014-05-08,6.267361164093018,5.803678035736084,6.452546119689941,6.255786895751953,65598493.0,-0.0018291443630838,0.0016783500250834,0.0045729456871349,-0.000914581601478,0.0341090242576226,0.0
1051,2014-05-09,6.325231075286865,5.86739444732666,6.440971851348877,6.307869911193848,55626894.0,0.002286444583759,0.0025174402581996,-0.0004573002206751,0.0020578038933576,-0.01429298480624,0.0
1052,2014-05-12,6.452546119689941,6.0213823318481445,6.597221851348878,6.377314090728759,104024207.0,0.0050302270679378,0.0060840730055602,0.0061734493598173,0.0027437448044341,0.0693712271594396,0.0
1053,2014-05-13,6.5567121505737305,5.962973117828369,6.574073791503905,6.475694179534912,52847994.0,0.0041156077867151,-0.002307752479346,-0.0009145816014781,0.0038870047760583,-0.0733544173657506,0.0
1054,2014-05-14,6.487267971038819,6.005452156066895,6.620369911193848,6.487267971038819,71905847.0,-0.0027437448044341,0.0016783500250834,0.0018291632029561,0.0004572813808029,0.0273169431872015,0.0
1055,2014-05-15,6.539350986480714,5.941734313964844,6.568286895751953,6.452546119689941,54022039.99999999,0.0020578038933575,-0.0025174967778166,-0.0020578038933575,-0.0013718629822809,-0.0256341015847838,0.0
1056,2014-05-16,6.475694179534912,5.984212398529053,6.5625,6.469906806945801,53874391.0,-0.0025150852741605,0.0016783123453387,-0.0002286406904014,0.0006859220712043,-0.0002116355575125,0.0
1057,2014-05-19,6.521989822387695,5.984212398529053,6.527777194976807,6.446759223937987,45119039.0,0.0018291443630838,0.0,-0.0013719006620255,-0.0009145627616057,-0.0125496535820667,0.0
1058,2014-05-20,6.510416030883789,5.968283653259277,6.5625,6.464119911193847,35556364.0,-0.0004572813808028,-0.0006293459346456,0.0013719006620255,0.0006859220712043,-0.0137068456605616,0.0
1059,2014-05-21,6.481481075286865,6.016071796417236,6.58564805984497,6.412036895751953,45475480.0,-0.0011432222918795,0.0018881131634263,0.000914581601478,-0.0020578038933575,0.0142177572803852,0.0
1060,2014-05-22,6.5567121505737305,6.047931671142578,6.747684955596925,6.53356409072876,106987678.0,0.0029723854948356,0.0012587860686529,0.0064020900502188,0.0048015486977918,0.0881697019116419,0.0
1061,2014-05-23,6.597221851348878,6.148818492889404,6.71875,6.574073791503905,71773601.0,0.001600541352427,0.0039860459848125,-0.0011432222918795,0.0016005413524269,-0.0504747801758539,0.0
1062,2014-05-26,6.741898059844971,6.148818492889404,6.741898059844971,6.631944179534912,54602932.0,0.0057161679790144,0.0,0.000914581601478,0.0022864634236313,-0.024611911402572,0.0
1063,2014-05-27,6.672452926635742,6.148818492889404,6.770833015441895,6.655091762542725,49145650.0,-0.0027437824841788,0.0,0.0011432222918795,0.0009145627616057,-0.0078223009879726,0.0
1064,2014-05-28,6.695600986480713,6.159438133239746,6.730323791503906,6.591434955596924,73792102.0,0.000914581601478,0.0004195827963027,-0.0016005225125547,-0.0025150852741604,0.0353274699437596,0.0
1065,2014-05-29,6.707174777984618,6.106338977813721,6.793981075286865,6.649304866790772,62594811.00000001,0.0004572813808028,-0.0020979516612585,0.0025151041140327,0.002286444583759,-0.0160498542043305,0.0
1066,2014-05-30,6.649304866790772,6.106338977813721,6.724536895751952,6.631944179534912,55083989.0,-0.0022864445837589,0.0,-0.0027437448044342,-0.0006859220712043,-0.0107657823713501,0.0
1067,2014-06-03,6.655091762542725,6.111649513244629,6.765046119689941,6.655091762542725,48058076.0,0.0002286406904014,0.0002098196579598,0.0016005225125547,0.0009145627616057,-0.0100707286523419,0.0
1068,2014-06-04,6.660879135131837,6.016071796417236,6.666666030883789,6.510416030883789,55968147.0,0.0002286595302737,-0.0037762828464695,-0.0038870047760583,-0.0057161491391421,0.0113380536681508,0.0
1069,2014-06-05,6.539350986480714,6.06917142868042,6.620369911193848,6.53356409072876,42559128.0,-0.0048015863775364,0.0020979705011308,-0.0018291632029561,0.000914581601478,-0.0192200774252538,0.0
1070,2014-06-06,6.620369911193848,6.042622089385986,6.643517971038818,6.53356409072876,32216063.000000004,0.0032010638649817,-0.001048966410693,0.000914581601478,0.0,-0.0148254328011939,0.0
1071,2014-06-09,6.568286895751953,6.095719814300537,6.678239822387696,6.550924777984619,54176605.0,-0.0020578038933575,0.0020978951416415,0.0013718629822809,0.0006859220712043,0.0314775687573071,0.0
1072,2014-06-10,6.666666030883789,6.239086151123047,6.799767971038819,6.637731075286864,107478601.0,0.0038869670963136,0.0056644148497682,0.0048015863775364,0.0034297233952554,0.0764014496541894,0.0
1073,2014-06-11,6.759259223937989,6.255016326904297,6.851850986480714,6.730323791503906,74862709.0,0.0036583640856569,0.0006294024542626,0.0020578038933575,0.0036583452457846,-0.0467506213194057,0.0
1074,2014-06-12,6.680554866790773,6.27224063873291,6.784721851348878,6.666666030883789,52911644.99999999,-0.00310961512477,0.0006805338677225,-0.0026522772243502,-0.0025151229539051,-0.0314639832821999,0.0
1075,2014-06-13,6.736111164093017,6.5370826721191415,7.2083330154418945,6.722221851348877,178488685.0,0.0021950335232919,0.0104639288413501,0.0167369092466017,0.0021950146834197,0.1799982856042037,0.0
1076,2014-06-16,6.986111164093018,6.543542861938476,7.111111164093018,6.958333015441895,126458256.0,0.0098775189757078,0.0002552425901086,-0.0038412427262078,0.0093287700148209,-0.0745788244351933,0.0
1077,2014-06-17,6.979166030883788,6.485405921936035,7.069444179534912,6.930554866790772,78026093.0,-0.0002744027402519,-0.0022969949122547,-0.0016462657225328,-0.0010975167616459,-0.069421180082787,0.0
1078,2014-06-18,6.972221851348876,6.369134902954102,6.986111164093018,6.8125,77551217.0,-0.0002743650605072,-0.0045938767852757,-0.003292493765321,-0.004664356747602,-0.0006806727238879,0.0
1079,2014-06-19,6.847221851348877,6.317458152770996,6.902777194976807,6.722221851348877,69563669.0,-0.0049387594878538,-0.0020417523221461,-0.0032925314450656,-0.0035668965055729,-0.0114491068286152,0.0
1080,2014-06-20,6.784721851348878,6.362674713134766,6.840277194976806,6.763887882232665,53578208.00000001,-0.0024693797439269,0.0017865097320374,-0.0024693797439269,0.0016462280427881,-0.0229130705309892,0.0
1081,2014-06-23,6.840277194976806,6.310998439788818,6.909721851348877,6.777777194976807,62043806.0,0.0021949958435473,-0.0020417334822738,0.0027437636443065,0.0005487678007591,0.0121343290669566,0.0
1082,2014-06-24,6.79166603088379,6.330376625061035,6.840277194976806,6.777777194976807,40981422.0,-0.00192063078304,0.0007656335709644,-0.0027437636443065,0.0,-0.0301901765699956,0.0
1083,2014-06-25,6.805554866790772,6.310998439788818,6.8125,6.694444179534911,39061818.0,0.0005487489608868,-0.0007656335709644,-0.0010974790819013,-0.003292493765321,-0.0027515016203517,0.0
1084,2014-06-26,6.743054866790772,6.34329652786255,6.826387882232666,6.743054866790772,49375474.0,-0.0024693797439269,0.0012760999113094,0.0005487112811422,0.0019206119431678,0.0147832788407141,0.0
1085,2014-06-27,6.798611164093018,6.34329652786255,6.854166030883789,6.743054866790772,52923000.00000001,0.0021950335232919,0.0,0.0010975167616459,0.0,0.0050849151894035,0.0
1086,2014-06-30,6.805554866790772,6.401432037353516,6.923611164093018,6.798611164093018,64402262.99999999,0.0002743462206349,0.0022969383926378,0.0027437824841788,0.0021950335232919,0.0164540242388239,0.0
1087,2014-07-01,6.881944179534911,6.369134902954102,6.909721851348877,6.826387882232666,41031895.0,0.003018147544686,-0.0012760622315647,-0.0005487678007591,0.001097460242029,-0.0334983701952151,0.0
1088,2014-07-02,6.847221851348877,6.388513088226319,6.874999999999999,6.8125,41190006.0,-0.0013718818221532,0.0007656335709644,-0.0013718629822809,-0.0005487112811422,0.0002266314681024,0.0
1089,2014-07-03,6.868054866790773,6.43372917175293,6.9375,6.826387882232666,64354299.0,0.0008231140213941,0.0017864908921651,0.0024693797439269,0.0005487112811422,0.033202988597545,0.0
1090,2014-07-04,6.923611164093018,6.401432037353516,6.951387882232666,6.847221851348877,49292821.0,0.0021950335232919,-0.0012760622315647,0.0005487112811422,0.0008231517011387,-0.0215886615791026,0.0
1091,2014-07-07,6.881944179534911,6.369134902954102,6.895833015441896,6.805554866790772,49400876.00000001,-0.0016462657225328,-0.0012760622315647,-0.0021949770036749,-0.0016462657225327,0.0001548827297646,0.0
1092,2014-07-08,6.833333015441895,6.414351463317871,6.895833015441896,6.784721851348878,49836530.0,-0.00192063078304,0.0017865097320374,0.0,-0.0008231140213941,0.0006244531095542,0.0
1093,2014-07-09,6.888887882232667,6.23348331451416,6.888887882232667,6.652777194976808,84656324.0,0.002194977003675,-0.0071461142876391,-0.0002744027402519,-0.0052131433882334,0.0499096269914591,0.0
1094,2014-07-10,6.708333015441895,6.246402263641357,6.756944179534912,6.673611164093018,51877127.0,-0.0071337364915289,0.0005104286606003,-0.0052131057084888,0.0008231517011387,-0.0469846977081356,0.0
1095,2014-07-11,6.708333015441895,6.246402263641357,6.736111164093017,6.694444179534911,45838092.0,0.0,0.0,-0.0008231140213941,0.000823114021394,-0.0086561679324801,0.0
1096,2014-07-14,6.722221851348877,6.278701305389404,6.75,6.645833015441895,66688722.00000001,0.0005487489608868,0.001276137591054,0.0005487489608868,-0.00192063078304,0.0298866548675425,0.0
1097,2014-07-15,6.75,6.278701305389404,6.75,6.75,0.0,0.0010975167616459,0.0,0.0,0.0041156454664597,-0.0955895729755642,0.0
1098,2014-07-16,6.736111164093017,6.207644939422607,6.743054866790772,6.611111164093018,88949207.0,-0.0005487489608868,-0.0028074424127274,-0.0002744027402518,-0.0054875084487407,0.1274970708487271,0.0
1099,2014-07-17,6.666666030883789,6.19472599029541,6.680554866790773,6.618054866790772,46090486.0,-0.0027437824841788,-0.0005104286606003,-0.0024693797439269,0.0002743462206349,-0.0614323789061191,0.0
1100,2014-07-18,6.631944179534912,6.201185703277588,6.701387882232666,6.618054866790772,54016593.0,-0.0013718629822809,0.0002552237502363,0.000823114021394,0.0,0.0113610391797376,0.0
1101,2014-07-21,6.666666030883789,6.168887615203857,6.666666030883789,6.618054866790772,39311288.0,0.0013718629822809,-0.0012760999113094,-0.0013718629822809,0.0,-0.0210781341022763,0.0
1102,2014-07-22,6.618054866790772,6.285160064697266,6.805554866790772,6.611111164093018,88372638.0,-0.00192063078304,0.0045939333048926,0.0054875084487407,-0.0002743462206349,0.0703230374710839,0.0
1103,2014-07-23,6.736111164093017,6.304538249969482,6.826387882232666,6.722221851348877,80021329.0,0.0046644132672188,0.0007656335709644,0.000823114021394,0.0043899916870947,-0.0119705107123958,0.0
1104,2014-07-24,6.784721851348878,6.562921047210693,7.152777194976808,6.777777194976807,260038651.0,0.0019206119431678,0.010208723930986,0.0128956665203939,0.0021949958435473,0.2580313195713158,0.0
1105,2014-07-25,7.083333015441896,6.6016788482666025,7.125,7.000000000000001,122963600.0,0.0117981497587479,0.0015313236615457,-0.0010974790819013,0.0087800398938064,-0.1964791826524084,0.0
1106,2014-07-28,7.125,6.963415145874023,7.569444179534912,7.111111164093018,268974600.0,0.0016462657225327,0.0142922285752783,0.0175600232679958,0.004390010526967,0.2092876984467494,0.0
1107,2014-07-29,7.513887882232666,6.989251613616943,7.7083330154418945,7.451387882232666,173063099.0,0.0153649897447039,0.0010208008015837,0.0054875084487407,0.0134443589616637,-0.1374766099736534,0.0
1108,2014-07-30,7.513887882232666,6.944035053253173,7.7083330154418945,7.451387882232666,116643687.0,0.0,-0.0017865097320374,0.0,0.0,-0.0808698583339537,0.0
1109,2014-07-31,7.465277194976807,7.021551132202148,7.569444179534912,7.3958330154418945,91840957.0,-0.0019206119431677,0.0030626661629638,-0.0054875084487407,-0.002194977003675,-0.0355514740457647,0.0
1110,2014-08-01,7.527777194976807,6.9117374420166025,7.694444179534911,7.430554866790771,123049391.0,0.0024693797439269,-0.0043387472344009,0.0049387594878538,0.0013718629822809,0.0447332141002204,0.0
1111,2014-08-04,7.430554866790771,7.06030797958374,7.590277194976807,7.361111164093018,119609845.0,-0.0038412615660802,0.005870033216202,-0.0041156454664597,-0.0027437259645618,-0.0049301399623434,0.0
1112,2014-08-05,7.60416603088379,6.989251613616943,7.701387882232667,7.4375,108313238.0,0.006859390270894,-0.0028074424127275,0.0043899916870947,0.0030181287048137,-0.0161922107189693,0.0
1113,2014-08-06,7.465277194976807,6.879440307617188,7.465277194976807,7.298611164093018,120189252.0,-0.0054875084487407,-0.0043386530350393,-0.0093287511749486,-0.0054875084487407,0.0170227149788808,0.0
1114,2014-08-07,7.3958330154418945,6.782546520233154,7.416666030883789,7.277777194976807,85886589.0,-0.0027437448044342,-0.0038282808940559,-0.0019206307830401,-0.0008231517011387,-0.0491683872438684,0.0
1115,2014-08-08,7.312500000000001,6.808384895324706,7.375,7.263887882232666,80013844.0,-0.003292493765321,0.001020876161073,-0.0016462280427882,-0.0005487678007591,-0.008417812936112,0.0
1116,2014-08-11,7.333333015441894,6.918198108673096,7.465277194976807,7.333333015441894,89471786.0,0.000823114021394,0.0043387283945286,0.0035668588258283,0.0027437824841788,0.0135567245839207,0.0
1117,2014-08-12,7.3958330154418945,6.847142696380615,7.402777194976807,7.3055548667907715,69242741.0,0.0024693797439269,-0.0028074047329828,-0.0024693797439269,-0.0010975167616459,-0.0289956939533714,0.0
1118,2014-08-13,7.347221851348877,6.879440307617188,7.4375,7.284721851348876,76804552.0,-0.0019206307830401,0.0012760810714371,0.0013719006620255,-0.0008231140213941,0.0108388684433317,0.0
1119,2014-08-14,7.416666030883789,6.808384895324706,7.465277194976807,7.298611164093018,75411817.0,0.0027437448044342,-0.0028074047329829,0.0010974790819013,0.0005487678007591,-0.0019963037216116,0.0
1120,2014-08-15,7.319444179534913,6.834223747253419,7.381944179534912,7.256944179534912,97212926.0,-0.0038412427262078,0.0010208950009454,-0.003292493765321,-0.0016462657225328,0.031249042374867,0.0
1121,2014-08-18,7.354166030883789,6.879440307617188,7.423611164093018,7.326387882232666,84819382.0,0.0013718629822809,0.0017865097320374,0.0016462657225328,0.0027437259645619,-0.0177645266408593,0.0
1122,2014-08-19,7.3958330154418945,6.834223747253419,7.409721851348877,7.298611164093018,83638316.0,0.0016462657225328,-0.0017865097320374,-0.0005487678007591,-0.001097460242029,-0.0016929038555568,0.0
1123,2014-08-20,7.340277194976806,6.76316785812378,7.340277194976806,7.25,82553137.0,-0.0021950146834197,-0.0028074235728551,-0.0027437636443065,-0.0019206307830401,-0.0015554623645666,0.0
1124,2014-08-21,7.256944179534912,6.679193496704102,7.2708330154418945,7.118054866790772,91041192.0,-0.003292493765321,-0.0033178333935832,-0.0027437448044341,-0.0052131622281057,0.012166518243416,0.0
1125,2014-08-22,7.145833015441895,6.685653209686279,7.229166030883789,7.125,69344890.0,-0.004390010526967,0.0002552237502363,-0.0016462657225328,0.0002744027402518,-0.031098815228891,0.0
1126,2014-08-25,7.187499999999999,6.595219612121582,7.187499999999999,7.069444179534912,73358559.0,0.0016462657225327,-0.0035730383039472,-0.0016462280427882,-0.0021950146834197,0.005753070298382,0.0
1127,2014-08-26,7.076387882232665,6.58229923248291,7.131944179534912,7.041666030883789,66407780.0,-0.0043900482067116,-0.0005104851802172,-0.0021950146834196,-0.0010975167616459,-0.0099630338763654,0.0
1128,2014-08-27,7.076387882232665,6.614598274230958,7.215277194976807,7.0625,82533143.0,0.0,0.001276137591054,0.003292493765321,0.0008231517011387,0.0231136017758139,0.0
1129,2014-08-28,7.111111164093018,6.556462287902831,7.118054866790772,7.041666030883789,63211655.0,0.0013719195018979,-0.0022969572325102,-0.0038412615660801,-0.0008231517011387,-0.0276948295271348,0.0
1130,2014-08-29,7.048611164093017,6.621057510375977,7.118054866790772,7.041666030883789,49496601.0,-0.0024693797439269,0.0025521621428742,0.0,0.0,-0.0196587386274519,0.0
1131,2014-09-01,7.111111164093018,6.65335512161255,7.173611164093018,7.0625,70240631.0,0.0024693797439269,0.0012760810714371,0.0021950335232919,0.0008231517011387,0.0297338576902447,0.0
1132,2014-09-02,7.187499999999999,6.750248908996582,7.284721851348876,7.111111164093018,113472714.0,0.0030181287048137,0.0038282808940559,0.0043899916870946,0.0019206307830401,0.0619675445694423,0.0
1133,2014-09-03,7.2708330154418945,6.782546520233154,7.354166030883789,7.243054866790772,110437744.0,0.003292493765321,0.0012760810714371,0.0027437448044342,0.0052131057084888,-0.004350233106786,0.0
1134,2014-09-04,7.291666030883788,6.814844131469727,7.326387882232666,7.2083330154418945,90454825.0,0.000823114021394,0.0012760810714371,-0.0010975167616459,-0.0013718629822809,-0.0286429044781408,0.0
1135,2014-09-05,7.326387882232666,6.827764034271241,7.388887882232667,7.291666030883788,86094444.0,0.0013718629822809,0.000510466340345,0.0024693797439269,0.003292493765321,-0.0062500366673807,0.0
1136,2014-09-09,7.326387882232666,6.756707668304443,7.347221851348877,7.236111164093017,81604452.0,0.0,-0.0028074424127275,-0.0016462280427882,-0.002194977003675,-0.0064358171077817,0.0
1137,2014-09-10,7.222221851348877,6.672733783721924,7.229166030883789,7.159721851348877,76549438.0,-0.0041156077867151,-0.0033178145537109,-0.0046643944273466,-0.0030181475446861,-0.0072457023489743,0.0
1138,2014-09-11,7.173611164093018,6.698572158813476,7.326387882232666,7.152777194976808,102738418.0,-0.0019206119431677,0.001020876161073,0.0038412427262078,-0.0002743839003795,0.0375384823668624,0.0
1139,2014-09-12,7.201387882232666,6.698572158813476,7.2083330154418945,7.131944179534912,58846229.0,0.001097460242029,0.0,-0.004664356747602,-0.0008231140213941,-0.0629137203060025,0.0
1140,2014-09-15,7.173611164093018,6.659814357757568,7.173611164093018,7.118054866790772,74220242.0,-0.001097460242029,-0.0015313236615457,-0.0013718629822809,-0.0005487678007591,0.0220366396823554,0.0
1141,2014-09-16,7.166666030883789,6.621057510375977,7.263887882232666,7.111111164093018,119281030.0,-0.0002744027402519,-0.0015312859818011,0.0035668399859559,-0.0002743462206349,0.0645887543453363,0.0
1142,2014-09-17,7.152777194976808,6.627516746520996,7.187499999999999,7.083333015441896,80171707.0,-0.0005487489608868,0.000255204910364,-0.0030180910250691,-0.0010975167616459,-0.0560581065706044,0.0
1143,2014-09-18,7.090277194976807,6.672733783721924,7.263887882232666,7.069444179534912,110636516.0,-0.0024693797439269,0.0017865285719098,0.0030180910250691,-0.0005487489608869,0.0436673247853231,0.0
1144,2014-09-19,7.152777194976808,6.705031871795653,7.222221851348877,7.125,82188603.0,0.0024693797439269,0.0012760999113093,-0.0016462280427881,0.0021950146834197,-0.040776367789984,0.0
1145,2014-09-22,7.173611164093018,6.498326301574706,7.180554866790773,6.958333015441895,113787599.0,0.0008231517011387,-0.0081669527689676,-0.0016462657225327,-0.0065850252103867,0.0452930337171037,0.0
1146,2014-09-23,6.986111164093018,6.524163246154786,7.041666030883789,6.979166030883788,66550752.0,-0.0074081392317808,0.0010208196414561,-0.0054875084487407,0.000823114021394,-0.0677078507133794,0.0
1147,2014-09-24,6.993054866790772,6.64043664932251,7.152777194976808,6.972221851348876,109519617.0,0.0002743462206349,0.0045939709846372,0.004390010526967,-0.0002743650605072,0.0615902559445458,0.0
1148,2014-09-25,7.166666030883789,6.575840950012207,7.173611164093018,7.048611164093017,97512094.0,0.0068593902708939,-0.0025521809827465,0.0008231517011387,0.0030181475446861,-0.0172112159543897,0.0
1149,2014-09-26,7.055554866790772,6.5370826721191415,7.0625,6.986111164093018,65323197.99999999,-0.004390010526967,-0.001531342501418,-0.004390010526967,-0.0024693797439269,-0.0461385783220564,0.0
1150,2014-09-29,7.041666030883789,6.5370826721191415,7.076387882232665,7.006944179534913,87171654.0,-0.0005487489608868,0.0,0.0005487112811422,0.0008231140213941,0.0313169081155192,0.0
1151,2014-09-30,7.041666030883789,6.550002098083496,7.055554866790772,7.013887882232666,69693471.0,0.0,0.0005104475004726,-0.000823114021394,0.0002743462206349,-0.0250526925581024,0.0
1152,2014-10-08,7.0625,6.627516746520996,7.125,7.041666030883789,97154952.0,0.0008231517011387,0.0030626096433468,0.0027437824841788,0.0010975167616459,0.0393624463528716,0.0
1153,2014-10-09,7.125,6.5887603759765625,7.145833015441895,7.055554866790772,95384678.0,0.0024693797439269,-0.0015312671419288,0.0008231140213941,0.0005487489608868,-0.0025374565688894,0.0
1154,2014-10-10,7.055554866790772,6.562921047210693,7.083333015441896,7.034721851348877,94946261.0,-0.0027437824841788,-0.0010209138408177,-0.0024693797439269,-0.0008231140213941,-0.0006284135091871,0.0
1155,2014-10-13,7.027777194976807,6.524163246154786,7.041666030883789,6.972221851348876,74862059.0,-0.0010974979217737,-0.0015313236615457,-0.0016462657225329,-0.0024693797439269,-0.0287880804303758,0.0
1156,2014-10-14,7.006944179534913,6.5370826721191415,7.083333015441896,6.993054866790772,82927200.0,-0.000823114021394,0.0005104475004726,0.0016462657225329,0.0008231140213941,0.0115603262599291,0.0
1157,2014-10-15,7.020833015441895,6.562921047210693,7.069444179534912,6.958333015441895,86063015.0,0.0005487489608868,0.001020876161073,-0.0005487489608869,-0.0013718629822809,0.0044947812432268,0.0
1158,2014-10-16,7.013887882232666,6.5887603759765625,7.187499999999999,7.000000000000001,190617910.0,-0.0002744027402519,0.0010209138408177,0.0046643944273466,0.0016462657225328,0.1498657863852144,0.0
1159,2014-10-17,7.083333015441896,6.5370826721191415,7.097221851348878,6.986111164093018,100873605.0,0.0027437824841788,-0.0020417900018907,-0.0035668965055729,-0.0005487489608868,-0.1286367399863922,0.0
1160,2014-10-20,7.048611164093017,6.569380760192871,7.076387882232665,7.006944179534913,88008549.0,-0.001371862982281,0.0012760999113093,-0.0008231517011387,0.0008231140213941,-0.0184403775101091,0.0
1161,2014-10-21,7.041666030883789,6.517704486846924,7.055554866790772,6.993054866790772,70030543.0,-0.0002744027402518,-0.0020417334822738,-0.000823114021394,-0.0005487678007591,-0.0257691235482385,0.0
1162,2014-10-22,7.000000000000001,6.524163246154786,7.076387882232665,6.986111164093018,80562255.0,-0.0016462280427881,0.0002551860704917,0.000823114021394,-0.0002743462206349,0.0150958336370822,0.0
1163,2014-10-23,7.027777194976807,6.614598274230958,7.180554866790773,7.027777194976807,228309079.0,0.0010974790819013,0.0035730948235642,0.0041156454664598,0.0016462280427881,0.2117757754400488,0.0
1164,2014-10-24,7.173611164093018,6.575840950012207,7.187499999999999,7.048611164093017,118222439.0,0.0057619111889926,-0.0015313048216734,0.0002744027402518,0.0008231517011387,-0.1577948203583008,0.0
1165,2014-10-27,7.013887882232666,6.472487449645996,7.034721851348877,6.930554866790772,105057905.0,-0.0063106789897517,-0.0040835046442923,-0.0060362762494998,-0.0046644132672188,-0.0188696401091971,0.0
1166,2014-10-28,6.979166030883788,6.569380760192871,7.076387882232665,6.979166030883788,76413739.0,-0.0013718629822809,0.0038282620541836,0.0016462280427881,0.00192063078304,-0.0410576708334758,0.0
1167,2014-10-29,7.076387882232665,6.65335512161255,7.2083330154418945,7.041666030883789,153399772.0,0.0038412427262078,0.0033178333935832,0.0052131622281058,0.0024693797439269,0.1103494233935491,0.0
1168,2014-10-30,7.159721851348877,6.737329006195068,7.326387882232666,7.090277194976807,218971176.0,0.0032925314450656,0.0033178145537108,0.004664356747602,0.0019206307830401,0.0939880435520747,0.0
1169,2014-10-31,7.291666030883788,7.124903678894043,7.881944179534912,7.263887882232666,517404096.0,0.0052131245483611,0.0153131047363514,0.0219500714747075,0.0068593714310216,0.4277646134027087,0.0
1170,2014-11-03,7.75,7.176580429077148,7.819444179534913,7.625,276024192.0,0.0181088099086274,0.0020417523221461,-0.0024693797439269,0.0142675671824195,-0.3459865664878491,0.0
1171,2014-11-04,7.743054866790772,7.008631706237793,7.763887882232666,7.486111164093018,189934858.0,-0.0002744027402518,-0.0066356667871664,-0.002195033523292,-0.0054875084487407,-0.1233978164225537,0.0
1172,2014-11-05,7.534721851348877,6.989251613616943,7.60416603088379,7.402777194976807,185166260.0,-0.0082312532531749,-0.0007657089304536,-0.0063106224701348,-0.0032925314450656,-0.0068351624208982,0.0
1173,2014-11-06,7.513887882232666,7.002171516418457,7.569444179534912,7.458333015441895,92897834.0,-0.0008231517011387,0.000510466340345,-0.0013718629822809,0.0021950146834197,-0.1322547377721145,0.0
1174,2014-11-07,7.506944179534913,7.047388553619385,7.902777194976807,7.479166030883788,321749170.0,-0.0002743462206349,0.0017865285719098,0.0131700127410288,0.000823114021394,0.3280285005780643,0.0
1175,2014-11-10,7.673611164093018,7.195959091186524,7.812500000000001,7.541666030883789,233474176.0,0.0065850252103867,0.0058700332162021,-0.0035668588258283,0.0024693797439269,-0.1265306745701394,0.0
1176,2014-11-11,7.715277194976807,7.279933452606201,8.083333015441895,7.687499999999999,429320286.0,0.0016462280427881,0.0033178333935832,0.0107006329971018,0.0057619111889926,0.2807198198193897,0.0
1177,2014-11-12,7.7708330154418945,7.234716415405273,7.784721851348876,7.631944179534912,200082618.0,0.0021950146834197,-0.0017865285719098,-0.0117981497587479,-0.0021950146834196,-0.328582257042415,0.0
1178,2014-11-13,7.763887882232666,7.1378231048583975,7.888887882232667,7.659721851348877,193015334.0,-0.0002744027402519,-0.0038282620541836,0.0041156077867152,0.0010974979217736,-0.0101300285775012,0.0
1179,2014-11-14,7.638887882232666,7.06030797958374,7.645833015441894,7.500000000000001,129819831.0,-0.0049387594878538,-0.0030626284832191,-0.0096031162354559,-0.0063106224701348,-0.0905824997777883,0.0
1180,2014-11-17,7.60416603088379,6.950495719909668,7.631944179534912,7.4375,128101605.0,-0.0013718629822809,-0.0043386907147839,-0.0005487489608868,-0.0024693797439269,-0.0024628525587206,0.0
1181,2014-11-18,7.458333015441895,6.853601455688476,7.506944179534913,7.333333015441894,133962690.0,-0.005761873509248,-0.0038282997339282,-0.0049387594878538,-0.0041156454664598,0.0084010998489892,0.0
1182,2014-11-19,7.361111164093018,6.86652135848999,7.402777194976807,7.319444179534913,85198574.0,-0.0038412427262078,0.000510466340345,-0.0041156454664598,-0.0005487489608868,-0.0698969913529139,0.0
1183,2014-11-20,7.347221851348877,6.86652135848999,7.423611164093018,7.291666030883788,98430426.0,-0.0005487678007591,0.0,0.0008231517011387,-0.001097516761646,0.0189661316699976,0.0
1184,2014-11-21,7.375,6.976334095001221,7.541666030883789,7.291666030883788,165129405.0,0.0010975167616459,0.0043387095546563,0.004664356747602,0.0,0.0956042750454286,0.0
1185,2014-11-24,7.3680548667907715,6.963415145874023,7.60416603088379,7.3055548667907715,320741065.0,-0.0002744027402518,-0.0005104286606003,0.0024693797439269,0.0005487489608868,0.2230489906437056,0.0
1186,2014-11-25,7.465277194976807,7.092607021331787,7.652777194976806,7.423611164093018,225763584.0,0.0038412615660802,0.0051043808053653,0.00192063078304,0.0046644132672189,-0.1361378142931688,0.0
1187,2014-11-26,7.631944179534912,7.241175651550294,7.8958330154418945,7.5833330154418945,314628285.0,0.0065850252103867,0.0058699578567128,0.0096031539152005,0.0063106224701348,0.1273759425347991,0.0
1188,2014-11-27,7.881944179534912,7.305771350860596,7.9930548667907715,7.722221851348877,302955367.0,0.0098775189757077,0.0025521809827465,0.0038412427262078,0.0054875084487407,-0.0167316033886325,0.0
1189,2014-11-28,7.826387882232666,8.035701751708984,8.638888359069824,7.763887882232666,697656867.0,-0.0021950335232919,0.0288396055413038,0.0255169303005359,0.0016462280427881,0.5657530494858585,0.0
1190,2014-12-01,8.75,7.874213695526123,9.05555534362793,8.4375,642990764.0,0.036491984877762,-0.0063804053571855,0.0164625441860944,0.0266144659020542,-0.0783567188768171,0.0
1191,2014-12-02,8.43055534362793,8.474952697753906,9.30555534362793,8.388888359069824,502619245.0,-0.0126212826200143,0.0237352435758108,0.0098775189757078,-0.0019206496229124,-0.2012042389887348,0.0
1192,2014-12-03,9.11111068725586,8.462035179138184,9.645833015441896,8.826388359069824,575644332.0,0.0268887932828168,-0.0005103721409834,0.0134443966414085,0.0172856582074886,0.1046719246296762,0.0
1193,2014-12-04,9.125,9.01755714416504,9.701388359069824,8.958333015441895,496826035.0,0.0005487678007591,0.021948715003901,0.0021949958435472,0.0052131433882334,-0.1129757345311129,0.0
1194,2014-12-05,9.756943702697754,9.38575267791748,10.576388359069824,9.388888359069824,635572396.0,0.0249681436599044,0.0145474334856423,0.0345713164149772,0.017011274307109,0.1988747872526852,0.0
1195,2014-12-08,9.86805534362793,9.83792209625244,10.763888359069824,9.722222328186035,565681324.0,0.0043900293668393,0.0178652480393532,0.0074081392317808,0.0131700504207734,-0.1001797234513567,0.0
1196,2014-12-09,10.388888359069824,8.85606861114502,10.784722328186035,9.520833015441896,582540495.0,0.0205781519728097,-0.0387931057220534,0.0008231517011387,-0.0079569070325399,0.0241654197033798,0.0
1197,2014-12-10,9.444443702697754,9.16612720489502,9.972222328186035,9.041666030883787,508009579.0,-0.0373150800592838,0.0122504385733875,-0.0321019366710503,-0.0189319239300215,-0.1068303338294239,0.0
1198,2014-12-11,9.590276718139648,8.991719245910645,10.125,9.506943702697754,322271375.0,0.005761873509248,-0.0068908716975305,0.0060362574096275,0.0183831561292623,-0.266231456731293,0.0
1199,2014-12-12,9.652776718139648,9.004637718200684,9.86111068725586,9.5,236722906.0,0.0024693797439269,0.000510409820728,-0.0104262867764669,-0.0002743462206349,-0.1226225570857887,0.0
1200,2014-12-15,9.54861068725586,8.7720947265625,9.54861068725586,9.215276718139648,259334867.0,-0.0041156077867151,-0.009187791250296,-0.0123468987196347,-0.0112494384776056,0.03241129281395,0.0
1201,2014-12-16,9.375,9.295318603515623,9.99305534362793,9.333333015441896,355546501.0,-0.0068593714310217,0.0206726150925914,0.0175600421078682,0.004664413267219,0.1379068114296938,0.0
1202,2014-12-17,10.0,9.92189598083496,10.881943702697754,9.86111068725586,633623927.0,0.0246937974392694,0.0247561197368838,0.0351200465359917,0.0208525358731891,0.3985876713229571,0.0
1203,2014-12-18,10.701388359069824,9.61829662322998,10.79861068725586,10.138888359069824,355716129.0,0.0277119073042109,-0.0119952336630235,-0.003292493765321,0.0109750168974814,-0.398344531739555,0.0
1204,2014-12-19,10.291666030883787,9.68935203552246,10.54861068725586,10.027776718139648,278698438.0,-0.016188160285715,0.0028074047329827,-0.0098775189757077,-0.0043900293668394,-0.1103948010017939,0.0
1205,2014-12-22,10.347222328186035,9.908976554870604,11.222222328186035,10.284722328186035,499304338.00000006,0.002195033523292,0.008677381429568,0.0266144470621818,0.010151940555832,0.3162097449834175,0.0
1206,2014-12-23,10.409722328186035,9.527862548828123,10.61111068725586,10.069443702697754,258890513.0,0.0024693797439269,-0.0150578433063704,-0.0241450673182549,-0.0085056748332991,-0.3446018184179932,0.0
1207,2014-12-24,10.23611068725586,9.08861255645752,10.3125,9.5,289479026.0,-0.0068594091107663,-0.0173548005388806,-0.0117981309188756,-0.0224987639159774,0.0438446383127194,0.0
1208,2014-12-25,9.965276718139648,9.489106178283691,10.24305534362793,9.75,287607722.0,-0.0107006706768464,0.0158235333969518,-0.0027437636443065,0.0098775189757078,-0.0026822698786679,0.0
1209,2014-12-26,10.145833015441896,9.753947257995604,10.541666030883787,10.083333015441896,350938562.00000006,0.0071337930111459,0.0104638911616053,0.0117981309188755,0.0131700127410289,0.0907764876913338,0.0
1210,2014-12-29,10.840276718139648,9.637675285339355,11.145833015441896,10.24305534362793,372405336.0,0.0274375234038312,-0.0045939144650202,0.0238706834178755,0.006310641310007,0.0307698168188459,0.0
1211,2014-12-30,10.36805534362793,10.012331008911133,10.826388359069824,10.326388359069824,340715286.0,-0.0186575023498972,0.014802676075751,-0.0126212826200144,0.003292493765321,-0.0454235477338174,0.0
1212,2014-12-31,10.840276718139648,10.23195743560791,11.027776718139648,10.625,345609462.0,0.0186575023498972,0.0086774567890572,0.0079568693527953,0.0117981685986202,0.007015162082537,0.0
1213,2015-01-05,11.097222328186035,10.348228454589844,11.30555534362793,10.833333015441896,411902845.0,0.010151940555832,0.0045938767852757,0.0109750545772261,0.0082312532531749,0.0950229061530902,0.0
1214,2015-01-06,11.006943702697754,10.193198204040527,11.381943702697754,10.79861068725586,311964681.0,-0.0035669153454452,-0.0061252569664384,0.0030181098649414,-0.0013718818221533,-0.1432483054739285,0.0
1215,2015-01-07,10.80555534362793,9.999411582946776,10.99305534362793,10.625,244817376.0,-0.0079568693527953,-0.0076565241083673,-0.0153650085845761,-0.0068593714310216,-0.0962468918119314,0.0
1216,2015-01-08,10.763888359069824,9.66351318359375,10.8125,10.347222328186035,202710846.0,-0.0016462657225328,-0.0132713712540775,-0.0071337553314013,-0.0109750168974814,-0.0603542113490011,0.0
1217,2015-01-09,10.347222328186035,9.7410306930542,11.020833015441896,10.215276718139648,361224033.0,-0.0164625065063498,0.0030627226825807,0.008231253253175,-0.0052131810679781,0.2272079506385766,0.0
1218,2015-01-12,10.326388359069824,9.54078197479248,10.451388359069824,10.069443702697754,223673883.0,-0.0008231517011387,-0.0079118420579651,-0.0224988015957221,-0.005761873509248,-0.197160175017671,0.0
1219,2015-01-13,10.17361068725586,9.48264503479004,10.347222328186035,10.145833015441896,117629966.0,-0.0060362574096275,-0.0022969949122547,-0.0041156077867151,0.0030181475446862,-0.1520001049455734,0.0
1220,2015-01-14,10.263888359069824,9.566620826721191,10.55555534362793,10.208333015441896,181876268.0,0.0035668776657006,0.0033178899132,0.0082312532531749,0.0024693797439269,0.0920886829026224,0.0
1221,2015-01-15,10.3125,9.91543674468994,10.659722328186035,10.215276718139648,178872526.0,0.0019206496229123,0.0137817433950609,0.0041156454664598,0.0002743462206348,-0.0043054718473802,0.0
1222,2015-01-16,10.694443702697754,9.92835521697998,10.847222328186035,10.541666030883787,224041871.0,0.0150906246841966,0.0005104098207281,0.0074081392317808,0.0128956665203938,0.0647443566265362,0.0
1223,2015-01-19,9.729166030883787,8.933582305908203,10.11805534362793,9.604166030883787,307745807.0,-0.0381381940806779,-0.0393035532225262,-0.0288094429057292,-0.0370406961589042,0.1199786599391417,0.0
1224,2015-01-20,9.604166030883787,8.933582305908203,9.763888359069824,9.416666030883787,214706607.0,-0.0049387594878538,0.0,-0.0139931644421675,-0.0074081392317808,-0.1333595416326634,0.0
1225,2015-01-21,9.638888359069824,9.314697265625,10.138888359069824,9.54861068725586,279436373.0,0.0013718818221533,0.0150578809861151,0.0148162784635617,0.0052131433882335,0.0927816654028577,0.0
1226,2015-01-22,9.958333015441896,9.237184524536133,10.083333015441896,9.833333015441896,180722319.0,0.0126212826200143,-0.0030625342838576,-0.0021949958435473,0.0112494007978611,-0.1414937036662178,0.0
1227,2015-01-23,9.972222328186035,9.30177879333496,10.159722328186035,9.93055534362793,210122196.0,0.000548767800759,0.0025521244631295,0.003018147544686,0.0038412615660801,0.0421408838508572,0.0
1228,2015-01-26,9.972222328186035,9.263021469116213,10.027776718139648,9.833333015441896,152295235.0,0.0,-0.0015313048216732,-0.0052131810679781,-0.0038412615660801,-0.0828873959897538,0.0
1229,2015-01-27,9.965276718139648,9.036935806274414,9.979166030883787,9.604166030883787,192887231.0,-0.0002744215801241,-0.0089326616994213,-0.0019206119431678,-0.0090544049543138,0.058183324668687,0.0
1230,2015-01-28,9.631943702697754,9.0821533203125,9.93055534362793,9.583333015441896,178686367.0,-0.0131700127410288,0.001786547411782,-0.0019206119431677,-0.0008231140213939,-0.0203550838122833,0.0
1231,2015-01-29,9.597222328186035,8.978798866271973,9.729166030883787,9.54861068725586,146412473.0,-0.0013718441424086,-0.0040835423240369,-0.00795690703254,-0.0013718818221533,-0.0462604118537257,0.0
1232,2015-01-30,9.67361068725586,8.998178482055664,9.80555534362793,9.55555534362793,133936803.0,0.0030181098649414,0.0007656900905813,0.0030181475446862,0.0002743839003795,-0.0178822435356319,0.0
1233,2015-02-02,9.444443702697754,8.804390907287598,9.583333015441896,9.409722328186035,123974231.0,-0.0090544049543137,-0.0076565617881118,-0.008780021053934,-0.005761873509248,-0.014280045780729,0.0
1234,2015-02-03,9.569443702697754,9.01109790802002,9.715276718139648,9.458333015441896,127202276.0,0.0049387594878538,0.0081670092885845,0.0052131057084887,0.0019206119431678,0.0046269809023466,0.0
1235,2015-02-04,9.722222328186035,8.85606861114502,9.75,9.513888359069824,116297727.0,0.0060362950893722,-0.0061252192866937,0.0013719195018979,0.0021949958435472,-0.015630246781474,0.0
1236,2015-02-05,9.93055534362793,8.907745361328125,10.020833015441896,9.55555534362793,275576999.0,0.0082312532531749,0.0020417523221461,0.0107006329971019,0.0016462657225328,0.2283060334300415,0.0
1237,2015-02-06,9.506943702697754,8.726877212524414,9.6875,9.30555534362793,148378832.0,-0.016736928086474,-0.0071461142876392,-0.0131700127410289,-0.0098775189757077,-0.1823219594282299,0.0
1238,2015-02-09,9.375,8.733336448669434,9.5,9.18055534362793,136308424.0,-0.0052131057084888,0.000255204910364,-0.0074081392317808,-0.0049387594878538,-0.0173013533886709,0.0
1239,2015-02-10,9.36805534362793,8.89482593536377,9.597222328186035,9.319443702697754,104382053.0,-0.0002743839003795,0.0063804618768024,0.0038412615660802,0.0054874896088684,-0.0457622830221493,0.0
1240,2015-02-11,9.569443702697754,8.868988037109375,9.61805534362793,9.5,79826329.0,0.0079568693527953,-0.0010208573212007,0.0008231140213941,0.0071337930111458,-0.0351974232054681,0.0
1241,2015-02-12,9.54861068725586,8.952962875366211,9.652776718139648,9.458333015441896,87655057.0,-0.000823114021394,0.0033178522334555,0.0013718441424086,-0.0016462657225327,0.011221459101613,0.0
1242,2015-02-13,9.67361068725586,9.01109790802002,9.847222328186035,9.61111068725586,127835006.0,0.0049387594878538,0.0022969195527655,0.007682560811905,0.0060362574096274,0.0575927091103942,0.0
1243,2015-02-16,9.6875,8.991719245910645,9.729166030883787,9.534722328186035,103853144.0,0.0005487678007591,-0.0007656524108367,-0.004664413267219,-0.0030181098649414,-0.034374866978841,0.0
1244,2015-02-17,9.694443702697754,9.036935806274414,9.79861068725586,9.67361068725586,97990788.0,0.0002743462206349,0.0017865097320375,0.0027437636443066,0.0054874896088684,-0.0084029216614877,0.0
1245,2015-02-25,9.75,8.914204597473145,9.756943702697754,9.55555534362793,83144495.0,0.0021950335232919,-0.0048491193753844,-0.0016462657225328,-0.0046643755874743,-0.0212802219862619,0.0
1246,2015-02-26,9.583333015441896,9.08861255645752,9.777776718139648,9.444443702697754,147678370.0,-0.0065850252103866,0.0068908716975304,0.0008231140213941,-0.0043900293668393,0.0925008812390862,0.0
1247,2015-02-27,9.763888359069824,9.036935806274414,9.833333015441896,9.694443702697754,114274100.0,0.0071337553314012,-0.002041752322146,0.002195033523292,0.0098775189757078,-0.0478806582147495,0.0
1248,2015-03-02,9.74305534362793,9.062774658203123,9.784722328186035,9.631943702697754,146706768.0,-0.0008231140213941,0.0010208950009452,-0.0019206119431678,-0.0024693797439269,0.0464879936457358,0.0
1249,2015-03-03,9.708333015441896,8.785013198852539,9.708333015441896,9.4375,152564585.0,-0.0013718818221531,-0.0109743763418226,-0.003018147544686,-0.0076824854524157,0.0083964155978127,0.0
1250,2015-03-04,9.458333015441896,8.765633583068848,9.527776718139648,9.375,117356117.0,-0.0098775189757077,-0.0007656900905813,-0.0071337930111459,-0.0024693797439269,-0.0504667404069284,0.0
1251,2015-03-05,9.375,8.642901420593262,9.395833015441896,9.229166030883787,119319098.0,-0.0032924937653211,-0.004849157055129,-0.0052131057084887,-0.0057619111889927,0.0028136768845135,0.0
1252,2015-03-06,9.284722328186035,8.681660652160645,9.381943702697754,9.270833015441896,80214874.0,-0.0035668776657006,0.0015313801811626,-0.0005487678007592,0.001646265722533,-0.0560507978200693,0.0
1253,2015-03-09,9.354166030883787,9.140288352966309,9.958333015441896,9.25,317566599.0,0.0027437259645618,0.0181204152699727,0.0227731854961018,-0.0008231140213941,0.340212697999574,0.0
1254,2015-03-10,9.722222328186035,8.89482593536377,9.80555534362793,9.5625,199541707.0,0.0145419322429267,-0.0096982387507687,-0.0060362574096276,0.0123468987196347,-0.1691732678093169,0.0
1255,2015-03-11,9.576388359069824,8.952962875366211,9.777776718139648,9.576388359069824,130082994.0,-0.0057619111889926,0.0022969949122547,-0.0010975356015183,0.0005487301210145,-0.0995599932939526,0.0
1256,2015-03-12,9.86111068725586,9.43096923828125,10.388888359069824,9.777776718139648,475939756.0,0.011249400797861,0.0188860676808094,0.0241450673182549,0.0079568693527953,0.4957404970257392,0.0
1257,2015-03-13,10.347222328186035,9.682893753051758,10.840276718139648,10.277776718139648,455614322.00000006,0.019206307830401,0.0099535567003666,0.0178343883285031,0.0197550379514155,-0.0291338549957969,0.0
1258,2015-03-16,10.48611068725586,9.954194068908691,10.763888359069824,10.36111068725586,319460034.0,0.0054874896088684,0.0107190960719695,-0.0030181098649414,0.0032925314450656,-0.1951593891499674,0.0
1259,2015-03-17,10.770833015441896,9.947734832763672,10.972222328186035,10.590276718139648,282217229.0,0.0112494007978611,-0.000255204910364,0.0082312909329195,0.009054367274569,-0.0533826967978514,0.0
1260,2015-03-18,10.666666030883787,10.018790245056152,10.819443702697754,10.61805534362793,263664096.0,-0.0041156454664599,0.0028074047329829,-0.0060362950893722,0.0010975356015183,-0.0265934929871478,0.0
1261,2015-03-19,10.75,9.812084197998049,10.75,10.5,227563240.0,0.0032925314450657,-0.0081669716088398,-0.0027437259645619,-0.0046643755874743,-0.051745862052842,0.0
1262,2015-03-20,10.54861068725586,9.8960599899292,10.79861068725586,10.458333015441896,284600803.0,-0.0079569070325399,0.0033178899132,0.0019206119431677,-0.0016462657225327,0.081755897057629,0.0
1263,2015-03-23,10.645833015441896,9.967113494873049,10.80555534362793,10.645833015441896,256616039.0,0.0038412615660802,0.0028073293734937,0.0002743839003795,0.0074081392317808,-0.0401125041889682,0.0
1264,2015-03-24,10.715276718139648,9.91543674468994,10.826388359069824,10.569443702697754,224523859.0,0.0027437259645617,-0.0020417523221462,0.000823114021394,-0.0030181475446862,-0.0459999485678394,0.0
1265,2015-03-25,10.61111068725586,9.631217002868652,10.638888359069824,10.340276718139648,229171393.0,-0.0041156077867151,-0.0112295435724421,-0.0074081392317807,-0.0090544049543137,0.0066616329886995,0.0
1266,2015-03-26,10.319443702697754,9.760409355163574,10.708333015441896,10.215276718139648,214256387.0,-0.0115237846982406,0.0051043996452376,0.0027437636443065,-0.0049387594878538,-0.0213787130973656,0.0
1267,2015-03-27,10.48611068725586,9.7410306930542,10.61805534362793,10.319443702697754,150859997.0,0.0065850252103867,-0.0007656524108367,-0.0035668776657006,0.0041156454664598,-0.0908704450550473,0.0
1268,2015-03-30,10.576388359069824,10.115684509277344,11.069443702697754,10.48611068725586,371896369.0,0.0035668776657006,0.0148026007162618,0.0178343883285031,0.0065850252103867,0.3168267703727769,0.0
1269,2015-03-31,11.138888359069824,10.173820495605469,11.527776718139648,10.854166030883787,393578382.0,0.0222244176953425,0.0022969572325101,0.0181087722288827,0.014541894563182,0.0310783338136338,0.0
1270,2015-04-01,10.98611068725586,10.309471130371094,11.208333015441896,10.79861068725586,236637563.0,-0.0060362574096275,0.005359566875857,-0.0126212449402696,-0.0021949958435473,-0.2249541664727855,0.0
1271,2015-04-02,11.17361068725586,10.206117630004885,11.208333015441896,10.847222328186035,202440588.0,0.0074081392317808,-0.0040835046442922,0.0,0.0019206496229124,-0.049016897299457,0.0
1272,2015-04-03,10.902776718139648,10.23841667175293,11.069443702697754,10.840276718139648,206631550.0,-0.0107006706768465,0.0012761375910539,-0.0054875272886131,-0.0002744215801242,0.0060071966581818,0.0
1273,2015-04-07,11.215276718139648,10.858534812927246,11.777776718139648,11.215276718139648,426308008.0,0.0123468987196347,0.0245009148265198,0.0279862912045905,0.0148162784635617,0.3148775112680141,0.0
1274,2015-04-08,11.756943702697754,11.575546264648438,12.55555534362793,11.5625,485517068.0,0.0214013036739484,0.0283291768807034,0.0307300925286416,0.0137188182215326,0.084868454394501,0.0
1275,2015-04-09,12.465276718139648,11.62722396850586,13.229166030883787,12.3125,456921108.00000006,0.0279862912045905,0.0020417900018908,0.0266144093824372,0.0296325569271233,-0.0409885738285149,0.0
1276,2015-04-10,12.5,12.789946556091309,13.749999999999998,12.395833015441896,480990209.0,0.0013719195018978,0.0459392576894372,0.0205781896525543,0.0032924937653211,0.0344999126913201,0.0
1277,2015-04-13,14.166666030883787,12.934618949890137,14.300000190734862,13.458333015441896,576858385.0,0.0658501013848887,0.005716017260036,0.021730549282506,0.041979455646758,0.1374145092447001,0.0
1278,2015-04-14,13.749999999999998,12.746933937072756,13.749999999999998,13.416666030883787,296685001.0,-0.0164625065063498,-0.0074154491022385,-0.021730549282506,-0.0016462657225329,-0.4015919533692484,0.0
1279,2015-04-15,13.583333015441896,13.020642280578612,14.399999618530272,13.416666030883787,410117043.00000006,-0.0065850252103866,0.0108142374271545,0.0256815342649423,0.0,0.1625900171925062,0.0
1280,2015-04-16,13.616665840148926,13.29434871673584,14.25,13.541666030883787,296088865.0,0.0013169824342305,0.0108141620676655,-0.0059264963135267,0.0049387594878538,-0.1634445002889938,0.0
1281,2015-04-17,14.583333015441896,13.239606857299805,14.583333015441896,14.000000000000002,313142804.0,0.0381930934686006,-0.0021628550213799,0.0131700127410289,0.0181088099086275,0.0244445941933228,0.0
1282,2015-04-20,14.25,12.746933937072756,14.333333015441898,13.466666221618652,413670888.0,-0.0131700127410289,-0.0194655444734401,-0.0098775189757077,-0.0210720580653908,0.144093878746269,0.0
1283,2015-04-21,13.600000381469728,12.950260162353514,13.916666030883787,13.316665649414062,289912435.0,-0.0256815342649423,0.0080334345938789,-0.0164625441860947,-0.0059265339932714,-0.1773915786598284,0.0
1284,2015-04-22,13.81666564941406,13.255247116088867,14.149999618530272,13.749999999999998,332777006.0,0.0085604611819878,0.012050057691457,0.0092190277585925,0.0171210730829544,0.0614407641170684,0.0
1285,2015-04-23,14.149999618530272,13.028460502624512,14.199999809265137,13.800000190734863,278362608.0,0.0131700504207734,-0.0089603563117227,0.0019755113310905,0.0019755113310905,-0.0779959326337427,0.0
1286,2015-04-24,13.583333015441896,12.621810913085938,13.758333206176756,13.341666221618652,293140430.0,-0.0223890404996212,-0.0160667561485242,-0.0174502810117674,-0.0181088099086274,0.0211820777505513,0.0
1287,2015-04-27,13.508333206176758,12.840776443481444,13.833333015441896,13.5,295267629.0,-0.0029632481567635,0.0086513447260301,0.0029632481567635,0.0062557796018291,0.0030490619394992,0.0
1288,2015-04-28,13.708333015441898,13.05974197387695,14.483332633972168,13.516666412353514,571625287.0,0.0079020076446174,0.0086513447260301,0.0256815342649423,0.0006584912171152,0.3961226085086323,0.0
1289,2015-04-29,13.883333206176758,13.020642280578612,13.958333015441896,13.5,258142606.0,0.0069142708189442,-0.0015448318499947,-0.0207427747770884,-0.0006584912171152,-0.4493364801926331,0.0
1290,2015-04-30,14.02499961853027,13.05974197387695,14.38333320617676,13.899999618530272,346876249.0,0.005597250704969,0.0015448318499947,0.0167917897946521,0.0158040152892345,0.1271880880088864,0.0
1291,2015-05-04,13.916666030883787,12.918977737426758,13.916666030883787,13.566665649414062,171309013.0,-0.0042802682707385,-0.0055616056665511,-0.0184380555171851,-0.0131700504207734,-0.2516527025025327,0.0
1292,2015-05-05,13.675000190734863,12.40284538269043,13.766666412353516,12.916666030883787,275921007.0,-0.0095482356874054,-0.0203924285115393,-0.0059264963135267,-0.0256815342649424,0.1499476303441875,0.0
1293,2015-05-06,13.183333396911618,12.293362617492676,13.583333015441896,12.908332824707031,233989329.0,-0.019425792342858,-0.004325672363015,-0.0072435164275019,-0.0003292456085575,-0.0601035838438898,0.0
1294,2015-05-07,13.100000381469728,12.254261016845703,13.233332633972168,12.916666030883787,151044901.0,-0.0032924937653209,-0.0015449072094841,-0.0138285416378888,0.0003292456085575,-0.1188900044181748,0.0
1295,2015-05-08,13.091666221618652,12.395026206970217,13.316665649414062,12.916666030883787,164936208.0,-0.0003292832883022,0.0055616433462959,0.003292493765321,0.0,0.0199113742830829,0.0
1296,2015-05-11,13.166666030883787,12.535788536071776,13.43333339691162,12.908332824707031,254769268.0,0.0029632481567632,0.0055615303070619,0.0046095515590408,-0.0003292456085575,0.1287639586868711,0.0
1297,2015-05-12,13.316665649414062,12.481046676635742,13.483332633972168,13.041666030883787,238758670.0,0.0059264963135269,-0.0021628550213798,0.0019754736513458,0.0052680050964114,-0.022949101137422,0.0
1298,2015-05-13,13.483332633972168,12.418485641479492,13.541666030883787,13.116665840148924,210787389.0,0.0065850252103867,-0.0024717912475831,0.002304756939648,0.0029632481567634,-0.0400931780694419,0.0
1299,2015-05-14,13.333333015441898,12.426304817199709,13.374999999999998,13.074999809265138,172563316.0,-0.0059264963135267,0.0003089362262033,-0.006584987530642,-0.0016462280427881,-0.0547892163154182,0.0
1300,2015-05-15,13.166666030883787,12.082216262817385,13.233332633972168,12.72500038146973,210325981.0,-0.0065850252103869,-0.013594964900941,-0.0055972883847137,-0.013828503958144,0.0541278482105158,0.0
1301,2015-05-18,12.666666030883787,11.871071815490724,12.791666030883786,12.475000381469728,184450105.0,-0.0197550379514155,-0.0083423331403377,-0.0174502810117676,-0.0098775189757078,-0.0370896886764249,0.0
1302,2015-05-19,12.641666412353516,12.19169807434082,13.116665840148924,12.541666030883787,230137520.0,-0.0009877368256728,0.012667967823608,0.0128407671324712,0.0026339648684609,0.065486942307987,0.0
1303,2015-05-20,13.341666221618652,12.309001922607422,13.458333015441896,13.000000000000002,310760029.0,0.0276570455960328,0.0046346839487076,0.0134992960293311,0.0181088099086275,0.1155618367904633,0.0
1304,2015-05-21,13.166666030883787,12.348104476928713,13.241665840148926,13.016666412353516,168701592.0,-0.0069142708189444,0.0015449448892287,-0.0085605365414772,0.0006584912171152,-0.2036222156184982,0.0
1305,2015-05-22,13.258333206176758,12.72347354888916,13.583333015441896,13.183333396911618,314628931.0,0.0036217770536234,0.0148308605247325,0.0134992960293311,0.0065850252103866,0.2091677813299585,0.0
1306,2015-05-25,13.625,12.981538772583008,13.925000190734863,13.625,327644340.0,0.014487032855004,0.010196176576025,0.013499296029331,0.0174502810117676,0.0186558888984604,0.0
1307,2015-05-26,13.858332633972168,12.997180938720703,13.916666030883787,13.566665649414062,335065050.0,0.0092189900788478,0.000618023171385,-0.0003292832883023,-0.0023047946193928,0.0106366185886048,0.0
1308,2015-05-27,13.850000381469728,12.887697219848633,14.091666221618652,13.666666030883787,280946128.0,-0.0003292079288129,-0.0043257100427597,0.0069142708189444,0.0039510226621809,-0.0775724063789656,0.0
1309,2015-05-28,13.749999999999998,12.121318817138672,13.758333206176756,12.858332633972168,327967338.0,-0.003951022662181,-0.030279668861361,-0.0131700127410289,-0.0319373138667714,0.0673987632375731,0.0
1310,2015-05-29,12.925000190734863,11.980554580688477,13.05833339691162,12.591666221618652,241791949.0,-0.0325958050838867,-0.0055616056665512,-0.0276570455960328,-0.010536010192823,-0.1235211650256715,0.0
1311,2015-06-01,12.774999618530272,12.434125900268556,13.316665649414062,12.658332824707031,259003476.0,-0.0059265339932715,0.0179206372639562,0.0102067269045208,0.0026340025482057,0.0246704760092327,0.0
1312,2015-06-02,13.241665840148926,12.332463264465332,13.25,12.93333339691162,228578643.0,0.0184380178374404,-0.0040166984570672,-0.0026339648684611,0.0108652934811253,-0.0436100244104671,0.0
1313,2015-06-03,13.141666412353516,12.37938404083252,13.291666030883787,12.916666030883787,237027814.0,-0.0039509849824362,0.0018538434356873,0.0016462280427881,-0.0006585288968599,0.0121107831079372,0.0
1314,2015-06-04,13.208333015441896,12.801676750183104,13.81666564941406,13.050000190734863,441903926.0,0.0026340025482057,0.0166848169996537,0.0207427747770885,0.0052680427761562,0.2936631483052542,0.0
1315,2015-06-05,13.916666030883787,12.746933937072756,14.000000000000002,13.358332633972166,342654748.0,0.0279862912045903,-0.0021628927011243,0.0072435541072467,0.0121822382356112,-0.1422607340292975,0.0
1316,2015-06-08,13.600000381469728,13.52113437652588,14.541666030883787,13.491665840148926,610326032.0,-0.0125114838441687,0.0305887181267981,0.0214012659942036,0.0052680050964115,0.3836718258805585,0.0
1317,2015-06-09,14.466666221618652,13.27870750427246,14.541666030883787,13.899999618530272,394436103.0,0.0342420331266749,-0.0095783041236185,0.0,0.0161332985775368,-0.3094500164935665,0.0
1318,2015-06-10,14.000000000000002,13.044101715087889,14.108332633972168,13.774999618530272,263806386.0,-0.0184380178374403,-0.0092692925379259,-0.0171210354032097,-0.0049387594878539,-0.1872406381689066,0.0
1319,2015-06-11,13.899999618530272,12.887697219848633,13.975000381469728,13.625,204835254.0,-0.003951022662181,-0.006179553478447,-0.0052679674166667,-0.0059264963135267,-0.0845274156815545,0.0
1320,2015-06-12,13.733332633972168,12.91115951538086,13.858332633972168,13.59166622161865,228406654.0,-0.0065850252103867,0.0009269970773329,-0.0046095515590409,-0.0013170201139752,0.0337865233110362,0.0
1321,2015-06-15,13.774999618530272,12.449766159057615,13.833333015441896,13.25,263061193.0,0.0016462657225327,-0.0182296865293933,-0.0009877368256728,-0.0134992583495864,0.0496727555324127,0.0
1322,2015-06-16,13.166666030883787,12.23080062866211,13.38333320617676,12.916666030883787,217461580.0,-0.0240353062221542,-0.0086513447260301,-0.0177795266203251,-0.0131700504207735,-0.0653610896085395,0.0
1323,2015-06-17,13.19166564941406,12.301180839538574,13.241665840148926,12.875,205913070.0,0.0009877368256729,0.0027807274737863,-0.0055972883847138,-0.0016462280427881,-0.0165532807691836,0.0
1324,2015-06-18,13.066665649414062,12.027474403381348,13.066665649414062,12.508333206176758,192306578.0,-0.0049387594878538,-0.0108141620676654,-0.0069142708189443,-0.014487032855004,-0.019503129179405,0.0
1325,2015-06-19,12.708333015441898,11.440959930419922,12.824999809265137,12.083333015441896,187862457.0,-0.0141577495667016,-0.0231732313448149,-0.0095482356874055,-0.0167917897946521,-0.0063700670203536,0.0
1326,2015-06-23,12.199999809265137,11.691205978393556,12.475000381469728,11.758333206176758,216658574.0,-0.0200842835599733,0.0098872403498218,-0.013828503958144,-0.0128407671324712,0.0412754727461171,0.0
1327,2015-06-24,12.5,11.824151039123535,12.608332633972168,12.25,183839534.0,0.0118530303067982,0.0052526694403479,0.0052679674166667,0.0194257923428579,-0.0470418074448624,0.0
1328,2015-06-25,12.98333263397217,11.628643989562988,13.02499961853027,12.300000190734863,249499785.0,0.0190965090545557,-0.0077244983676758,0.0164625441860944,0.0019755113310904,0.0941153941225378,0.0
1329,2015-06-26,12.199999809265137,10.768423080444336,12.458333015441896,11.149999618530272,306638610.0,-0.0309495393613539,-0.0339873934124803,-0.0223890404996211,-0.0454366098961027,0.0819010429091067,0.0
1330,2015-06-29,11.733332633972168,10.604199409484863,11.791666030883787,10.625,313553184.0,-0.018438055517185,-0.0064884897046503,-0.0263400631618024,-0.0207427747770884,0.0099111387374905,0.0
1331,2015-06-30,11.283332824707031,11.370577812194824,12.116665840148926,11.149999618530272,305772375.0,-0.0177795266203251,0.030279668861361,0.0128407671324712,0.0207427747770884,-0.0111527734736681,0.0
1332,2015-07-01,11.958333015441896,10.885726928710938,12.158332824707031,11.449999809265137,220248739.0,0.02666930877036,-0.0191564952080031,0.0016462657225328,0.0118530303067983,-0.1225869622236514,0.0
1333,2015-07-02,11.583333015441896,10.752781867980955,11.925000190734863,11.149999618530272,237939151.0,-0.0148162784635617,-0.005252669440348,-0.0092189900788479,-0.0118530303067983,0.0253568951110173,0.0
1334,2015-07-03,11.649999618530272,10.22100830078125,11.658332824707031,10.658332824707031,311694984.0,0.0026340025482056,-0.0210104140031796,-0.0105360478725676,-0.0194257923428578,0.1057193535801604,0.0
1335,2015-07-06,11.916666030883787,10.854443550109863,11.925000190734863,11.074999809265137,405783200.00000006,0.010536010192823,0.0250270747805023,0.0105360478725676,0.0164625441860944,0.1348631690598697,0.0
1336,2015-07-07,11.383333206176758,11.456600189208984,12.208333015441896,11.008333206176758,576997426.0,-0.021072020385646,0.0237912545162,0.0111945014099384,-0.0026340025482057,0.2454132312009479,0.0
1337,2015-07-08,11.508333206176758,10.314849853515623,11.666666030883787,10.991665840148926,599603632.0,0.0049387594878539,-0.0451106424253276,-0.0214013036739485,-0.0006585288968599,0.0324030437730931,0.0
1338,2015-07-09,10.991665840148926,11.151613235473633,12.033332824707031,10.091666221618652,521322650.0,-0.0204135668482755,0.0330605847338706,0.014487032855004,-0.0355590532406502,-0.1122055636556932,0.0
1339,2015-07-10,11.541666030883787,11.62082576751709,12.800000190734863,11.341666221618652,558118533.0,0.0217305492825059,0.0185386227555965,0.0302910858239833,0.0493875948785389,0.0527420924819764,0.0
1340,2015-07-13,12.0,11.292375564575195,12.408332824707031,11.766666412353516,392183526.0,0.0181088099086274,-0.0129770924485345,-0.0154748073604216,0.0167917897946521,-0.2378461602672076,0.0
1341,2015-07-14,11.833333015441896,10.846623420715332,11.983332633972168,11.258333206176758,309627546.0,-0.0065850252103866,-0.0176117010377529,-0.0167917897946521,-0.0200842835599732,-0.1183332149441883,0.0
1342,2015-07-15,11.383333206176758,10.619837760925291,11.633333206176758,11.166666030883787,195170781.0,-0.0177795266203251,-0.0089603186319781,-0.0138285039581441,-0.0036217770536233,-0.1640588237770474,0.0
1343,2015-07-16,11.333333015441896,10.635478973388672,11.466666221618652,11.18333339691162,166672782.0,-0.0019755113310904,0.0006179854916404,-0.0065850252103867,0.0006585288968599,-0.0408481595294037,0.0
1344,2015-07-17,11.383333206176758,10.807523727416992,11.616665840148926,11.274999618530272,201676519.00000003,0.0019755113310904,0.0067975012903428,0.0059264963135268,0.0036217393738786,0.0501732852577225,0.0
1345,2015-07-20,11.5,10.635478973388672,11.5,11.274999618530272,163041969.0,0.0046095138792962,-0.0067975012903428,-0.0046094761995516,0.0,-0.055377581483764,0.0
1346,2015-07-21,11.258333206176758,10.612018585205078,11.366665840148926,11.149999618530272,135797222.0,-0.0095482733671501,-0.0009269217178436,-0.0052680427761561,-0.0049387594878538,-0.0390517864708411,0.0
1347,2015-07-22,11.241665840148926,10.572916984558104,11.283332824707031,11.116665840148926,136570874.0,-0.0006585288968599,-0.0015449072094841,-0.003292493765321,-0.0013170201139751,0.0011089290976619,0.0
1348,2015-07-23,11.216666221618652,10.690220832824709,11.458333015441896,11.175000190734863,178043536.0,-0.0009877368256729,0.0046346839487077,0.0069142708189444,0.0023047946193927,0.0594456443585754,0.0
1349,2015-07-24,11.399999618530272,10.463434219360352,11.416666030883787,11.100000381469728,160717196.0,0.0072435164275019,-0.0089603563117227,-0.001646265722533,-0.0029632481567633,-0.0248350454493555,0.0
1350,2015-07-27,11.041666030883787,9.728334426879885,11.100000381469728,10.033332824707031,214543101.0,-0.0141577872464464,-0.0290438485970587,-0.0125114838441687,-0.0421441161307816,0.0771524047795261,0.0
1351,2015-07-28,10.158332824707031,9.869099617004396,10.633333206176758,10.125,241344097.0,-0.0349005620235348,0.0055616433462959,-0.018438055517185,0.0036217770536233,0.0384157273693114,0.0
1352,2015-07-29,10.5,9.853459358215332,10.516666412353516,10.316665649414062,116601950.0,0.013499296029331,-0.0006179478118958,-0.0046095138792962,0.007572724356315,-0.1788015755315428,0.0
1353,2015-07-30,10.508333206176758,9.58757209777832,10.533332824707031,10.191665649414062,92433472.0,0.0003292456085576,-0.0105052258414621,0.0006584912171153,-0.0049387594878538,-0.034642356641492,0.0
1354,2015-07-31,10.133333206176758,9.66577434539795,10.350000381469728,10.016666412353516,144329624.0,-0.0148162784635617,0.0030897767392235,-0.0072434787477573,-0.0069142331391997,0.0743863558932044,0.0
1355,2015-08-03,10.166666030883787,10.025504112243652,10.708333015441896,10.125,168614725.0,0.0013169824342305,0.0142129503925815,0.0141577495667017,0.0042802682707386,0.0348095204802162,0.0
1356,2015-08-04,10.641666412353516,10.05678367614746,10.824999809265137,10.491665840148926,92992509.0,0.0187673011257427,0.0012358579440468,0.0046095138792962,0.0144869951752594,-0.1083945698480453,0.0
1357,2015-08-05,10.666666030883787,9.845637321472168,10.791666030883787,10.475000381469728,66216284.0,0.0009877368256728,-0.0083424084998268,-0.0013170201139752,-0.0006584535373705,-0.0383802213760765,0.0
1358,2015-08-06,10.416666030883787,9.798715591430664,10.608332633972168,10.358332633972168,54026214.0,-0.0098775189757078,-0.0018538811154319,-0.0072435164275019,-0.0046095515590409,-0.0174728732369805,0.0
1359,2015-08-07,10.508333206176758,9.861279487609863,10.600000381469728,10.449999809265137,74641236.0,0.0036217770536234,0.0024719042868169,-0.0003292079288129,0.0036217770536233,0.0295489415715878,0.0
1360,2015-08-10,10.550000190734863,10.103705406188965,10.824999809265137,10.458333015441896,126373434.0,0.0016462657225328,0.0095782664438738,0.0088897444702901,0.0003292456085577,0.0741513492477384,0.0
1361,2015-08-11,10.758333206176758,10.041144371032717,10.791666030883787,10.658332824707031,99419203.0,0.0082312532531749,-0.002471791247583,-0.0013170201139752,0.0079020076446172,-0.0386353697282535,0.0
1362,2015-08-12,10.574999809265137,9.829998016357422,10.641666412353516,10.466666221618652,82418648.0,-0.007243516427502,-0.0083424084998269,-0.0059264963135267,-0.0075727620360596,-0.0243680752016449,0.0
1363,2015-08-13,10.425000190734863,9.829998016357422,10.55833339691162,10.350000381469728,72761329.0,-0.0059264963135268,0.0,-0.003292493765321,-0.0046094761995515,-0.0138425054733962,0.0
1364,2015-08-14,10.574999809265137,9.884739875793455,10.625,10.483332633972168,98854714.0,0.0059264963135268,0.0021628550213797,0.0026340025482058,0.0052679674166667,0.037401459419735,0.0
1365,2015-08-17,10.508333206176758,9.806537628173828,10.574999809265137,10.375,81557108.0,-0.0026340025482057,-0.0030897767392234,-0.0019755113310905,-0.0042802305909939,-0.024793859013216,0.0
1366,2015-08-18,10.416666030883787,9.595392227172852,10.616665840148926,9.958333015441896,141158929.0,-0.0036217770536234,-0.0083423708200823,0.0016462280427882,-0.0164625441860944,0.0854314259906797,0.0
1367,2015-08-19,10.083333015441896,9.564109802246094,10.191665649414062,9.916666030883787,115067307.0,-0.0131700127410286,-0.0012359709832808,-0.0167917897946521,-0.001646265722533,-0.0373989323894951,0.0
1368,2015-08-20,10.141666412353516,9.423347473144531,10.141666412353516,9.916666030883787,81316126.0,0.002304756939648,-0.005561530307062,-0.0019754736513458,0.0,-0.0483779098242574,0.0
1369,2015-08-21,9.916666030883787,8.993236541748047,9.991665840148926,9.550000190734863,112004140.0,-0.0088897821500349,-0.0169937155461125,-0.0059265339932714,-0.0144869951752593,0.043987260000696,0.0
1370,2015-08-24,9.25,8.093912124633789,9.30833339691162,8.625,182163561.0,-0.0263400254820576,-0.0355323759814537,-0.026998516699173,-0.0365468277460677,0.1005643666946089,0.0
1371,2015-08-25,8.208333015441895,7.397913932800293,8.625,7.766665935516357,263080050.0,-0.041156341625364,-0.0274989413875746,-0.0269985543789175,-0.0339128440377343,0.1159832187246284,0.0
1372,2015-08-26,8.0,7.749823570251465,8.524999618530273,7.75,299030350.0,-0.0082312532531749,0.0139039764866336,-0.003951022662181,-0.0006584723772429,0.051530059690504,0.0
1373,2015-08-27,8.466666221618652,8.445821762084961,9.083333015441896,8.216666221618652,221908278.0,0.0184380178374403,0.0274989413875746,0.0220597948910638,0.0184380178374403,-0.1105444175324085,0.0
1374,2015-08-28,9.074999809265137,8.469282150268555,9.241665840148926,8.791666030883789,192963562.0,0.0240353062221541,0.0009269217178436,0.0062557419220843,0.0227182861081789,-0.041488470004553,0.0
1375,2015-08-31,8.925000190734863,8.656967163085938,9.225000381469728,8.733332633972168,175715670.0,-0.0059264963135268,0.0074154491022386,-0.0006584535373705,-0.0023047569396481,-0.0247226004872105,0.0
1376,2015-09-01,9.083333015441896,9.047977447509766,9.675000190734863,8.841666221618652,318919362.0,0.0062557419220845,0.015448846016373,0.017779526620325,0.0042802682707386,0.205263789082721,0.0
1377,2015-09-02,9.316665649414062,9.259121894836426,10.0,9.216666221618652,337889611.0,0.0092189900788478,0.0083423331403376,0.0128407671324711,0.0148162784635616,0.0271913742948938,0.0
1378,2015-09-07,9.625,8.516203880310059,9.633333206176758,9.074999809265137,165133276.0,0.0121823135951005,-0.0293527471435173,-0.014487032855004,-0.0055972507049691,-0.247623643042275,0.0
1379,2015-09-08,9.066665649414062,8.602224349975586,9.291666030883787,8.824999809265137,89675094.0,-0.0220598325708083,0.0033986752856821,-0.0134992960293311,-0.0098775189757077,-0.1081594485330279,0.0
1380,2015-09-09,9.191665649414062,8.680428504943848,9.324999809265137,9.066665649414062,102128866.0,0.0049387594878538,0.0030898520987127,0.0013170201139752,0.0095482356874055,0.0178508556126632,0.0
1381,2015-09-10,9.166666030883787,8.641325950622559,9.316665649414062,9.116665840148926,55824675.0,-0.0009877368256729,-0.0015449448892286,-0.0003292832883022,0.0019755113310904,-0.0663710101487469,0.0
1382,2015-09-11,9.18333339691162,8.570944786071777,9.266666412353516,9.066665649414062,51174093.0,0.0006585288968599,-0.002780765153531,-0.0019754736513458,-0.0019755113310904,-0.0066660018986095,0.0
1383,2015-09-14,9.158332824707031,8.50056266784668,9.166666030883787,8.708333015441895,90774327.0,-0.0009877745054174,-0.0027808028332756,-0.003951022662181,-0.0141577495667017,0.0567617633727097,0.0
1384,2015-09-15,8.908332824707031,8.26595687866211,9.041666030883787,8.75,65140679.99999999,-0.0098775189757078,-0.0092692925379259,-0.0049387594878538,0.0016462657225328,-0.0367424850417189,0.0
1385,2015-09-16,8.824999809265137,8.524024963378906,9.233332633972168,8.766666412353516,68309252.0,-0.003292493765321,0.0101962896152589,0.0075727620360597,0.0006584912171153,0.0045417341244345,0.0
1386,2015-09-17,9.041666030883787,8.422361373901367,9.283332824707031,8.975000381469727,74495824.0,0.0085604988617325,-0.0040167361368118,0.0019755113310904,0.0082312909329195,0.0088676429526207,0.0
1387,2015-09-18,9.033332824707031,8.453640937805176,9.133333206176758,8.941665649414062,38192738.0,-0.0003292456085575,0.0012358579440469,-0.0059264963135268,-0.0013170577937198,-0.0520357323451959,0.0
1388,2015-09-21,8.916666030883789,8.461462020874023,9.074999809265137,8.875,46333333.00000001,-0.0046095138792962,0.0003090115856925,-0.0023047569396481,-0.0026339648684611,0.0116684797141113,0.0
1389,2015-09-22,9.024999618530272,8.570944786071777,9.216666221618652,9.016666412353516,59154672.0,0.0042802682707385,0.004325672363015,0.0055972507049691,0.0055972507049691,0.0183777149003537,0.0
1390,2015-09-23,9.050000190734863,8.367619514465332,9.091666221618652,8.899999618530273,44538100.0,0.0009877745054176,-0.0080333969141344,-0.0049387594878538,-0.0046095138792962,-0.020950946935924,0.0
1391,2015-09-24,8.966666221618652,8.37544059753418,9.008333206176758,8.891666412353516,31035906.0,-0.0032925314450656,0.0003090115856925,-0.003292493765321,-0.0003292456085576,-0.01935363161845,0.0
1392,2015-09-25,8.908332824707031,8.25031566619873,8.925000190734863,8.708333015441895,53570472.0,-0.0023047569396481,-0.0049436955344001,-0.003292493765321,-0.007243516427502,0.0323003571897759,0.0
1393,2015-09-28,8.800000190734863,8.234676361083984,8.824999809265137,8.691665649414062,23890472.000000004,-0.0042802305909939,-0.0006179101321511,-0.0039510226621809,-0.0006585288968599,-0.042542403585343,0.0
1394,2015-09-29,8.708333015441895,8.1173734664917,8.800000190734863,8.600000381469727,40032427.0,-0.0036217770536233,-0.0046346462689629,-0.0009877368256729,-0.003621701694134,0.0231373842407832,0.0
1395,2015-09-30,8.666666030883789,8.203393936157227,8.824999809265137,8.658332824707031,43759167.0,-0.0016462657225328,0.0033986752856821,0.0009877368256729,0.0023047192599034,0.0053417950518073,0.0
1396,2015-10-08,9.041666030883787,8.367619514465332,9.074999809265137,8.916666030883789,59288501.99999999,0.0148162784635616,0.0064885650641395,0.0098775189757077,0.0102067645842654,0.0222592734832207,0.0
1397,2015-10-09,8.958333015441895,8.524024963378906,9.125,8.933333396911621,56953447.0,-0.0032924937653209,0.0061795911581917,0.0019755113310905,0.0006585288968599,-0.0033469963680583,0.0
1398,2015-10-12,9.133333206176758,8.782089233398438,9.483332633972168,9.091666221618652,101959818.0,0.0069142708189443,0.0101961388962804,0.0141577495667017,0.0062557419220844,0.0645107546830754,0.0
1399,2015-10-13,9.333333015441896,8.703888893127441,9.383333206176758,9.241665840148926,43175782.0,0.0079020076446174,-0.0030897013797343,-0.0039509849824363,0.0059264963135268,-0.0842592380015948,0.0
1400,2015-10-14,9.199999809265137,8.58658504486084,9.291666030883787,9.116665840148926,50277678.0,-0.0052680050964116,-0.0046346839487076,-0.0036217770536233,-0.0049387594878538,0.010179640358933,0.0
1401,2015-10-15,9.125,8.735169410705566,9.30833339691162,9.116665840148926,58308060.0,-0.0029632481567634,0.0058705795724992,0.0006585288968599,0.0,0.0115105037731965,0.0
1402,2015-10-16,9.341666221618652,8.782089233398438,9.416666030883787,9.300000190734863,68400174.0,0.0085604988617326,0.0018538057559427,0.0042802305909939,0.0072435541072466,0.0144657273186418,0.0
1403,2015-10-19,9.391666412353516,8.80555248260498,9.458333015441896,9.291666030883787,86804583.0,0.0019755113310904,0.0009270347570775,0.001646265722533,-0.0003292832883023,0.0263803165575377,0.0
1404,2015-10-20,9.333333015441896,8.852472305297852,9.483332633972168,9.324999809265137,85819593.0,-0.002304756939648,0.0018538057559427,0.0009877368256728,0.0013170201139752,-0.0014118545184476,0.0
1405,2015-10-21,9.408332824707031,8.774271011352539,9.791666030883787,9.316665649414062,159915484.0,0.0029632481567632,-0.0030897390594789,0.0121822759153558,-0.0003292832883022,0.1062067823092179,0.0
1406,2015-10-22,9.375,8.860291481018066,9.5,9.316665649414062,98736687.0,-0.0013169824342305,0.0033986752856821,-0.0115237470184959,0.0,-0.0876918151226339,0.0
1407,2015-10-23,9.491665840148926,8.969775199890137,9.608332633972168,9.449999809265137,112491013.0,0.0046094761995516,0.0043257100427597,0.004280230590994,0.0052680427761561,0.0197150299102552,0.0
1408,2015-10-26,9.666666030883787,9.00887680053711,9.841666221618652,9.533332824707031,130310104.0,0.0069142708189443,0.001544907209484,0.0092190277585925,0.003292493765321,0.0255413396511439,0.0
1409,2015-10-27,9.583333015441896,8.977594375610352,9.699999809265137,9.449999809265137,69652364.0,-0.0032924937653209,-0.0012359709832808,-0.0055972507049691,-0.003292493765321,-0.0869449479668061,0.0
1410,2015-10-28,9.550000190734863,8.813371658325195,9.566665649414062,9.375,65377340.0,-0.0013169824342306,-0.0064884520249056,-0.0052680427761561,-0.0029632481567634,-0.0061276885560993,0.0
1411,2015-10-29,9.416666030883787,8.813371658325195,9.466666221618652,9.375,38004441.0,-0.0052680427761562,0.0,-0.0039509849824363,0.0,-0.0392354756252976,0.0
1412,2015-10-30,9.416666030883787,8.883752822875977,9.516666412353516,9.391666412353516,64311686.0,0.0,0.0027807651535309,0.0019755113310904,0.0006584912171153,0.0377079997981299,0.0
1413,2015-11-02,9.391666412353516,8.711708068847656,9.43333339691162,9.25,58132296.99999999,-0.0009877368256728,-0.0067975012903428,-0.0032924937653211,-0.0055972507049691,-0.0088573470602705,0.0
1414,2015-11-03,9.291666030883787,8.641325950622559,9.341666221618652,9.175000190734863,46951821.0,-0.003951022662181,-0.0027808028332756,-0.0036217770536232,-0.0029632481567634,-0.0160257520979865,0.0
1415,2015-11-04,9.233332633972168,9.14181900024414,9.75,9.208333015441896,156869302.0,-0.002304756939648,0.0197745183793881,0.0161332985775368,0.0013169824342306,0.1575523530251441,0.0
1416,2015-11-05,9.666666030883787,9.438987731933594,10.475000381469728,9.625,275062776.0,0.0171210354032097,0.0117411591449983,0.0286448201014505,0.0164625441860944,0.1694149080883339,0.0
1417,2015-11-06,10.016666412353516,9.689233779907228,10.341666221618652,9.93333339691162,175583394.0,0.0138285416378888,0.0098872403498218,-0.0052680427761562,0.0121822759153558,-0.1425907013970522,0.0
1418,2015-11-09,10.416666030883787,10.119344711303713,11.149999618530272,10.383333206176758,289666534.0,0.0158040152892345,0.0169937155461125,0.0319373138667714,0.0177795266203251,0.1635232811375739,0.0
1419,2015-11-10,10.666666030883787,9.970762252807615,10.891666412353516,10.508333206176758,135003315.0,0.0098775189757078,-0.00587050421301,-0.0102067645842653,0.0049387594878539,-0.2216895243432041,0.0
1420,2015-11-11,10.583333015441896,9.81435775756836,10.649999618530272,10.316665649414062,122608208.0,-0.0032924937653209,-0.006179553478447,-0.0095482733671502,-0.0075727997158043,-0.0177667669972207,0.0
1421,2015-11-12,10.5,9.697054862976074,10.541666030883787,10.233332633972168,80536754.0,-0.0032924937653211,-0.0046346462689629,-0.0042802682707385,-0.003292493765321,-0.0603039344841709,0.0
1422,2015-11-13,10.18333339691162,9.571931838989258,10.399999618530272,10.158332824707031,70506604.0,-0.0125115215239136,-0.0049436201749109,-0.0055972507049691,-0.0029632481567634,-0.0143769100175717,0.0
1423,2015-11-16,10.108332633972168,9.65013313293457,10.324999809265137,10.074999809265137,67181845.0,-0.0029632858365079,0.0030897390594789,-0.0029632481567633,-0.003292493765321,-0.0047656077898248,0.0
1424,2015-11-17,10.341666221618652,9.775256156921388,10.583333015441896,10.300000190734863,125578387.0,0.0092190277585924,0.0049436201749109,0.0102067645842655,0.0088897821500348,0.0837038159620093,0.0
1425,2015-11-18,10.383333206176758,9.712696075439451,10.583333015441896,10.258333206176758,95244571.0,0.0016462657225328,-0.0024717535678386,0.0,-0.0016462657225328,-0.043479563428421,0.0
1426,2015-11-19,10.333333015441896,9.775256156921388,10.425000190734863,10.274999618530272,56534480.0,-0.0019755113310904,0.0024717535678386,-0.0062557419220845,0.0006584912171151,-0.0554858596410834,0.0
1427,2015-11-20,10.416666030883787,9.81435775756836,10.491665840148926,10.350000381469728,71764360.0,0.0032924937653209,0.001544907209484,0.0026339648684611,0.0029632858365082,0.0218300438516288,0.0
1428,2015-11-23,10.458333015441896,9.73615550994873,10.5,10.316665649414062,72957037.0,0.001646265722533,-0.0030897767392235,0.0003292832883022,-0.0013170577937199,0.0017095467075793,0.0
1429,2015-11-24,10.341666221618652,9.603212356567385,10.375,10.133333206176758,79705773.0,-0.0046095138792963,-0.0052525940808587,-0.0049387594878538,-0.0072434787477573,0.009673431624088,0.0
1430,2015-11-25,10.175000190734863,9.634492874145508,10.30833339691162,10.141666412353516,61615526.0,-0.006584987530642,0.0012358956237915,-0.0026340025482058,0.0003292456085576,-0.0259300063622823,0.0
1431,2015-11-26,10.300000190734863,9.564109802246094,10.316665649414062,10.166666030883787,66265218.0,0.0049387594878538,-0.0027808405130202,0.000329207928813,0.0009877368256728,0.0066647261998497,0.0
1432,2015-11-27,10.149999618530272,9.173100471496582,10.166666030883787,9.608332633972168,87363111.99999999,-0.0059265339932715,-0.0154488083366284,-0.0059264963135268,-0.0220597948910636,0.0302410755171424,0.0
1433,2015-11-30,9.766666412353516,9.180920600891112,9.891666412353516,9.583333015441896,79019266.0,-0.0151455240721192,0.0003089739059478,-0.0108652558013806,-0.0009877368256728,-0.0119598134766155,0.0
1434,2015-12-01,9.75,9.188740730285645,9.883333206176758,9.591666221618652,81630468.0,-0.0006584912171152,0.0003089739059479,-0.0003292456085576,0.0003292456085575,0.0037428170258374,0.0
1435,2015-12-02,9.75,9.783076286315918,10.533332824707031,9.716666221618652,193891303.00000003,0.0,0.0234822429305074,0.0256815342649424,0.0049387594878538,0.1609112449257953,0.0
1436,2015-12-03,10.324999809265137,9.73615550994873,10.625,10.208333015441896,171117213.0,0.0227182861081789,-0.0018538434356873,0.0036217770536233,0.019425792342858,-0.0326436835602737,0.0
1437,2015-12-04,10.258333206176758,9.478090286254885,10.316665649414062,10.066665649414062,91743894.0,-0.0026340025482057,-0.0101961765760249,-0.0121823135951005,-0.0055972883847138,-0.1137712860783752,0.0
1438,2015-12-07,10.149999618530272,9.501548767089844,10.208333015441896,10.033332824707031,48335118.0,-0.0042802682707386,0.0009268463583543,-0.0042802305909939,-0.0013169824342305,-0.0622208109076062,0.0
1439,2015-12-08,10.05833339691162,9.35296630859375,10.074999809265137,9.916666030883787,60372214.0,-0.0036217393738786,-0.0058705042130098,-0.0052680050964116,-0.0046095138792963,0.01725360498745,0.0
1440,2015-12-09,9.93333339691162,9.376424789428713,10.100000381469728,9.916666030883787,51526122.0,-0.0049387594878539,0.0009268463583544,0.0009877745054176,0.0,-0.0126797175207909,0.0
1441,2015-12-10,9.958333015441896,9.35296630859375,10.116665840148926,9.925000190734863,50112429.0,0.0009877368256731,-0.0009268463583544,0.0006584535373705,0.0003292832883023,-0.0020263442773508,0.0
1442,2015-12-11,9.925000190734863,9.251301765441896,9.93333339691162,9.774999618530272,45540963.0,-0.0013169824342306,-0.0040167738165564,-0.0072434787477574,-0.0059265339932715,-0.00655259944571,0.0
1443,2015-12-14,9.774999618530272,9.438987731933594,10.091666221618652,9.758333206176758,70468396.0,-0.0059265339932715,0.0074154867819831,0.0062557419220845,-0.0006584912171151,0.0357302195091845,0.0
1444,2015-12-15,10.024999618530272,9.321684837341309,10.074999809265137,9.883333206176758,43738482.0,0.0098775189757078,-0.0046346462689629,-0.0006584912171153,0.0049387594878538,-0.0383138406061156,0.0
1445,2015-12-16,9.983332633972168,9.298223495483398,10.008333206176758,9.899999618530272,47131537.99999999,-0.0016462657225327,-0.0009269593975883,-0.0026340025482057,0.0006584912171152,0.0048635026192611,0.0
1446,2015-12-17,9.975000381469728,9.438987731933594,10.116665840148926,9.966666221618652,77792970.0,-0.0003292079288129,0.0055616056665512,0.0042802305909939,0.0026340025482058,0.0439491581754903,0.0
1447,2015-12-18,10.024999618530272,9.564109802246094,10.458333015441896,10.016666412353516,122753368.0,0.0019754736513457,0.0049435824951662,0.0134992960293311,0.0019755113310904,0.0644448583919693,0.0
1448,2015-12-21,10.116665840148926,9.783076286315918,10.600000381469728,10.091666221618652,153737055.0,0.0036217393738787,0.0086513824057748,0.0055972883847137,0.0029632481567634,0.0444110686292434,0.0
1449,2015-12-22,10.416666030883787,9.720514297485352,10.516666412353516,10.316665649414062,83770974.0,0.0118530303067981,-0.0024718289273277,-0.0032925314450657,0.0088897444702902,-0.1002872390561591,0.0
1450,2015-12-23,10.391666412353516,9.75961685180664,10.649999618530272,10.333333015441896,124682187.0,-0.0009877368256728,0.0015449448892286,0.0052680050964114,0.0006585288968599,0.0586408805462241,0.0
1451,2015-12-24,10.383333206176758,9.65013313293457,10.466666221618652,10.199999809265137,76827556.0,-0.0003292456085576,-0.0043257100427597,-0.0072435164275019,-0.0052680050964115,-0.0685933633904874,0.0
1452,2015-12-25,10.283332824707031,9.65013313293457,10.283332824707031,10.283332824707031,0.0,-0.0039510226621809,0.0,-0.007243516427502,0.003292493765321,-0.1101222673122487,0.0
1453,2015-12-28,10.358332633972168,9.368606567382812,10.383333206176758,9.983332633972168,98689035.0,0.0029632481567634,-0.0111231359736133,0.0039510226621809,-0.0118530303067982,0.1414578421973735,0.0
1454,2015-12-29,9.991665840148926,9.454627990722656,10.083333015441896,9.975000381469728,74376256.0,-0.014487032855004,0.0033987129654267,-0.0118530303067981,-0.0003292079288129,-0.0348491932782767,0.0
1455,2015-12-30,10.074999809265137,9.462449073791504,10.091666221618652,9.958333015441896,63920044.00000001,0.0032925314450656,0.0003090115856925,0.0003292456085575,-0.0006585288968599,-0.0149876142479079,0.0
1456,2015-12-31,10.083333015441896,9.376424789428713,10.108332633972168,9.983332633972168,58951070.0,0.0003292456085577,-0.0033988260046606,0.0006584912171153,0.0009877368256728,-0.0071223752463974,0.0
1457,2016-01-04,10.0,8.860291481018066,10.024999618530272,9.358332633972168,67619744.0,-0.0032924937653211,-0.0203924661912839,-0.0032924937653211,-0.0246937974392694,0.012425411989817,0.0
1458,2016-01-05,9.391666412353516,8.915035247802734,9.641666412353516,9.291666030883787,79592394.0,-0.0240353062221541,0.0021629303808691,-0.0151455240721192,-0.0026340025482058,0.0171612300635464,0.0
1459,2016-01-06,9.516666412353516,9.016695976257324,9.633333206176758,9.491665840148926,61884772.0,0.0049387594878538,0.0040166230975779,-0.0003292456085576,0.0079020076446174,-0.0253815633982715,0.0
1460,2016-01-07,9.508333206176758,8.555304527282715,9.508333206176758,9.091666221618652,20971332.0,-0.0003292456085576,-0.018229611169904,-0.0049387594878538,-0.0158040152892346,-0.0586440726598624,0.0
1461,2016-01-08,9.341666221618652,8.69606876373291,9.408332824707031,9.083333015441896,89703309.00000001,-0.0065850252103867,0.0055616056665512,-0.003951022662181,-0.0003292456085575,0.0985183121547343,0.0
1462,2016-01-11,9.166666030883787,8.414541244506836,9.233332633972168,8.899999618530273,87841678.00000001,-0.0069142708189444,-0.0111231736533579,-0.0069142708189443,-0.007243516427502,-0.0026684048965291,0.0
1463,2016-01-12,9.024999618530272,8.453640937805176,9.091666221618652,8.866665840148926,67397076.0,-0.0055972507049691,0.0015448318499948,-0.0055972507049691,-0.0013170201139752,-0.0293046667596264,0.0
1464,2016-01-13,9.074999809265137,8.37544059753418,9.116665840148926,8.916666030883789,47005137.0,0.0019755113310905,-0.0030897013797343,0.0009877368256729,0.0019755113310905,-0.0292291812272808,0.0
1465,2016-01-14,8.824999809265137,8.422361373901367,9.0,8.733332633972168,79957744.0,-0.0098775189757077,0.0018538434356873,-0.0046094761995516,-0.007243516427502,0.0472332582945822,0.0
1466,2016-01-15,8.883333206176758,8.17993450164795,9.0,8.683333396911621,53784256.0,0.0023047569396481,-0.0095783041236184,0.0,-0.0019754736513458,-0.0375162766082255,0.0
1467,2016-01-18,8.616665840148926,8.140833854675293,8.800000190734863,8.583333015441895,50524905.0,-0.0105360478725676,-0.0015448695297394,-0.0079020076446172,-0.0039510226621809,-0.004671853964565,0.0
1468,2016-01-19,8.708333015441895,8.37544059753418,8.983332633972168,8.675000190734863,60133089.0,0.0036217770536233,0.0092693302176706,0.0072434787477573,0.0036217770536233,0.0137720768682693,0.0
1469,2016-01-20,8.916666030883789,8.242496490478516,9.0,8.699999809265137,72450300.0,0.0082312532531749,-0.0052526317606034,0.0006585288968599,0.0009877368256729,0.0176551132549806,0.0
1470,2016-01-21,8.733332633972168,8.070452690124512,8.958333015441895,8.600000381469727,72737413.0,-0.007243516427502,-0.0067974636105981,-0.0016462657225327,-0.0039509849824363,0.000411538986543,0.0
1471,2016-01-22,8.666666030883789,8.133012771606445,8.708333015441895,8.516666412353516,56010256.0,-0.0026340025482057,0.0024717535678384,-0.0098775189757078,-0.0032925314450656,-0.0239761948763273,0.0
1472,2016-01-25,8.666666030883789,8.109552383422852,8.699999809265137,8.608332633972168,45171806.0,0.0,-0.0009269217178436,-0.0003292456085576,0.0036217393738787,-0.0155355024979636,0.0
1473,2016-01-26,8.600000381469727,7.71854305267334,8.600000381469727,8.216666221618652,77748136.0,-0.0026339648684611,-0.0154488083366284,-0.0039509849824363,-0.015474769680677,0.0466939143594783,0.0
1474,2016-01-27,8.274999618530273,7.7263617515563965,8.316665649414062,8.0,68284446.0,-0.0128408048122158,0.0003089173863309,-0.0111945767694276,-0.0085604988617325,-0.0135649635911918,0.0
1475,2016-01-28,8.183333396911621,7.577778816223144,8.241665840148926,8.041666030883789,36304893.0,-0.0036217393738787,-0.0058705230528822,-0.0029632481567634,0.0016462280427881,-0.0458385124732098,0.0
1476,2016-01-29,8.116665840148926,7.820204257965088,8.399999618530273,8.074999809265137,65332290.99999999,-0.0026340402279503,0.0095782476040016,0.0062557796018291,0.0013170201139752,0.0416069838527082,0.0
1477,2016-02-01,8.316665649414062,7.663800239562988,8.341666221618652,8.116665840148926,50127855.99999999,0.0079020076446172,-0.0061795346385747,-0.0023047569396481,0.0016462280427881,-0.021793571767423,0.0
1478,2016-02-02,8.166666030883789,7.781103134155272,8.358332633972168,8.149999618530273,44292499.00000001,-0.0059264963135268,0.0046346462689629,0.0006584912171152,0.0013170201139752,-0.0083642221212451,0.0
1479,2016-02-03,8.208333015441895,7.702901363372804,8.241665840148926,8.141666412353516,32948660.0,0.0016462657225328,-0.0030897578993511,-0.0046095138792962,-0.0003292456085576,-0.0162599116221413,0.0
1480,2016-02-04,8.241665840148926,7.781103134155272,8.333333015441895,8.233332633972168,44771936.0,0.0013169824342305,0.0030897578993511,0.0036217770536233,0.0036217393738787,0.0169471219438308,0.0
1481,2016-02-05,8.300000190734863,7.757643699645995,8.308333396911621,8.258333206176758,32507200.0,0.0023047946193927,-0.000926884038099,-0.0009877368256729,0.0009877745054175,-0.017579897196081,0.0
1482,2016-02-15,8.050000190734863,7.655980110168457,8.208333015441895,8.041666030883789,33419935.0,-0.0098775189757077,-0.0040167361368118,-0.0039510226621809,-0.0085605365414772,0.0013082864129537,0.0
1483,2016-02-16,8.199999809265137,7.828024864196777,8.358332633972168,8.191665649414062,51406365.0,0.0059264963135268,0.0067975012903428,0.0059264963135268,0.0059264963135268,0.0257811982520054,0.0
1484,2016-02-17,8.358332633972168,7.937507629394532,8.516666412353516,8.324999809265137,70220047.0,0.0062557419220844,0.0043256723630151,0.0062557796018291,0.0052680427761561,0.0269669559491342,0.0
1485,2016-02-18,8.483332633972168,7.890586853027343,8.516666412353516,8.408332824707031,48741388.0,0.0049387594878538,-0.0018538434356873,0.0,0.003292493765321,-0.0307868524140822,0.0
1486,2016-02-19,8.408332824707031,7.85148525238037,8.449999809265137,8.324999809265137,38267790.0,-0.0029632481567634,-0.001544907209484,-0.0026340025482057,-0.003292493765321,-0.0150125348081752,0.0
1487,2016-02-22,8.441665649414062,8.046990394592285,8.591666221618652,8.383333206176758,74128734.0,0.0013169824342306,0.0077244230081865,0.0055972507049691,0.0023047569396481,0.0514019795350197,0.0
1488,2016-02-23,8.574999809265137,7.914046764373779,8.574999809265137,8.375,51104924.0,0.0052680427761561,-0.005252612920731,-0.0006584912171152,-0.0003292456085576,-0.033001624565103,0.0
1489,2016-02-24,8.383333206176758,7.937507629394532,8.458333015441895,8.341666221618652,36012432.0,-0.0075727620360596,0.000926940557716,-0.0046095138792962,-0.0013170201139751,-0.0216331160974582,0.0
1490,2016-02-25,8.433333396911621,7.562138080596924,8.441665649414062,8.0,74648740.0,0.0019755113310904,-0.0148308793646049,-0.0006585288968599,-0.0134992583495864,0.0553801013471569,0.0
1491,2016-02-26,8.141666412353516,7.655980110168457,8.191665649414062,8.050000190734863,47058529.0,-0.0115237846982406,0.003707705711247,-0.0098775189757078,0.0019755113310904,-0.0395469639948373,0.0
1492,2016-02-29,8.158332824707031,7.476115226745604,8.175000190734863,7.849999904632569,68027566.0,0.0006584912171153,-0.0071064751962908,-0.0006584535373706,-0.0079020264844896,0.0300563758372638,0.0
1493,2016-03-01,8.016666412353516,7.585598468780517,8.141666412353516,7.983333110809326,45349295.99999999,-0.0055972507049691,0.0043256912028874,-0.0013170201139752,0.0052680050964115,-0.0325063381050329,0.0
1494,2016-03-02,8.125,7.898406982421875,8.441665649414062,8.100000381469727,81193647.0,0.0042802682707386,0.0123590881170218,0.0118529926270536,0.0046095327191685,0.0513781956366811,0.0
1495,2016-03-03,8.408332824707031,7.9062275886535645,8.483332633972168,8.366665840148926,66370728.0,0.0111945014099383,0.0003089927458201,0.0016462657225327,0.0105359725130784,-0.021246718410069,0.0
1496,2016-03-04,8.408332824707031,8.133012771606445,8.75,8.391666412353516,165749888.0,0.0,0.0089602997921057,0.0105360478725677,0.0009877745054175,0.1424470462497432,0.0
1497,2016-03-07,8.625,8.086091995239258,8.741665840148926,8.583333015441895,72762356.0,0.0085605365414772,-0.0018538434356873,-0.0003292832883022,0.0075727620360596,-0.1332854823028639,0.0
1498,2016-03-08,8.633333206176758,8.03917121887207,8.633333206176758,8.283332824707031,77178775.0,0.0003292456085576,-0.0018538434356873,-0.0042802305909939,-0.0118530303067982,0.0063303598214277,0.0
1499,2016-03-09,8.449999809265137,7.95314884185791,8.516666412353516,8.366665840148926,39108078.0,-0.007243516427502,-0.0033987506451714,-0.0046095138792962,0.003292493765321,-0.0545693718513918,0.0
1500,2016-03-10,8.533332824707031,7.937507629394532,8.625,8.441665649414062,56882436.0,0.003292493765321,-0.0006179854916403,0.0042802682707386,0.0029632481567634,0.0254772207380852,0.0
1501,2016-03-11,8.416666030883789,7.945327281951903,8.516666412353516,8.366665840148926,46048406.0,-0.0046095138792962,0.0003089550660755,-0.0042802682707386,-0.0029632481567634,-0.0155291670052464,0.0
1502,2016-03-14,8.508333206176758,8.023530960083008,8.716666221618652,8.508333206176758,78618986.0,0.0036217770536233,0.0030898332588404,0.0079020076446172,0.0055972883847138,0.0466856724854684,0.0
1503,2016-03-15,8.566665649414062,8.070452690124512,8.633333206176758,8.466666221618652,50150443.99999999,0.0023047192599034,0.0018538811154319,-0.003292493765321,-0.0016462657225328,-0.040805936767193,0.0
1504,2016-03-16,8.558333396911621,8.093912124633789,8.708333015441895,8.541666030883789,79786344.0,-0.000329207928813,0.000926884038099,0.0029632481567634,0.0029632481567634,0.0424791919951101,0.0
1505,2016-03-17,8.633333206176758,8.14865493774414,8.733332633972168,8.583333015441895,73319565.0,0.0029632481567634,0.0021628927011244,0.0009877368256729,0.0016462657225328,-0.0092692830901354,0.0
1506,2016-03-18,8.683333396911621,8.242496490478516,8.808333396911621,8.666666030883789,95665897.0,0.0019755113310904,0.0037076868713746,0.002963285836508,0.003292493765321,0.0320305483354469,0.0
1507,2016-03-21,8.791666030883789,8.445821762084961,9.050000190734863,8.791666030883789,110451937.0,0.0042802305909939,0.0080333969141344,0.0095482733671501,0.0049387594878538,0.0211938571802232,0.0
1508,2016-03-22,8.975000381469727,8.383259773254395,9.116665840148926,8.908332824707031,75057897.0,0.0072435541072466,-0.0024718289273277,0.0026339648684611,0.0046095138792962,-0.0507327336319331,0.0
1509,2016-03-23,8.925000190734863,8.367619514465332,8.975000381469727,8.841666221618652,51633379.00000001,-0.0019755113310905,-0.0006179478118957,-0.0055972130252245,-0.0026340025482057,-0.0335759871478481,0.0
1510,2016-03-24,8.841666221618652,8.226856231689453,8.858332633972168,8.75,44688748.0,-0.0032925314450656,-0.0055615679868066,-0.0046095515590409,-0.0036217393738787,-0.009954221521337,0.0
1511,2016-03-25,8.758333206176758,8.281597137451172,8.833333015441895,8.75,28448458.0,-0.003292493765321,0.0021628173416352,-0.0009877368256729,0.0,-0.0232783346200475,0.0
1512,2016-03-28,8.850000381469727,8.195574760437012,8.875,8.708333015441895,43034521.0,0.0036217770536233,-0.0033987506451714,0.0016462657225328,-0.0016462657225328,0.0209072162691118,0.0
1513,2016-03-29,8.758333206176758,8.156473159790039,8.766666412353516,8.649999618530273,38198144.0,-0.0036217770536233,-0.001544907209484,-0.0042802682707385,-0.0023047569396481,-0.0069323147649889,0.0
1514,2016-03-30,8.733332633972168,8.367619514465332,8.916666030883789,8.725000381469727,64763997.0,-0.0009877745054175,0.0083424084998269,0.0059264963135268,0.002963285836508,0.0380786805901245,0.0
1515,2016-03-31,8.925000190734863,8.320697784423828,8.958333015441895,8.866665840148926,50206550.0,0.0075727997158042,-0.0018538811154319,0.0016462657225328,0.0055972130252245,-0.0208661989705606,0.0
1516,2016-04-01,8.850000381469727,8.336338996887207,8.908332824707031,8.75,44321025.0,-0.0029632481567634,0.0006179854916403,-0.0019755113310905,-0.0046094761995515,-0.008436131396955,0.0
1517,2016-04-05,8.850000381469727,8.367619514465332,9.008333206176758,8.75,71077036.0,0.0,0.0012358956237915,0.003951022662181,0.0,0.0383512472471657,0.0
1518,2016-04-06,8.899999618530273,8.383259773254395,8.958333015441895,8.841666221618652,52231144.0,0.0019754736513458,0.0006179478118957,-0.0019755113310904,0.0036217393738787,-0.0270131247772839,0.0
1519,2016-04-07,8.933333396911621,8.281597137451172,8.941665649414062,8.824999809265137,45326349.99999999,0.0013170201139752,-0.0040166984570672,-0.0006585288968599,-0.0006584912171153,-0.0098971203848266,0.0
1520,2016-04-08,8.791666030883789,8.26595687866211,8.891666412353516,8.75,45186463.0,-0.0055972883847138,-0.0006179478118957,-0.0019754736513458,-0.0029632481567634,-0.0002005097442837,0.0
1521,2016-04-11,8.833333015441895,8.383259773254395,9.0,8.833333015441895,94366322.0,0.0016462657225328,0.0046346462689629,0.0042802682707385,0.003292493765321,0.0704929046444833,0.0
1522,2016-04-12,8.916666030883789,8.344158172607422,8.925000190734863,8.850000381469727,35831944.0,0.003292493765321,-0.001544907209484,-0.0029632481567634,0.0006585288968599,-0.0839013858656679,0.0
1523,2016-04-13,8.941665649414062,8.453640937805176,9.141666412353516,8.925000190734863,102811243.0,0.0009877368256729,0.0043256723630151,0.0085604988617326,0.0029632481567634,0.0960060771536847,0.0
1524,2016-04-14,9.066665649414062,8.477102279663086,9.083333015441896,8.991665840148926,38837556.0,0.0049387594878538,0.0009269593975883,-0.002304756939648,0.0026339648684611,-0.0916979249055395,0.0
1525,2016-04-15,9.033332824707031,8.508382797241211,9.116665840148926,9.0,59666884.0,-0.0013169824342305,0.0012358956237915,0.0013169824342305,0.0003292832883022,0.029856121232732,0.0
1526,2016-04-18,9.016666412353516,8.39107894897461,9.041666030883787,8.941665649414062,42078481.0,-0.0006584912171153,-0.0046346839487076,-0.0029632481567634,-0.0023047946193927,-0.025210678532603,0.0
1527,2016-04-19,8.975000381469727,8.422361373901367,9.008333206176758,8.925000190734863,26188792.0,-0.0016462280427881,0.0012359709832808,-0.0013169824342305,-0.0006584535373707,-0.0227757938774793,0.0
1528,2016-04-20,8.975000381469727,8.226856231689453,8.983332633972168,8.633333206176758,72790350.0,0.0,-0.0077244230081865,-0.0009877745054175,-0.0115237846982406,0.0667972469050462,0.0
1529,2016-04-21,8.766666412353516,8.219035148620605,8.858332633972168,8.708333015441895,67055903.99999999,-0.0082312909329195,-0.0003090115856925,-0.0049387594878538,0.0029632481567634,-0.0082195793824244,0.0
1530,2016-04-22,8.716666221618652,8.25031566619873,8.850000381469727,8.675000190734863,43161254.0,-0.0019755113310905,0.0012358956237915,-0.000329207928813,-0.0013169824342305,-0.0342498599673354,0.0
1531,2016-04-25,8.800000190734863,8.211215019226074,8.800000190734863,8.683333396911621,41910930.0,0.0032925314450656,-0.0015448695297394,-0.0019755113310904,0.0003292456085576,-0.0017921761529798,0.0
1532,2016-04-26,8.733332633972168,8.281597137451172,8.833333015441895,8.716666221618652,35003925.0,-0.0026340402279503,0.0027808028332756,0.0013169824342305,0.0013169824342305,-0.0099002895645546,0.0
1533,2016-04-27,8.816665649414062,8.26595687866211,8.841666221618652,8.766666412353516,28746471.0,0.003292493765321,-0.0006179478118957,0.0003292456085576,0.0019755113310905,-0.0089692430419379,0.0
1534,2016-04-28,8.816665649414062,8.336338996887207,8.966666221618652,8.783332824707031,54895248.99999999,0.0,0.0027808028332756,0.0049387594878538,0.0006584912171152,0.0374808580505235,0.0
1535,2016-04-29,8.866665840148926,8.26595687866211,8.866665840148926,8.791666030883789,48597320.0,0.0019755113310904,-0.0027808028332756,-0.003951022662181,0.0003292456085576,-0.0090272586681211,0.0
1536,2016-05-03,8.816665649414062,8.35197925567627,8.933333396911621,8.766666412353516,58692251.99999999,-0.0019755113310904,0.0033987506451714,0.0026340402279504,-0.0009877368256728,0.0144697665535914,0.0
1537,2016-05-04,8.899999618530273,8.383259773254395,8.958333015441895,8.883333206176758,49492270.0,0.0032925314450656,0.0012358956237915,0.0009877368256729,0.0046095138792962,-0.0131869726152928,0.0
1538,2016-05-05,8.908332824707031,8.383259773254395,8.933333396911621,8.875,28742019.0,0.0003292456085576,0.0,-0.0009877368256729,-0.0003292456085576,-0.0297427746812388,0.0
1539,2016-05-06,8.941665649414062,8.226856231689453,8.941665649414062,8.766666412353516,41585416.0,0.0013169824342306,-0.0061795157987024,0.000329207928813,-0.0042802682707385,0.0184093321624253,0.0
1540,2016-05-09,8.75,8.093912124633789,8.774999618530273,8.600000381469727,49340522.0,-0.007572724356315,-0.0052526317606033,-0.0065849875306421,-0.0065849875306421,0.0111159315801588,0.0
1541,2016-05-10,8.616665840148926,8.03917121887207,8.641666412353516,8.558333396911621,35111973.0,-0.0052680427761561,-0.0021628173416352,-0.0052680050964115,-0.0016462657225328,-0.0203947666439295,0.0
1542,2016-05-11,8.583333015441895,8.109552383422852,8.699999809265137,8.583333015441895,39274741.0,-0.0013169824342305,0.002780765153531,0.0023047569396481,0.0009877368256729,0.0059667842415145,0.0
1543,2016-05-12,8.591666221618652,8.1173734664917,8.666666030883789,8.541666030883789,39106260.0,0.0003292456085576,0.0003090115856925,-0.0013170201139752,-0.0016462657225328,-0.0002414955087082,0.0
1544,2016-05-13,8.625,8.093912124633789,8.666666030883789,8.608332633972168,22111933.000000004,0.0013170201139752,-0.0009269593975883,0.0,0.0026340025482057,-0.024359148177065,0.0
1545,2016-05-16,8.600000381469727,8.10173225402832,8.633333206176758,8.541666030883789,25826961.0,-0.0009877368256729,0.0003089739059478,-0.0013169824342305,-0.0026340025482057,0.005325007429476,0.0
1546,2016-05-17,8.633333206176758,8.054810523986816,8.641666412353516,8.533332824707031,30050906.0,0.0013169824342305,-0.0018538811154319,0.0003292456085576,-0.0003292456085576,0.0060544734808723,0.0
1547,2016-05-18,8.574999809265137,8.054810523986816,8.600000381469727,8.475000381469727,64098074.0,-0.0023047569396481,0.0,-0.0016462280427881,-0.0023047192599034,0.0488021685307943,0.0
1548,2016-05-19,8.558333396911621,8.015710830688477,8.600000381469727,8.541666030883789,20493331.0,-0.0006584912171153,-0.0015448318499948,0.0,0.0026339648684611,-0.0625017040074515,0.0
1549,2016-05-20,8.533332824707031,8.054810523986816,8.608332633972168,8.491665840148926,24804452.0,-0.0009877745054175,0.0015448318499948,0.000329207928813,-0.0019755113310904,0.0061794288910797,0.0
1550,2016-05-23,8.608332633972168,8.03917121887207,8.616665840148926,8.541666030883789,38837611.0,0.0029632481567634,-0.0006179101321511,0.0003292456085576,0.0019755113310904,0.020114700598224,0.0
1551,2016-05-24,8.558333396911621,7.984429359436035,8.566665649414062,8.491665840148926,31115284.0,-0.0019754736513458,-0.0021628550213798,-0.0019755113310904,-0.0019755113310904,-0.0110689471648245,0.0
1552,2016-05-25,8.541666030883789,8.000069618225098,8.566665649414062,8.491665840148926,24508248.0,-0.0006585288968599,0.0006179478118957,0.0,0.0,-0.0094703231810946,0.0
1553,2016-05-26,8.516666412353516,7.992249011993408,8.558333396911621,8.475000381469727,31367583.0,-0.0009877368256729,-0.0003089927458201,-0.000329207928813,-0.0006584535373706,0.0098319608455885,0.0
1554,2016-05-27,8.516666412353516,8.031351089477539,8.574999809265137,8.491665840148926,26738270.0,0.0,0.0015449260493564,0.0006584912171153,0.0006584535373706,-0.006635515564989,0.0
1555,2016-05-30,8.541666030883789,8.03917121887207,8.566665649414062,8.5,45713624.0,0.0009877368256729,0.0003089739059478,-0.0003292832883022,0.0003292832883022,0.0271986916456453,0.0
1556,2016-05-31,8.550000190734863,8.25031566619873,8.808333396911621,8.550000190734863,113576059.0,0.0003292832883022,0.0083423331403376,0.0095483110468947,0.0019755113310905,0.097271937265974,0.0
1557,2016-06-01,8.758333206176758,8.195574760437012,8.791666030883789,8.699999809265137,66810109.0,0.0082312532531749,-0.0021628173416352,-0.0006585288968599,0.0059264963135268,-0.0670328813663064,0.0
1558,2016-06-02,8.725000381469727,8.17993450164795,8.733332633972168,8.683333396911621,35164346.0,-0.0013169824342305,-0.0006179478118957,-0.0023047569396481,-0.0006584912171153,-0.0453600681035079,0.0
1559,2016-06-03,8.725000381469727,8.211215019226074,8.766666412353516,8.675000190734863,50806714.0,0.0,0.0012358956237915,0.0013170201139752,-0.0003292456085576,0.0224212915258239,0.0
1560,2016-06-06,8.758333206176758,8.219035148620605,8.774999618530273,8.708333015441895,40599841.0,0.0013169824342305,0.0003089739059478,0.0003292456085576,0.0013169824342305,-0.0146302193568174,0.0
1561,2016-06-07,8.766666412353516,8.226856231689453,8.774999618530273,8.733332633972168,27513858.0,0.0003292456085576,0.0003090115856925,0.0,0.0009877368256729,-0.0187570475100046,0.0
1562,2016-06-08,8.783332824707031,8.211215019226074,8.783332824707031,8.716666221618652,32182588.0,0.0006584912171152,-0.0006179854916403,0.0003292456085576,-0.0006584912171153,0.0066920146863544,0.0
1563,2016-06-13,8.716666221618652,8.07827091217041,8.725000381469727,8.608332633972168,41378019.0,-0.0026340025482057,-0.0052526317606034,-0.0023047192599034,-0.0042802682707385,0.0131804493511851,0.0
1564,2016-06-14,8.616665840148926,8.133012771606445,8.675000190734863,8.600000381469727,32836471.0,-0.0039510226621809,0.0021628550213798,-0.0019755113310904,-0.000329207928813,-0.0122431934723578,0.0
1565,2016-06-15,8.608332633972168,8.164294242858887,8.733332633972168,8.600000381469727,45380689.0,-0.0003292456085576,0.0012359333035362,0.0023047192599034,0.0,0.0179804981407858,0.0
1566,2016-06-16,8.569999694824219,8.16191291809082,8.600000381469727,8.529999732971191,38667008.0,-0.001514537335314,-9.408632233559588e-05,-0.0052679674166669,-0.0027657309354245,-0.0096231848600151,0.0
1567,2016-06-17,8.569999694824219,8.17143726348877,8.609999656677246,8.539999961853027,31517300.0,0.0,0.0003763076095977,0.0003950721224224,0.000395109802167,-0.0102481726163529,0.0
1568,2016-06-20,8.59000015258789,8.190485000610352,8.600000381469727,8.5600004196167,27073158.000000004,0.000790219604334,0.0007525775394509,-0.0003950721224224,0.000790219604334,-0.0063700971211109,0.0
1569,2016-06-21,8.609999656677246,8.200008392333984,8.649999618530273,8.579999923706055,38074985.0,0.0007901819245894,0.0003762699298531,0.0019754736513458,0.0007901819245894,0.0157696820892898,0.0
1570,2016-06-22,8.600000381469727,8.31429386138916,8.729999542236328,8.579999923706055,47800201.0,-0.0003950721224224,0.0045154275569606,0.0031608030578468,0.0,0.0139398269550753,0.0
1571,2016-06-23,8.670000076293945,8.247628211975098,8.699999809265137,8.630000114440918,33561422.0,0.0027656932556798,-0.0026339648684611,-0.0011852917267564,0.0019755113310904,-0.0204094300128203,0.0
1572,2016-06-24,8.640000343322754,8.16191291809082,8.699999809265137,8.520000457763672,42766409.0,-0.0011852917267564,-0.0033866177674012,0.0,-0.0043460947846033,0.0131941466291049,0.0
1573,2016-06-27,8.569999694824219,8.200008392333984,8.640000343322754,8.539999961853027,32521418.0,-0.0027657309354245,0.0015051550789017,-0.0023705834535128,0.0007901819245894,-0.0146848565313412,0.0
1574,2016-06-28,8.579999923706055,8.219057083129883,8.640000343322754,8.5600004196167,33651928.0,0.000395109802167,0.0007526152191955,0.0,0.000790219604334,0.0016204384325224,0.0
1575,2016-06-29,8.630000114440918,8.276198387145996,8.6899995803833,8.619999885559082,36961156.0,0.0019755113310904,0.0022576572588633,0.0019754736513458,0.0023705834535128,0.0047433461297815,0.0
1576,2016-06-30,8.6899995803833,8.285722732543945,8.739999771118164,8.65999984741211,36220487.0,0.0023705834535128,0.0003763076095977,0.0019755113310905,0.0015804015289234,-0.0010616522749714,0.0
1577,2016-07-01,8.6899995803833,8.295247077941895,8.729999542236328,8.680000305175781,34893019.0,0.0,0.0003763076095977,-0.000395109802167,0.000790219604334,-0.0019027520014362,0.0
1578,2016-07-04,8.6899995803833,8.390484809875488,8.859999656677246,8.670000076293945,60825712.0,0.0,0.0037628500175097,0.0051363143889374,-0.000395109802167,0.0371711284252291,0.0
1579,2016-07-05,8.800000190734863,8.390484809875488,8.829999923706055,8.770000457763672,42203729.0,0.004346132464348,0.0,-0.0011852917267564,0.003951022662181,-0.0266921804698583,0.0
1580,2016-07-06,8.800000190734863,8.371437072753906,8.819999694824219,8.760000228881836,32295017.0,0.0,-0.0007525775394508,-0.000395109802167,-0.000395109802167,-0.01420284450522,0.0
1581,2016-07-07,8.789999961853027,8.361913681030273,8.800000190734863,8.739999771118164,31285308.0,-0.000395109802167,-0.0003762699298531,-0.0007901819245894,-0.000790219604334,-0.0014472859764741,0.0
1582,2016-07-08,8.789999961853027,8.32381820678711,8.789999961853027,8.729999542236328,26134229.0,0.0,-0.0015051550789018,-0.000395109802167,-0.000395109802167,-0.0073833989797164,0.0
1583,2016-07-11,8.75,8.333342552185059,8.789999961853027,8.739999771118164,36537252.0,-0.0015804015289234,0.0003763076095977,0.0,0.000395109802167,0.0149113747632616,0.0
1584,2016-07-12,8.75,8.457151412963867,8.890000343322754,8.739999771118164,71183240.0,0.0,0.0048916974868137,0.0039510226621809,0.0,0.0496604987907329,0.0
1585,2016-07-13,8.880000114440918,8.56191349029541,9.050000190734863,8.859999656677246,79828864.0,0.0051363143889374,0.0041391576271075,0.0063216061156938,0.0047412045867703,0.0123923728253075,0.0
1586,2016-07-14,8.970000267028809,8.514293670654297,9.0,8.90999984741211,35969939.0,0.0035559128600139,-0.0018814626884995,-0.0019755113310905,0.0019755113310904,-0.0628660407065125,0.0
1587,2016-07-15,8.949999809265137,8.56191349029541,9.0,8.90999984741211,35203395.0,-0.000790219604334,0.0018814626884995,0.0,0.0,-0.0010987407080162,0.0
1588,2016-07-18,8.989999771118164,8.609533309936523,9.079999923706056,8.970000267028809,50693492.0,0.0015804015289234,0.0018814626884995,0.0031608030578469,0.0023706211332575,0.0222030309349768,0.0
1589,2016-07-19,9.039999961853027,8.542867660522461,9.050000190734863,8.949999809265137,36278781.0,0.0019755113310904,-0.0026339648684611,-0.0011852917267564,-0.000790219604334,-0.0206616055568761,0.0
1590,2016-07-20,8.960000038146973,8.533342361450195,8.989999771118164,8.949999809265137,31092641.0,-0.0031608030578468,-0.0003763452893423,-0.0023706211332575,0.0,-0.0074336543440057,0.0
1591,2016-07-21,8.949999809265137,8.56191349029541,9.010000228881836,8.949999809265137,34026127.0,-0.000395109802167,0.001128847469304,0.000790219604334,0.0,0.004204769047303,0.0
1592,2016-07-22,8.989999771118164,8.514293670654297,8.989999771118164,8.920000076293945,29554964.0,0.0015804015289234,-0.0018814626884995,-0.000790219604334,-0.0011852917267564,-0.0064088281954802,0.0
1593,2016-07-25,8.930000305175781,8.552389144897461,8.979999542236328,8.90999984741211,26468286.0,-0.0023705834535128,0.0015051550789017,-0.000395109802167,-0.000395109802167,-0.0044243497713611,0.0
1594,2016-07-26,8.970000267028809,8.676198959350586,9.119999885559082,8.970000267028809,54655692.0,0.0015804015289234,0.0048917351665584,0.0055314241911044,0.0023706211332575,0.0404029650295121,0.0
1595,2016-07-27,9.119999885559082,8.580962181091309,9.170000076293944,8.90999984741211,81867834.0,0.0059264963135268,-0.0037628123377651,0.0019755113310904,-0.0023706211332575,0.0390050514617811,0.0
1596,2016-07-28,8.979999542236328,8.647627830505371,9.109999656677246,8.970000267028809,47991038.0,-0.0055314241911044,0.0026339648684611,-0.0023706211332574,0.0023706211332575,-0.0485579625205638,0.0
1597,2016-07-29,9.079999923706056,8.761913299560547,9.239999771118164,9.029999732971191,67142534.0,0.003951022662181,0.0045154275569606,0.0051363143889374,0.0023705834535128,0.0274511681972736,0.0
1598,2016-08-01,9.18000030517578,8.838104248046875,9.34000015258789,9.170000076293944,75932441.0,0.0039510226621808,0.0030103101578035,0.0039510226621809,0.0055314241911043,0.0125991836614431,0.0
1599,2016-08-02,9.239999771118164,8.80953311920166,9.260000228881836,9.170000076293944,44916516.0,0.0023705834535129,-0.0011288474693039,-0.0031608030578469,0.0,-0.0444572775917362,0.0
1600,2016-08-03,9.210000038146973,8.742867469787598,9.220000267028809,9.149999618530272,42462218.0,-0.0011852917267564,-0.0026339648684611,-0.0015804015289234,-0.000790219604334,-0.0035179156345923,0.0
1601,2016-08-04,9.170000076293944,8.56191349029541,9.18000030517578,8.930000305175781,134446207.0,-0.0015804015289235,-0.0071495054646557,-0.0015804015289235,-0.0086921895692066,0.1318470344820672,0.0
1602,2016-08-05,8.989999771118164,8.609533309936523,9.06999969482422,8.949999809265137,72594819.0,-0.0071118257200278,0.0018814626884995,-0.0043461324643478,0.0007901819245894,-0.0886558864760661,0.0
1603,2016-08-08,9.039999961853027,8.676198959350586,9.109999656677246,9.010000228881836,39847930.0,0.0019755113310904,0.0026339648684611,0.0015804015289234,0.0023706211332575,-0.0469383884097854,0.0
1604,2016-08-09,9.09000015258789,8.71429443359375,9.149999618530272,9.06999969482422,41567631.0,0.0019755113310904,0.0015051550789017,0.0015804015289233,0.0023705834535129,0.0024649667785754,0.0
1605,2016-08-10,9.149999618530272,8.704771041870117,9.18000030517578,9.119999885559082,43665544.99999999,0.0023705834535128,-0.0003762699298531,0.001185329406501,0.0019755113310904,0.0030070857168241,0.0
1606,2016-08-11,9.140000343322754,8.780961990356445,9.350000381469728,9.130000114440918,93557601.0,-0.0003950721224222,0.0030103101578035,0.006716715917861,0.000395109802167,0.0715137460260962,0.0
1607,2016-08-12,9.199999809265137,9.04762840270996,9.529999732971191,9.18000030517578,137002155.0,0.0023705834535128,0.010536010192823,0.0071117880402831,0.0019755113310904,0.0622720939977503,0.0
1608,2016-08-15,9.550000190734863,9.2190580368042,9.800000190734863,9.510000228881836,189755226.0,0.0138285416378887,0.0067731978550579,0.0106677385800418,0.0130383220335548,0.0756146373601164,0.0
1609,2016-08-16,9.68000030517578,9.066676139831545,9.68000030517578,9.460000038146973,109955862.0,0.0051363143889373,-0.0060206203156069,-0.0047412045867704,-0.0019755113310904,-0.1143819659414318,0.0
1610,2016-08-17,9.520000457763672,9.095248222351074,9.600000381469728,9.479999542236328,56072536.00000001,-0.0063216061156937,0.0011288851490485,-0.0031608030578467,0.0007901819245894,-0.0772347102834436,0.0
1611,2016-08-18,9.5600004196167,9.04762840270996,9.59000015258789,9.43000030517578,69150431.0,0.0015804015289234,-0.0018814626884995,-0.0003951098021671,-0.0019754736513459,0.0187454544183537,0.0
1612,2016-08-19,9.489999771118164,9.05715274810791,9.520000457763672,9.43000030517578,50533452.99999999,-0.0027657309354245,0.0003763076095978,-0.0027656932556798,0.0,-0.0266850064560462,0.0
1613,2016-08-22,9.5,8.95238971710205,9.510000228881836,9.359999656677246,97943273.0,0.000395109802167,-0.0041391953068521,-0.000395109802167,-0.0027657309354244,0.0679557849174012,0.0
1614,2016-08-23,9.380000114440918,8.95238971710205,9.449999809265137,9.369999885559082,89065673.0,-0.0047412045867703,0.0,-0.0023706211332575,0.000395109802167,-0.0127248801236267,0.0
1615,2016-08-24,9.40999984741211,8.980961799621582,9.43000030517578,9.380000114440918,73228127.0,0.0011852917267564,0.0011288851490486,-0.0007901819245894,0.000395109802167,-0.0227010536972181,0.0
1616,2016-08-25,9.420000076293944,8.990485191345215,9.449999809265137,9.34000015258789,61738960.0,0.0003951098021669,0.0003762699298531,0.0007901819245894,-0.0015804015289234,-0.0164682203292926,0.0
1617,2016-08-26,9.449999809265137,9.000008583068848,9.470000267028809,9.399999618530272,50223384.99999999,0.0011852917267565,0.0003762699298531,0.000790219604334,0.0023705834535128,-0.0165060727482239,0.0
1618,2016-08-29,9.40999984741211,8.97143840789795,9.449999809265137,9.380000114440918,56523188.0,-0.0015804015289234,-0.0011288097895594,-0.000790219604334,-0.0007901819245893,0.0090299448023637,0.0
1619,2016-08-30,9.420000076293944,9.019057273864746,9.470000267028809,9.40999984741211,59508123.0,0.0003951098021669,0.0018814250087549,0.000790219604334,0.0011852917267564,0.0042785144692053,0.0
1620,2016-08-31,9.460000038146973,9.038104057312012,9.5,9.43000030517578,48974676.0,0.0015804015289235,0.0007525398597062,0.0011852917267564,0.000790219604334,-0.0150983205329791,0.0
1621,2016-09-01,9.489999771118164,9.000008583068848,9.520000457763672,9.420000076293944,48013121.0,0.0011852917267564,-0.0015051550789017,0.000790219604334,-0.000395109802167,-0.0013782635067218,0.0
1622,2016-09-02,9.43000030517578,9.000008583068848,9.460000038146973,9.420000076293944,36879633.0,-0.0023705834535129,0.0,-0.0023706211332574,0.0,-0.0159584009369465,0.0
1623,2016-09-05,9.460000038146973,8.97143840789795,9.460000038146973,9.399999618530272,46993656.0,0.0011852917267565,-0.0011288097895594,0.0,-0.000790219604334,0.0144971310086739,0.0
1624,2016-09-06,9.420000076293944,8.961913108825684,9.43000030517578,9.359999656677246,57473833.0,-0.0015804015289235,-0.0003763452893423,-0.0011852917267565,-0.0015804015289234,0.015021964945412,0.0
1625,2016-09-07,9.40999984741211,8.95238971710205,9.420000076293944,9.369999885559082,45937329.0,-0.0003951098021669,-0.0003762699298531,-0.000395109802167,0.000395109802167,-0.0165360717362508,0.0
1626,2016-09-08,9.390000343322754,8.95238971710205,9.420000076293944,9.380000114440918,29521845.0,-0.0007901819245894,0.0,0.0,0.000395109802167,-0.0235294523374912,0.0
1627,2016-09-09,9.399999618530272,8.933342933654785,9.43000030517578,9.359999656677246,32743143.0,0.0003950721224223,-0.0007525398597062,0.000395109802167,-0.000790219604334,0.0046173099590518,0.0
1628,2016-09-12,9.289999961853027,8.7238187789917,9.31999969482422,9.130000114440918,75658173.0,-0.0043460947846032,-0.008278315254215,-0.0043461324643478,-0.0090872993713737,0.0615130905032717,0.0
1629,2016-09-13,9.18000030517578,8.752388954162598,9.210000038146973,9.140000343322754,46093142.0,-0.0043460947846034,0.0011288097895594,-0.0043460947846034,0.000395109802167,-0.0423776105395949,0.0
1630,2016-09-14,9.170000076293944,8.628581047058105,9.18000030517578,9.050000190734863,42148125.0,-0.000395109802167,-0.0048916598070691,-0.0011852917267565,-0.0035559128600139,-0.0056546666228112,0.0
1631,2016-09-19,9.050000190734863,8.685723304748535,9.140000343322754,9.050000190734863,35434870.0,-0.0047412045867702,0.002257694938608,-0.0015804015289233,0.0,-0.0096225742446537,0.0
1632,2016-09-20,9.119999885559082,8.647627830505371,9.119999885559082,9.039999961853027,43667897.0,0.0027656932556798,-0.0015051550789017,-0.000790219604334,-0.000395109802167,0.0118009689138485,0.0
1633,2016-09-21,9.079999923706056,8.647627830505371,9.100000381469728,9.029999732971191,40566533.0,-0.0015804015289234,0.0,-0.0007901819245893,-0.000395109802167,-0.0044454002342673,0.0
1634,2016-09-22,9.100000381469728,8.7238187789917,9.18000030517578,9.09000015258789,49461323.0,0.000790219604334,0.0030103101578035,0.0031608030578467,0.0023706211332574,0.012749519743493,0.0
1635,2016-09-23,9.15999984741211,8.71429443359375,9.1899995803833,9.140000343322754,28879877.0,0.0023705834535128,-0.0003763076095977,0.0003950721224224,0.0019755113310905,-0.0295008147608471,0.0
1636,2016-09-26,9.130000114440918,8.609533309936523,9.130000114440918,9.039999961853027,43948186.0,-0.0011852917267564,-0.0041391199473628,-0.0023705834535128,-0.003951022662181,0.0215984529254264,0.0
1637,2016-09-27,9.039999961853027,8.628581047058105,9.06999969482422,9.010000228881836,40132367.0,-0.0035559128600139,0.0007525775394508,-0.0023706211332574,-0.0011852917267564,-0.0054694781639696,0.0
1638,2016-09-28,9.0600004196167,8.619056701660156,9.0600004196167,9.029999732971191,27136600.0,0.000790219604334,-0.0003763076095977,-0.0003950721224224,0.0007901819245894,-0.0186277346568424,0.0
1639,2016-09-29,9.050000190734863,8.628581047058105,9.079999923706056,9.050000190734863,30366429.0,-0.000395109802167,0.0003763076095977,0.0007901819245894,0.000790219604334,0.0046295380333438,0.0
1640,2016-09-30,9.0600004196167,8.638103485107422,9.100000381469728,9.050000190734863,30808486.0,0.000395109802167,0.0003762322501085,0.000790219604334,0.0,0.0006336309737778,0.0
1641,2016-10-10,9.100000381469728,8.685723304748535,9.170000076293944,9.079999923706056,61138159.0,0.0015804015289235,0.0018814626884994,0.0027656932556797,0.0011852917267564,0.0434736249790256,0.0
1642,2016-10-11,9.130000114440918,8.71429443359375,9.149999618530272,9.109999656677246,36337078.0,0.0011852917267563,0.001128847469304,-0.000790219604334,0.0011852917267564,-0.0355491104196355,0.0
1643,2016-10-12,9.140000343322754,8.695247650146484,9.15999984741211,9.119999885559082,27031620.0,0.000395109802167,-0.0007525398597062,0.0003951098021671,0.000395109802167,-0.0133381586853928,0.0
1644,2016-10-13,9.079999923706056,8.638103485107422,9.109999656677246,9.050000190734863,63236796.0,-0.0023706211332574,-0.0022577702980972,-0.0019755113310904,-0.0027656932556798,0.0518953911479237,0.0
1645,2016-10-14,9.0600004196167,8.65715217590332,9.09000015258789,9.039999961853027,33541176.000000004,-0.0007901819245894,0.0007526152191955,-0.0007901819245894,-0.000395109802167,-0.0425647928152622,0.0
1646,2016-10-17,9.079999923706056,8.619056701660156,9.09000015258789,9.029999732971191,35922316.0,0.0007901819245894,-0.0015051550789017,0.0,-0.000395109802167,0.0034130531965365,0.0
1647,2016-10-18,9.029999732971191,8.65715217590332,9.09000015258789,9.029999732971191,59373709.00000001,-0.0019755113310905,0.0015051550789017,0.0,0.0,0.033614508950286,0.0
1648,2016-10-19,9.09000015258789,8.647627830505371,9.109999656677246,9.050000190734863,48263616.0,0.0023706211332574,-0.0003763076095977,0.0007901819245894,0.000790219604334,-0.0159248672599964,0.0
1649,2016-10-20,9.079999923706056,8.638103485107422,9.09000015258789,9.050000190734863,34284457.0,-0.0003951098021669,-0.0003763076095977,-0.0007901819245894,0.0,-0.020037298651,0.0
1650,2016-10-21,9.079999923706056,8.695247650146484,9.130000114440918,9.0600004196167,68389677.0,0.0,0.0022577702980972,0.0015804015289234,0.000395109802167,0.0488853784907989,0.0
1651,2016-10-24,9.130000114440918,8.800008773803711,9.300000190734863,9.119999885559082,91567704.0,0.0019755113310904,0.0041391199473628,0.0067167159178608,0.0023705834535128,0.033222674492789,0.0
1652,2016-10-25,9.25,8.771437644958496,9.260000228881836,9.18000030517578,50075292.00000001,0.0047412045867704,-0.0011288474693039,-0.0015804015289234,0.0023706211332574,-0.0594739534040879,0.0
1653,2016-10-26,9.220000267028809,8.71429443359375,9.220000267028809,9.130000114440918,44045213.0,-0.0011852917267564,-0.0022577326183526,-0.0015804015289234,-0.0019755113310904,-0.0086433306761961,0.0
1654,2016-10-27,9.15999984741211,8.7238187789917,9.170000076293944,9.119999885559082,32414055.0,-0.0023706211332574,0.0003763076095977,-0.0019755113310905,-0.000395109802167,-0.0166717458827793,0.0
1655,2016-10-28,9.15999984741211,8.733343124389648,9.229999542236328,9.140000343322754,54199774.0,0.0,0.0003763076095977,0.0023705834535129,0.000790219604334,0.0312269828199082,0.0
1656,2016-10-31,9.149999618530272,8.71429443359375,9.15999984741211,9.09000015258789,49359683.0,-0.0003951098021671,-0.0007526152191955,-0.0027656932556798,-0.0019755113310905,-0.0069376382989146,0.0
1657,2016-11-01,9.140000343322754,8.704771041870117,9.15999984741211,9.109999656677246,52541566.00000001,-0.0003950721224222,-0.0003762699298531,0.0,0.0007901819245894,0.0045608137044252,0.0
1658,2016-11-02,9.140000343322754,8.638103485107422,9.140000343322754,9.050000190734863,63358600.0,0.0,-0.0026340402279503,-0.0007901819245894,-0.0023705834535128,0.0155048054590423,0.0
1659,2016-11-03,9.0600004196167,8.695247650146484,9.140000343322754,9.050000190734863,61687113.0,-0.0031608030578469,0.0022577702980972,0.0,0.0,-0.0023958583066595,0.0
1660,2016-11-04,9.109999656677246,8.676198959350586,9.170000076293944,9.100000381469728,50811757.0,0.0019754736513458,-0.0007526152191955,0.0011852917267563,0.0019755113310905,-0.015588402428783,0.0
1661,2016-11-07,9.100000381469728,8.685723304748535,9.119999885559082,9.06999969482422,49724012.0,-0.0003950721224223,0.0003763076095977,-0.0019755113310904,-0.001185329406501,-0.0015591403904292,0.0
1662,2016-11-08,9.119999885559082,8.71429443359375,9.149999618530272,9.100000381469728,80669498.0,0.0007901819245893,0.001128847469304,0.0011852917267563,0.001185329406501,0.04435631248506,0.0
1663,2016-11-09,9.140000343322754,8.638103485107422,9.140000343322754,9.010000228881836,72261671.0,0.000790219604334,-0.0030103101578035,-0.0003950721224222,-0.0035559128600139,-0.0120515218837514,0.0
1664,2016-11-10,9.100000381469728,8.704771041870117,9.15999984741211,9.100000381469728,63199874.0,-0.0015804015289234,0.0026340402279503,0.0007901819245894,0.0035559128600139,-0.012988902465716,0.0
1665,2016-11-11,9.140000343322754,8.742867469787598,9.18000030517578,9.109999656677246,81226969.0,0.0015804015289234,0.0015051927586464,0.0007902196043339,0.0003950721224223,0.0258394862183733,0.0
1666,2016-11-14,9.15999984741211,8.780961990356445,9.25,9.15999984741211,97507875.0,0.0007901819245894,0.001505117399157,0.0027656932556799,0.0019755113310904,0.0233365523513151,0.0
1667,2016-11-15,9.199999809265137,8.790484428405762,9.239999771118164,9.18000030517578,55434298.0,0.0015804015289234,0.0003762322501085,-0.000395109802167,0.0007902196043339,-0.0603069775273924,0.0
1668,2016-11-16,9.229999542236328,8.790484428405762,9.239999771118164,9.199999809265137,41584240.0,0.0011852917267564,0.0,0.0,0.0007901819245895,-0.0198522492289895,0.0
1669,2016-11-17,9.220000267028809,8.771437644958496,9.220000267028809,9.18000030517578,50532402.0,-0.0003950721224224,-0.0007525398597062,-0.0007901819245894,-0.0007901819245895,0.0128260215347382,0.0
1670,2016-11-18,9.210000038146973,8.742867469787598,9.210000038146973,9.15999984741211,51759734.0,-0.000395109802167,-0.0011288097895593,-0.000395109802167,-0.0007902196043339,0.001759220123895,0.0
1671,2016-11-21,9.18000030517578,8.800008773803711,9.279999732971191,9.170000076293944,85024326.0,-0.0011852917267565,0.0022576572588633,0.0027656932556798,0.0003951098021669,0.0476804480446689,0.0
1672,2016-11-22,9.239999771118164,8.914294242858887,9.359999656677246,9.229999542236328,118025694.0,0.0023705834535129,0.0045154275569606,0.0031608030578469,0.0023705834535129,0.0473031508195561,0.0
1673,2016-11-23,9.34000015258789,9.000008583068848,9.5600004196167,9.34000015258789,175286943.0,0.0039510226621809,0.0033865800876566,0.0079020453243619,0.004346132464348,0.0820765217236799,0.0
1674,2016-11-24,9.4399995803833,9.019057273864746,9.520000457763672,9.420000076293944,77974884.0,0.0039509849824363,0.0007526152191955,-0.0015804015289234,0.0031608030578468,-0.1394841269440267,0.0
1675,2016-11-25,9.479999542236328,9.161913871765137,9.619999885559082,9.460000038146973,101367499.0,0.0015804015289234,0.0056442750262646,0.0039509849824363,0.0015804015289235,0.033530258364102,0.0
1676,2016-11-28,9.6899995803833,9.171438217163086,9.779999732971191,9.600000381469728,127968924.0,0.0082971174467842,0.0003763076095977,0.0063216061156938,0.0055314241911044,0.0381296684061736,0.0
1677,2016-11-29,9.59000015258789,9.161913871765137,9.699999809265137,9.550000190734863,88777923.0,-0.0039509849824363,-0.0003763076095977,-0.0031608030578468,-0.0019755113310905,-0.0561751813158889,0.0
1678,2016-11-30,9.649999618530272,9.095248222351074,9.720000267028809,9.5,102596305.0,0.0023705834535128,-0.0026339648684611,0.000790219604334,-0.0019755113310905,0.0198068458200956,0.0
1679,2016-12-01,9.56999969482422,9.142867088317873,9.630000114440918,9.550000190734863,64600437.0,-0.0031608030578467,0.0018814250087549,-0.0035559128600139,0.0019755113310905,-0.0544621142530802,0.0
1680,2016-12-02,9.600000381469728,9.095248222351074,9.600000381469728,9.4399995803833,82968650.0,0.001185329406501,-0.0018814250087549,-0.0011852917267563,-0.004346132464348,0.0263284343189873,0.0
1681,2016-12-05,9.5,9.009533882141112,9.539999961853027,9.40999984741211,76436570.0,-0.003951022662181,-0.0033865800876567,-0.0023706211332575,-0.0011852917267564,-0.0093628835448702,0.0
1682,2016-12-06,9.479999542236328,9.038104057312012,9.520000457763672,9.449999809265137,60290276.0,-0.000790219604334,0.0011288097895594,-0.0007901819245894,0.0015804015289234,-0.0231436036305796,0.0
1683,2016-12-07,9.479999542236328,9.02858066558838,9.489999771118164,9.40999984741211,49340476.0,0.0,-0.000376269929853,-0.001185329406501,-0.0015804015289234,-0.0156951081798783,0.0
1684,2016-12-08,9.5,9.066676139831545,9.550000190734863,9.43000030517578,67145216.0,0.000790219604334,0.0015051550789017,0.0023706211332575,0.000790219604334,0.0255207693669845,0.0
1685,2016-12-09,9.5,9.190485000610352,9.75,9.479999542236328,151419915.0,0.0,0.0048916974868137,0.0079020076446172,0.0019754736513459,0.1207967741540197,0.0
1686,2016-12-12,9.649999618530272,9.04762840270996,9.770000457763672,9.4399995803833,125687400.0,0.0059264963135267,-0.0056442750262647,0.000790219604334,-0.0015804015289234,-0.0368841994068697,0.0
1687,2016-12-13,9.479999542236328,8.97143840789795,9.5,9.329999923706056,64577156.99999999,-0.0067167159178607,-0.0030102724780588,-0.0106677385800418,-0.0043460947846032,-0.0875935519172636,0.0
1688,2016-12-14,9.420000076293944,8.95238971710205,9.510000228881836,9.399999618530272,59770574.0,-0.0023705834535129,-0.0007526152191955,0.000395109802167,0.0027656932556797,-0.0068896089572927,0.0
1689,2016-12-15,9.369999885559082,8.80953311920166,9.40999984741211,9.210000038146973,82761287.0,-0.0019755113310903,-0.0056442750262646,-0.003951022662181,-0.0075068978424502,0.0329541843383016,0.0
1690,2016-12-16,9.239999771118164,8.80953311920166,9.289999961853027,9.210000038146973,39681397.0,-0.0051363143889374,0.0,-0.0047412045867703,0.0,-0.0617493957814078,0.0
1691,2016-12-19,9.220000267028809,8.761913299560547,9.229999542236328,9.170000076293944,49401064.00000001,-0.0007901819245894,-0.0018814626884995,-0.0023706211332575,-0.0015804015289235,0.0139318731883133,0.0
1692,2016-12-20,9.199999809265137,8.676198959350586,9.199999809265137,9.079999923706056,63663837.0,-0.000790219604334,-0.0033865800876566,-0.0011852917267564,-0.0035559128600138,0.0204438222780368,0.0
1693,2016-12-21,9.119999885559082,8.7238187789917,9.15999984741211,9.109999656677246,36992065.0,-0.0031608030578469,0.0018814626884994,-0.0015804015289234,0.0011852917267564,-0.0382305016428656,0.0
1694,2016-12-22,9.149999618530272,8.704771041870117,9.15999984741211,9.109999656677246,34134124.0,0.0011852917267563,-0.0007525775394508,0.0,0.0,-0.004096485156506,0.0
1695,2016-12-23,9.140000343322754,8.647627830505371,9.140000343322754,9.06999969482422,38291216.0,-0.0003950721224222,-0.0022577326183526,-0.0007901819245894,-0.0015804015289234,0.0059586484368396,0.0
1696,2016-12-26,9.050000190734863,8.685723304748535,9.130000114440918,9.020000457763672,30205896.0,-0.0035559128600139,0.0015051550789017,-0.000395109802167,-0.0019754736513459,-0.0115892502209112,0.0
1697,2016-12-27,9.119999885559082,8.647627830505371,9.130000114440918,9.06999969482422,26884124.0,0.0027656932556798,-0.0015051550789017,0.0,0.0019754736513459,-0.0047613263154478,0.0
1698,2016-12-28,9.079999923706056,8.628581047058105,9.109999656677246,9.039999961853027,33605509.0,-0.0015804015289234,-0.0007525398597062,-0.000790219604334,-0.0011852917267565,0.0096342275378191,0.0
1699,2016-12-29,9.06999969482422,8.647627830505371,9.09000015258789,9.050000190734863,33875853.0,-0.000395109802167,0.0007525398597062,-0.0007901819245894,0.000395109802167,0.0003875028151912,0.0
1700,2016-12-30,9.079999923706056,8.666675567626953,9.100000381469728,9.0600004196167,30260736.0,0.000395109802167,0.0007525775394509,0.0003951098021671,0.000395109802167,-0.0051817980600483,0.0
1701,2017-01-03,9.109999656677246,8.7238187789917,9.18000030517578,9.09000015258789,45984049.00000001,0.0011852917267564,0.0022577326183526,0.0031608030578467,0.0011852917267564,0.0225373156113433,0.0
1702,2017-01-04,9.149999618530272,8.7238187789917,9.18000030517578,9.140000343322754,44932953.0,0.0015804015289233,0.0,0.0,0.0019755113310905,-0.0015066088355437,0.0
1703,2017-01-05,9.170000076293944,8.733343124389648,9.18000030517578,9.149999618530272,34437291.0,0.000790219604334,0.0003763076095977,0.0,0.0003950721224222,-0.0150441606704632,0.0
1704,2017-01-06,9.170000076293944,8.695247650146484,9.170000076293944,9.109999656677246,35815420.0,0.0,-0.0015051550789017,-0.000395109802167,-0.0015804015289233,0.0019753679282569,0.0
1705,2017-01-09,9.130000114440918,8.71429443359375,9.170000076293944,9.109999656677246,36108157.0,-0.0015804015289234,0.0007525398597062,0.0,0.0,0.0004196002560095,0.0
1706,2017-01-10,9.149999618530272,8.71429443359375,9.15999984741211,9.140000343322754,24105395.0,0.0007901819245893,0.0,-0.0003951098021669,0.001185329406501,-0.0172043916827095,0.0
1707,2017-01-11,9.140000343322754,8.704771041870117,9.170000076293944,9.130000114440918,30343089.0,-0.0003950721224222,-0.0003762699298531,0.0003951098021669,-0.000395109802167,0.0089409196627315,0.0
1708,2017-01-12,9.130000114440918,8.71429443359375,9.170000076293944,9.130000114440918,42800677.0,-0.000395109802167,0.0003762699298531,0.0,0.0,0.017856325350267,0.0
1709,2017-01-13,9.140000343322754,8.7238187789917,9.1899995803833,9.119999885559082,43430137.0,0.000395109802167,0.0003763076095977,0.0007901819245894,-0.000395109802167,0.0009022486981411,0.0
1710,2017-01-16,9.149999618530272,8.704771041870117,9.15999984741211,9.06999969482422,68316586.0,0.0003950721224222,-0.0007525775394508,-0.0011852917267564,-0.0019755113310904,0.0356714742979803,0.0
1711,2017-01-17,9.119999885559082,8.71429443359375,9.15999984741211,9.100000381469728,54555237.0,-0.0011852917267563,0.0003762699298531,0.0,0.001185329406501,-0.0197250964635025,0.0
1712,2017-01-18,9.140000343322754,8.733343124389648,9.1899995803833,9.130000114440918,57426939.0,0.000790219604334,0.0007526152191955,0.0011852917267564,0.0011852917267563,0.0041162097527236,0.0
1713,2017-01-19,9.149999618530272,8.742867469787598,9.239999771118164,9.149999618530272,43771286.0,0.0003950721224222,0.0003763076095977,0.0019755113310905,0.0007901819245893,-0.0195735950521361,0.0
1714,2017-01-20,9.170000076293944,8.780961990356445,9.229999542236328,9.170000076293944,39332857.0,0.000790219604334,0.001505117399157,-0.000395109802167,0.000790219604334,-0.0063619082817685,0.0
1715,2017-01-23,9.220000267028809,8.780961990356445,9.260000228881836,9.199999809265137,42029931.0,0.0019755113310905,0.0,0.001185329406501,0.0011852917267565,0.0038659033223563,0.0
1716,2017-01-24,9.229999542236328,8.828580856323242,9.279999732971191,9.199999809265137,47024408.0,0.0003950721224224,0.0018814250087548,0.0007901819245894,0.0,0.007158930466028,0.0
1717,2017-01-25,9.270000457763672,8.81905746459961,9.279999732971191,9.25,30440196.0,0.0015804392086681,-0.0003762699298531,0.0,0.0019755113310904,-0.0237713018884396,0.0
1718,2017-01-26,9.270000457763672,8.885724067687988,9.34000015258789,9.260000228881836,42071258.0,0.0,0.0026340025482057,0.0023706211332575,0.000395109802167,0.0166716082793176,0.0
1719,2017-02-03,9.34000015258789,8.81905746459961,9.359999656677246,9.229999542236328,31547224.0,0.0027656932556798,-0.0026340025482057,0.0007901819245894,-0.001185329406501,-0.0150848282268824,0.0
1720,2017-02-06,9.260000228881836,8.866676330566406,9.31999969482422,9.260000228881836,51678611.0,-0.0031608030578469,0.0018814250087549,-0.0015804015289233,0.001185329406501,0.0288557139651862,0.0
1721,2017-02-07,9.3100004196167,8.857151985168457,9.31999969482422,9.270000457763672,39688497.0,0.0019755113310904,-0.0003763076095977,0.0,0.000395109802167,-0.0171862624266264,0.0
1722,2017-02-08,9.289999961853027,8.857151985168457,9.300000190734863,9.239999771118164,36027242.0,-0.000790219604334,0.0,-0.0007901819245895,-0.001185329406501,-0.0052479308571042,0.0
1723,2017-02-09,9.300000190734863,8.866676330566406,9.329999923706056,9.279999732971191,34285513.0,0.000395109802167,0.0003763076095977,0.0011852917267565,0.0015804015289234,-0.0024965410395652,0.0
1724,2017-02-10,9.31999969482422,8.885724067687988,9.359999656677246,9.3100004196167,48274323.0,0.0007901819245895,0.0007525775394508,0.0011852917267563,0.001185329406501,0.0200511320990122,0.0
1725,2017-02-13,9.34000015258789,8.961913108825684,9.4399995803833,9.329999923706056,63836475.0,0.0007902196043339,0.0030102347983142,0.0031608030578469,0.0007901819245895,0.0223063123665921,0.0
1726,2017-02-14,9.40999984741211,8.95238971710205,9.420000076293944,9.369999885559082,36240460.0,0.0027656932556798,-0.0003762699298531,-0.0007901819245895,0.0015804015289234,-0.0395552832707945,0.0
1727,2017-02-15,9.399999618530272,9.000008583068848,9.539999961853027,9.390000343322754,75661306.0,-0.000395109802167,0.0018814250087549,0.0047412045867704,0.000790219604334,0.0565046341040315,0.0
1728,2017-02-16,9.449999809265137,9.009533882141112,9.5,9.420000076293944,41116113.0,0.0019755113310905,0.0003763452893422,-0.0015804015289234,0.0011852917267563,-0.0495160223227617,0.0
1729,2017-02-17,9.460000038146973,8.942866325378418,9.489999771118164,9.369999885559082,42377497.0,0.000395109802167,-0.0026340402279503,-0.000395109802167,-0.0019755113310903,0.0018080292184667,0.0
1730,2017-02-20,9.399999618530272,9.104771614074709,9.579999923706056,9.399999618530272,89875539.0,-0.0023706211332575,0.0063968902454602,0.0035559128600139,0.0011852917267563,0.0680822396319937,0.0
1731,2017-02-21,9.550000190734863,9.11429500579834,9.619999885559082,9.539999961853027,64658420.99999999,0.0059265339932715,0.000376269929853,0.0015804015289234,0.0055314241911044,-0.0361454451218065,0.0
1732,2017-02-22,9.56999969482422,9.11429500579834,9.56999969482422,9.5,46296611.0,0.0007901819245894,0.0,-0.0019755113310904,-0.0015804015289234,-0.0263192564547637,0.0
1733,2017-02-23,9.550000190734863,9.05715274810791,9.56999969482422,9.479999542236328,33532781.0,-0.0007901819245894,-0.002257694938608,0.0,-0.000790219604334,-0.0182952832599295,0.0
1734,2017-02-24,9.5,9.04762840270996,9.539999961853027,9.479999542236328,33250014.0,-0.0019755113310905,-0.0003763076095978,-0.0011852917267565,0.0,-0.0004053095631609,0.0
1735,2017-02-27,9.5,8.980961799621582,9.5,9.420000076293944,40734112.0,0.0,-0.0026340025482057,-0.0015804015289234,-0.0023705834535129,0.0107274770076906,0.0
1736,2017-02-28,9.43000030517578,9.02858066558838,9.510000228881836,9.420000076293944,36971970.0,-0.0027656932556799,0.0018814250087549,0.000395109802167,0.0,-0.0053925391950596,0.0
1737,2017-03-01,9.489999771118164,9.038104057312012,9.550000190734863,9.470000267028809,34699373.0,0.0023705834535129,0.000376269929853,0.0015804015289234,0.0019755113310905,-0.003257470982508,0.0
1738,2017-03-02,9.510000228881836,8.980961799621582,9.539999961853027,9.420000076293944,40362870.0,0.000790219604334,-0.002257694938608,-0.000395109802167,-0.0019755113310905,0.0081178832573578,0.0
1739,2017-03-03,9.40999984741211,8.95238971710205,9.43000030517578,9.359999656677246,34265508.0,-0.003951022662181,-0.0011288851490486,-0.0043460947846034,-0.0023706211332574,-0.0087397720690678,0.0
1740,2017-03-06,9.399999618530272,9.000008583068848,9.460000038146973,9.390000343322754,40451138.0,-0.000395109802167,0.0018814250087549,0.0011852917267565,0.001185329406501,0.0088662927186524,0.0
1741,2017-03-07,9.4399995803833,9.000008583068848,9.460000038146973,9.399999618530272,29467282.0,0.0015804015289235,0.0,0.0,0.0003950721224223,-0.0157439230079276,0.0
1742,2017-03-08,9.43000030517578,8.97143840789795,9.449999809265137,9.399999618530272,24443839.0,-0.0003950721224224,-0.0011288097895594,-0.000395109802167,0.0,-0.0072004494438667,0.0
1743,2017-03-09,9.40999984741211,8.933342933654785,9.43000030517578,9.359999656677246,37816992.0,-0.000790219604334,-0.0015051550789017,-0.0007901819245894,-0.0015804015289234,0.0191686681986031,0.0
1744,2017-03-10,9.380000114440918,8.95238971710205,9.40999984741211,9.359999656677246,39018225.0,-0.0011852917267564,0.0007525398597062,-0.000790219604334,0.0,0.0017218106161062,0.0
1745,2017-03-13,9.390000343322754,8.990485191345215,9.449999809265137,9.369999885559082,54530444.0,0.000395109802167,0.0015051550789018,0.0015804015289234,0.000395109802167,0.0222347399326895,0.0
1746,2017-03-14,9.43000030517578,8.990485191345215,9.460000038146973,9.40999984741211,40448435.0,0.0015804015289234,0.0,0.000395109802167,0.0015804015289234,-0.0201847206930738,0.0
1747,2017-03-15,9.420000076293944,9.02858066558838,9.479999542236328,9.420000076293944,54656086.0,-0.000395109802167,0.0015051550789018,0.0007901819245894,0.0003951098021669,0.0203648120903538,0.0
1748,2017-03-16,9.479999542236328,9.066676139831545,9.529999732971191,9.449999809265137,63595381.0,0.0023705834535129,0.0015051550789017,0.0019755113310904,0.0011852917267565,0.0128133118483301,0.0
1749,2017-03-17,9.449999809265137,8.866676330566406,9.460000038146973,9.300000190734863,158364708.0,-0.0011852917267564,-0.0079020076446173,-0.0027656932556798,-0.0059264963135268,0.1358394527205306,0.0
1750,2017-03-20,9.289999961853027,8.80953311920166,9.3100004196167,9.220000267028809,71502177.0,-0.0063216061156938,-0.0022577326183526,-0.0059264963135268,-0.0031608030578469,-0.1245060933371419,0.0
1751,2017-03-21,9.25,8.800008773803711,9.260000228881836,9.199999809265137,55464874.0,-0.0015804015289234,-0.0003763076095977,-0.0019755113310904,-0.000790219604334,-0.0229873792670631,0.0
1752,2017-03-22,9.199999809265137,8.7238187789917,9.220000267028809,9.140000343322754,56612363.0,-0.0019755113310904,-0.0030102724780589,-0.0015804015289234,-0.0023705834535128,0.0016447756114468,0.0
1753,2017-03-23,9.15999984741211,8.761913299560547,9.239999771118164,9.149999618530272,43358829.0,-0.0015804015289234,0.0015051173991571,0.0007901819245894,0.0003950721224222,-0.0189972099851774,0.0
1754,2017-03-24,9.199999809265137,8.752388954162598,9.239999771118164,9.15999984741211,71082787.0,0.0015804015289234,-0.0003763076095977,0.0,0.0003951098021671,0.0397386728510478,0.0
1755,2017-03-27,9.119999885559082,8.704771041870117,9.1899995803833,9.079999923706056,98501205.0,-0.0031608030578469,-0.0018813873290102,-0.0019755113310905,-0.0031608030578468,0.0393007211666992,0.0
1756,2017-03-28,9.15999984741211,8.685723304748535,9.170000076293944,9.100000381469728,48137275.99999999,0.0015804015289234,-0.0007525775394509,-0.0007901819245894,0.000790219604334,-0.0721901143416968,0.0
1757,2017-03-29,9.130000114440918,8.676198959350586,9.149999618530272,9.09000015258789,60114068.0,-0.0011852917267564,-0.0003763076095977,-0.000790219604334,-0.0003951098021671,0.0171671670795723,0.0
1758,2017-03-30,9.119999885559082,8.647627830505371,9.119999885559082,9.0600004196167,68728555.0,-0.000395109802167,-0.001128847469304,-0.0011852917267563,-0.0011852917267564,0.0123477420025165,0.0
1759,2017-03-31,9.079999923706056,8.733343124389648,9.18000030517578,9.079999923706056,63312122.00000001,-0.0015804015289234,0.0033866177674012,0.0023706211332574,0.0007901819245894,-0.0077637492816364,0.0
1760,2017-04-05,9.15999984741211,8.771437644958496,9.220000267028809,9.149999618530272,49915009.00000001,0.0031608030578468,0.0015051173991571,0.0015804015289235,0.0027656932556797,-0.0192030117292603,0.0
1761,2017-04-06,9.199999809265137,8.761913299560547,9.220000267028809,9.170000076293944,43439147.0,0.0015804015289234,-0.0003763076095977,0.0,0.000790219604334,-0.0092823023843324,0.0
1762,2017-04-07,9.1899995803833,8.761913299560547,9.220000267028809,9.170000076293944,51484475.99999999,-0.000395109802167,0.0,0.0,0.0,0.0115319283455142,0.0
1763,2017-04-10,9.199999809265137,8.742867469787598,9.210000038146973,9.170000076293944,40134394.0,0.000395109802167,-0.0007525021799615,-0.000395109802167,0.0,-0.016268860147262,0.0
1764,2017-04-11,9.170000076293944,8.71429443359375,9.1899995803833,9.09000015258789,61243796.0,-0.0011852917267565,-0.0011289228287932,-0.000790219604334,-0.0031608030578468,0.0302575707321175,0.0
1765,2017-04-12,9.15999984741211,8.685723304748535,9.170000076293944,9.100000381469728,45533653.00000001,-0.0003951098021669,-0.001128847469304,-0.0007901819245894,0.0003951098021671,-0.022518438136437,0.0
1766,2017-04-13,9.109999656677246,8.685723304748535,9.140000343322754,9.100000381469728,35744255.0,-0.0019755113310904,0.0,-0.0011852917267563,0.0,-0.0140318234694592,0.0
1767,2017-04-14,9.109999656677246,8.647627830505371,9.119999885559082,9.0600004196167,49050050.0,0.0,-0.0015051550789017,-0.000790219604334,-0.0015804015289235,0.0190721193030269,0.0
1768,2017-04-17,9.079999923706056,8.666675567626953,9.109999656677246,9.050000190734863,53189218.0,-0.0011852917267564,0.0007525775394509,-0.000395109802167,-0.000395109802167,0.0059329567238388,0.0
1769,2017-04-18,9.09000015258789,8.619056701660156,9.100000381469728,9.050000190734863,33537696.0,0.0003951098021669,-0.0018814250087548,-0.0003950721224223,0.0,-0.0281678901613964,0.0
1770,2017-04-19,9.029999732971191,8.485723495483398,9.039999961853027,8.899999618530273,79966857.0,-0.0023706211332574,-0.0052680050964115,-0.0023706211332575,-0.0059265339932714,0.0665501383217948,0.0
1771,2017-04-20,8.899999618530273,8.495246887207031,8.9399995803833,8.890000343322754,43762999.0,-0.0051363143889374,0.0003762699298531,-0.0039510226621809,-0.0003950721224224,-0.0518935019670637,0.0
1772,2017-04-21,8.920000076293945,8.542867660522461,8.989999771118164,8.899999618530273,32540817.0,0.000790219604334,0.0018815003682441,0.0019755113310904,0.0003950721224224,-0.0160855322018926,0.0
1773,2017-04-24,8.970000267028809,8.50477123260498,8.979999542236328,8.890000343322754,39499527.0,0.0019755113310904,-0.0015051927586463,-0.000395109802167,-0.0003950721224224,0.0099744019290216,0.0
1774,2017-04-25,8.930000305175781,8.57143783569336,9.010000228881836,8.930000305175781,37793334.0,-0.0015804015289234,0.0026340025482057,0.001185329406501,0.0015804015289234,-0.0024456048248142,0.0
1775,2017-04-26,9.0,8.56191349029541,9.010000228881836,8.960000038146973,38214706.0,0.0027656932556798,-0.0003763076095977,0.0,0.0011852917267564,0.0006039817278828,0.0
1776,2017-04-27,8.970000267028809,8.542867660522461,8.979999542236328,8.90999984741211,38739256.0,-0.0011852917267564,-0.0007525021799616,-0.001185329406501,-0.0019755113310905,0.0007518739151176,0.0
1777,2017-04-28,8.960000038146973,8.56191349029541,8.989999771118164,8.920000076293945,28644636.0,-0.000395109802167,0.0007525021799616,0.000395109802167,0.000395109802167,-0.0144693193423408,0.0
1778,2017-05-02,8.960000038146973,8.514293670654297,8.960000038146973,8.899999618530273,31102610.0,0.0,-0.0018814626884995,-0.0011852917267564,-0.000790219604334,0.0035231847004811,0.0
1779,2017-05-03,8.920000076293945,8.485723495483398,8.930000305175781,8.890000343322754,28031077.0,-0.0015804015289234,-0.0011288097895593,-0.0011852917267564,-0.0003950721224224,-0.0044026413919036,0.0
1780,2017-05-04,8.890000343322754,8.32381820678711,8.890000343322754,8.720000267028809,69651707.0,-0.0011852917267564,-0.0063968902454601,-0.0015804015289234,-0.0067167159178608,0.0596577371609244,0.0
1781,2017-05-05,8.739999771118164,8.219057083129883,8.760000228881836,8.579999923706055,62370085.0,-0.0059265339932714,-0.0041391199473628,-0.0051363143889374,-0.0055314241911044,-0.010437254106466,0.0
1782,2017-05-08,8.600000381469727,8.16191291809082,8.619999885559082,8.539999961853027,46008989.0,-0.0055313865113598,-0.0022577702980972,-0.0055314241911044,-0.0015804015289234,-0.0234514942429427,0.0
1783,2017-05-09,8.5600004196167,8.228580474853516,8.640000343322754,8.550000190734863,32419446.0,-0.0015804015289234,0.0026340402279503,0.000790219604334,0.000395109802167,-0.0194788350015624,0.0
1784,2017-05-10,8.630000114440918,8.257152557373047,8.800000190734863,8.619999885559082,57307768.0,0.0027656932556798,0.0011288851490486,0.0063216061156938,0.0027656932556798,0.0356741589988535,0.0
1785,2017-05-11,8.649999618530273,8.285722732543945,8.720000267028809,8.600000381469727,50364355.0,0.0007901819245894,0.0011288097895593,-0.0031608030578469,-0.0007901819245894,-0.0099524756774163,0.0
1786,2017-05-12,8.680000305175781,8.476198196411133,8.899999618530273,8.640000343322754,91796819.0,0.001185329406501,0.0075257000350195,0.0071117880402832,0.0015804015289234,0.0593880257757141,0.0
1787,2017-05-15,8.890000343322754,8.438103675842285,8.949999809265137,8.8100004196167,53657820.99999999,0.0082971174467842,-0.0015051173991571,0.0019755113310904,0.0067167159178608,-0.0546672724143056,0.0
1788,2017-05-16,8.84000015258789,8.419057846069336,8.850000381469727,8.729999542236328,52487233.00000001,-0.0019755113310904,-0.0007525021799615,-0.0039509849824363,-0.0031608407375915,-0.0016778850110565,0.0
1789,2017-05-17,8.8100004196167,8.352389335632324,8.8100004196167,8.75,41733802.0,-0.0011852917267564,-0.002634077907695,-0.0015804015289234,0.000790219604334,-0.015413638865537,0.0
1790,2017-05-18,8.720000267028809,8.31429386138916,8.770000457763672,8.710000038146973,22740112.0,-0.0035559128600139,-0.0015051550789017,-0.0015804015289234,-0.0015804015289234,-0.027224973906836,0.0
1791,2017-05-19,8.739999771118164,8.276198387145996,8.760000228881836,8.680000305175781,29427084.000000004,0.0007901819245894,-0.0015051550789017,-0.000395109802167,-0.0011852917267564,0.0095849009968965,0.0
1792,2017-05-22,8.680000305175781,8.266674995422363,8.729999542236328,8.609999656677246,67912005.0,-0.0023705834535128,-0.0003762699298531,-0.001185329406501,-0.0027657309354245,0.0551631078548532,0.0
1793,2017-05-23,8.670000076293945,8.371437072753906,8.84000015258789,8.640000343322754,80004019.0,-0.000395109802167,0.0041391576271075,0.004346132464348,0.001185329406501,0.0173323227677768,0.0
1794,2017-05-24,8.779999732971191,8.390484809875488,8.829999923706055,8.680000305175781,53237669.0,0.0043460947846033,0.0007525775394508,-0.000395109802167,0.0015804015289234,-0.0383660668533203,0.0
1795,2017-05-25,8.789999961853027,8.666675567626953,9.140000343322754,8.779999732971191,162154374.0,0.000395109802167,0.0109123178024208,0.0122481401089653,0.0039509849824362,0.1561178713374579,0.0
1796,2017-05-26,9.079999923706056,8.666675567626953,9.130000114440918,9.039999961853027,89536576.0,0.0114579205046312,0.0,-0.000395109802167,0.0102726287778748,-0.1040881290429554,0.0
1797,2017-05-31,9.100000381469728,8.761913299560547,9.229999542236328,9.0600004196167,103321095.0,0.000790219604334,0.0037628500175097,0.0039509849824363,0.000790219604334,0.0197583076323392,0.0
1798,2017-06-01,9.199999809265137,8.752388954162598,9.229999542236328,9.119999885559082,56618276.0,0.0039509849824362,-0.0003763076095977,0.0,0.0023705834535128,-0.0669423913231545,0.0
1799,2017-06-02,9.18000030517578,8.733343124389648,9.289999961853027,9.140000343322754,77075706.0,-0.0007901819245895,-0.0007525021799616,0.0023706211332575,0.000790219604334,0.0293230540222002,0.0
1800,2017-06-05,9.130000114440918,8.600008010864258,9.170000076293944,8.989999771118164,63413269.0,-0.0019755113310904,-0.0052680804559007,-0.0047412045867704,-0.0059265339932714,-0.0195833190300984,0.0
1801,2017-06-06,9.010000228881836,8.609533309936523,9.0600004196167,8.989999771118164,35534153.0,-0.0047412045867703,0.0003763452893423,-0.0043460947846032,0.0,-0.0399610715793327,0.0
1802,2017-06-07,9.020000457763672,8.695247650146484,9.149999618530272,9.010000228881836,64572325.00000001,0.000395109802167,0.0033865800876566,0.0035558751802692,0.000790219604334,0.0416224269745488,0.0
1803,2017-06-08,9.109999656677246,8.695247650146484,9.149999618530272,9.079999923706056,38300448.0,0.0035558751802693,0.0,0.0,0.0027656932556799,-0.037657304389437,0.0
1804,2017-06-09,9.149999618530272,8.71429443359375,9.220000267028809,9.119999885559082,68546808.0,0.0015804015289233,0.0007525398597062,0.0027657309354245,0.0015804015289234,0.0433542066747835,0.0
1805,2017-06-12,9.149999618530272,8.676198959350586,9.1899995803833,9.100000381469728,50457816.0,0.0,-0.0015051550789017,-0.001185329406501,-0.0007901819245893,-0.0259282074836941,0.0
1806,2017-06-13,9.109999656677246,8.685723304748535,9.140000343322754,9.050000190734863,44843496.99999999,-0.0015804015289233,0.0003763076095977,-0.0019754736513458,-0.0019755113310905,-0.008047393017347,0.0
1807,2017-06-14,9.119999885559082,8.647627830505371,9.130000114440918,9.039999961853027,37544431.0,0.000395109802167,-0.0015051550789017,-0.000395109802167,-0.000395109802167,-0.0104622578021581,0.0
1808,2017-06-15,9.079999923706056,8.609533309936523,9.079999923706056,9.029999732971191,33779789.0,-0.0015804015289234,-0.001505117399157,-0.0019755113310904,-0.000395109802167,-0.0053961226185422,0.0
1809,2017-06-16,9.039999961853027,8.590485572814941,9.079999923706056,9.010000228881836,28599104.0,-0.0015804015289235,-0.0007525775394509,0.0,-0.0007901819245894,-0.0074258353139667,0.0
1810,2017-06-19,9.020000457763672,8.590485572814941,9.020000457763672,9.020000457763672,0.0,-0.0007901819245894,0.0,-0.0023705834535129,0.000395109802167,-0.0409930803418867,0.0
1811,2017-06-20,9.119999885559082,8.685723304748535,9.15999984741211,9.09000015258789,31361560.0,0.0039509849824363,0.0037628500175097,0.0055313865113598,0.0027656932556798,0.0449527002218986,0.0
1812,2017-06-21,9.170000076293944,8.71429443359375,9.18000030517578,9.109999656677246,49693219.0,0.0019755113310904,0.001128847469304,0.0007902196043339,0.0007901819245894,0.0262760389341942,0.0
1813,2017-06-22,9.149999618530272,8.80953311920166,9.399999618530272,9.140000343322754,142695815.0,-0.000790219604334,0.0037628876972544,0.0086921895692067,0.001185329406501,0.1333070745794006,0.0
1814,2017-06-23,9.229999542236328,8.80953311920166,9.270000457763672,9.15999984741211,58400441.0,0.0031608030578469,0.0,-0.0051362767091927,0.0007901819245894,-0.1208264090662208,0.0
1815,2017-06-26,9.260000228881836,8.857151985168457,9.399999618530272,9.260000228881836,71076995.0,0.001185329406501,0.0018814250087548,0.0051362767091927,0.0039510226621809,0.0181701845127828,0.0
1816,2017-06-27,9.300000190734863,8.914294242858887,9.390000343322754,9.270000457763672,54601613.0,0.0015804015289234,0.002257694938608,-0.0003950721224223,0.000395109802167,-0.0236153082973954,0.0
1817,2017-06-28,9.350000381469728,8.980961799621582,9.489999771118164,9.329999923706056,116879622.0,0.0019755113310905,0.0026340402279503,0.0039509849824363,0.0023705834535129,0.089267391959893,0.0
1818,2017-06-29,9.43000030517578,8.980961799621582,9.449999809265137,9.369999885559082,48880457.0,0.0031608030578467,0.0,-0.0015804015289234,0.0015804015289234,-0.097467921863084,0.0
1819,2017-06-30,9.399999618530272,8.942866325378418,9.43000030517578,9.3100004196167,49963349.0,-0.001185329406501,-0.0015051550789017,-0.0007901819245894,-0.0023705834535129,0.0015521842487647,0.0
1820,2017-07-03,9.399999618530272,8.95238971710205,9.43000030517578,9.34000015258789,38834937.0,0.0,0.0003762699298531,0.0,0.0011852917267564,-0.0159511251539075,0.0
1821,2017-07-04,9.399999618530272,8.895247459411621,9.40999984741211,9.300000190734863,48836253.0,0.0,-0.002257694938608,-0.000790219604334,-0.0015804015289234,0.0143355802444928,0.0
1822,2017-07-05,9.289999961853027,8.923818588256836,9.380000114440918,9.270000457763672,56772000.0,-0.0043460947846032,0.001128847469304,-0.0011852917267564,-0.0011852917267564,0.0113748568606864,0.0
1823,2017-07-06,9.359999656677246,8.95238971710205,9.40999984741211,9.3100004196167,73891186.0,0.0027656932556798,0.0011288474693039,0.0011852917267564,0.0015804015289234,0.0245381172461103,0.0
1824,2017-07-07,9.369999885559082,9.019057273864746,9.479999542236328,9.34000015258789,76036958.0,0.000395109802167,0.0026340402279504,0.0027656932556799,0.0011852917267564,0.0030756839092361,0.0
1825,2017-07-10,9.449999809265137,9.133343696594238,9.65999984741211,9.4399995803833,136081591.0,0.0031608030578468,0.0045154652367052,0.0071118257200278,0.0039509849824363,0.0860661391583493,0.0
1826,2017-07-11,9.609999656677246,9.761914253234863,10.460000038146973,9.609999656677246,381208660.0,0.0063216061156938,0.0248348704031559,0.0316080682582138,0.0067167159178608,0.3513576381095092,0.0
1827,2017-07-12,10.270000457763672,9.847628593444824,10.579999923706056,10.199999809265137,299884401.0,0.026076681746854,0.0033865800876566,0.0047412045867704,0.0233109508114295,-0.1165677037620271,0.0
1828,2017-07-13,10.300000190734863,10.380963325500488,10.899999618530272,10.239999771118164,299453432.0,0.0011852917267564,0.0210720957451354,0.0126432122313875,0.0015804015289234,-0.0006177377739478,0.0
1829,2017-07-14,10.8100004196167,10.380963325500488,10.9399995803833,10.65999984741211,172257026.0,0.0201501477535825,0.0,0.0015804015289235,0.0165942348935686,-0.1823194352647287,0.0
1830,2017-07-17,10.949999809265137,10.295248985290527,11.329999923706056,10.720000267028809,327312315.0,0.0055313865113598,-0.0033865800876566,0.0154089431668122,0.0023706211332574,0.2222515054811321,0.0
1831,2017-07-18,10.75,10.523820877075195,11.140000343322754,10.619999885559082,234943191.0,-0.0079020076446172,0.0090308927936659,-0.0075068978424503,-0.0039510226621809,-0.1323990752032546,0.0
1832,2017-07-19,10.989999771118164,10.561915397644045,11.1899995803833,10.880000114440918,193307592.0,0.0094824091735407,0.0015051173991572,0.0019754736513458,0.0102726287778748,-0.0596791932673687,0.0
1833,2017-07-20,11.079999923706056,10.447629928588867,11.220000267028809,10.90999984741211,153733858.0,0.0035559128600139,-0.0045154275569607,0.001185329406501,0.0011852917267564,-0.0567237790837942,0.0
1834,2017-07-21,10.829999923706056,10.523001670837402,10.949999809265137,10.6899995803833,150102000.0,-0.0098775189757077,0.0029779432571682,-0.0106677385800418,-0.0086922272489513,-0.0052057940970571,0.0
1835,2017-07-24,10.81999969482422,10.580979347229004,11.0600004196167,10.729999542236328,169266444.0,-0.000395109802167,0.0022907023949019,0.004346132464348,0.0015804015289234,0.0274697274641747,0.0
1836,2017-07-25,10.979999542236328,10.62929344177246,11.270000457763672,10.949999809265137,195476835.0,0.0063216061156938,0.0019088935425884,0.0082971174467842,0.0086922272489513,0.0375691722389367,0.0
1837,2017-07-26,10.920000076293944,10.378057479858398,11.18000030517578,10.65999984741211,169741211.0,-0.0023705834535129,-0.0099263519247453,-0.0035559128600139,-0.0114579205046312,-0.0368886557523126,0.0
1838,2017-07-27,10.720000267028809,10.233112335205078,10.770000457763672,10.529999732971191,119449040.0,-0.0079020076446172,-0.0057267936669995,-0.0161991250914015,-0.0051363143889374,-0.0720872586207913,0.0
1839,2017-07-28,10.609999656677246,10.378057479858398,10.8100004196167,10.579999923706056,81919535.0,-0.0043461324643479,0.0057267936669995,0.0015804015289234,0.0019755113310905,-0.0537936438028352,0.0
1840,2017-07-31,10.800000190734863,10.310415267944336,10.81999969482422,10.449999809265137,157586439.0,0.0075069355221948,-0.00267254892696,0.0003950721224224,-0.0051363143889374,0.1084586242594814,0.0
1841,2017-08-01,10.640000343322754,10.667945861816406,11.079999923706056,10.600000381469728,203570991.0,-0.0063216061156938,0.0141260609014697,0.0102726287778748,0.0059265339932715,0.0659128493893259,0.0
1842,2017-08-02,11.050000190734863,10.77423858642578,11.34000015258789,10.960000038146973,206206907.0,0.0161991250914016,0.004199633617235,0.0102726287778747,0.014223613760311,0.0037782413170169,0.0
1843,2017-08-03,11.140000343322754,10.638957977294922,11.220000267028809,10.970000267028809,98421938.0,0.0035559128600139,-0.0053449471349414,-0.0047412045867704,0.000395109802167,-0.1544956755940596,0.0
1844,2017-08-04,11.0,10.793564796447754,11.289999961853027,10.93000030517578,135395156.0,-0.0055314241911044,0.0061085271598236,0.0027656932556799,-0.0015804015289235,0.0529962790432907,0.0
1845,2017-08-07,11.0600004196167,10.62929344177246,11.170000076293944,10.899999618530272,86064427.0,0.0023706211332575,-0.0064903736918817,-0.0047412045867704,-0.001185329406501,-0.0707091570848108,0.0
1846,2017-08-08,11.0,10.67760944366455,11.109999656677246,10.90999984741211,68956744.0,-0.0023706211332575,0.0019089689020778,-0.0023706211332574,0.000395109802167,-0.0245216291979822,0.0
1847,2017-08-09,10.960000038146973,10.368392944335938,11.020000457763672,10.68000030517578,104232181.0,-0.0015804015289234,-0.0122171673588812,-0.0035558751802693,-0.0090872993713738,0.0505627317218107,0.0
1848,2017-08-10,10.699999809265137,10.262100219726562,10.81999969482422,10.539999961853027,95987996.0,-0.0102726287778747,-0.0041996336172351,-0.0079020453243618,-0.0055314241911043,-0.0118169624495361,0.0
1849,2017-08-11,10.479999542236328,9.682321548461914,10.539999961853027,9.989999771118164,244064335.0,-0.0086922272489513,-0.0229070993085088,-0.0110628107024642,-0.021730549282506,0.2122480921555954,0.0
1850,2017-08-14,10.130000114440918,9.875580787658691,10.25,10.039999961853027,115766464.0,-0.0138285039581441,0.0076356872095881,-0.0114579205046312,0.0019755113310904,-0.1838982414832304,0.0
1851,2017-08-15,10.239999771118164,9.96254825592041,10.510000228881836,10.210000038146973,107516235.0,0.0043460947846034,0.0034360912720975,0.0102726287778748,0.0067167159178608,-0.0118256257341476,0.0
1852,2017-08-16,10.289999961853027,9.991536140441896,10.369999885559082,10.149999618530272,75680602.0,0.0019755113310904,0.0011453135177064,-0.0055314241911044,-0.0023706211332575,-0.0456322219501639,0.0
1853,2017-08-17,10.350000381469728,10.068840980529783,10.420000076293944,10.289999961853027,55364211.0,0.0023706211332575,0.0030543200995286,0.0019755113310904,0.0055314241911045,-0.0291208930363757,0.0
1854,2017-08-18,10.359999656677246,10.08816623687744,10.600000381469728,10.289999961853027,61652040.99999999,0.0003950721224222,0.0007635423451375,0.007111825720028,0.0,0.0090127830706208,0.0
1855,2017-08-21,10.43000030517578,10.107492446899414,10.520000457763672,10.390000343322754,39915487.0,0.0027657309354244,0.0007635800248822,-0.0031608030578469,0.0039510226621809,-0.0311565112136995,0.0
1856,2017-08-22,10.479999542236328,10.291089057922363,10.65999984741211,10.369999885559082,87568181.00000001,0.0019754736513459,0.0072539160370193,0.0055313865113598,-0.000790219604334,0.0683039130753657,0.0
1857,2017-08-23,10.630000114440918,10.53266429901123,10.979999542236328,10.59000015258789,131915190.0,0.0059265339932714,0.0095446561116658,0.0126432122313877,0.0086922272489513,0.0635656453733436,0.0
1858,2017-08-24,10.890000343322754,10.561653137207031,11.109999656677246,10.84000015258789,92424863.0,0.0102726287778748,0.0011453511974509,0.0051363143889374,0.0098775189757078,-0.0566042260428291,0.0
1859,2017-08-25,10.9399995803833,10.735587120056152,11.170000076293944,10.899999618530272,96394000.0,0.0019754736513458,0.0068721448644505,0.0023706211332574,0.0023705834535128,0.0056892394925713,0.0
1860,2017-08-28,11.100000381469728,10.967499732971191,11.539999961853027,11.100000381469728,160393832.0,0.0063216437954385,0.009162884939097,0.0146187235624782,0.007902045324362,0.0917354003483205,0.0
1861,2017-08-29,11.300000190734863,11.276716232299805,11.739999771118164,11.279999732971191,135798373.0,0.0079020076446172,0.0122171673588812,0.0079020076446172,0.0071117880402831,-0.0352543781383004,0.0
1862,2017-08-30,11.68000030517578,11.044803619384766,11.699999809265137,11.350000381469728,109667476.0,0.0150138333646451,-0.0091628849390971,-0.0015804015289234,0.0027657309354245,-0.0374552279724066,0.0
1863,2017-08-31,11.390000343322754,10.899858474731444,11.4399995803833,11.149999618530272,115178646.0,-0.0114579205046311,-0.0057267936669995,-0.0102726287778748,-0.007902045324362,0.0078995423978246,0.0
1864,2017-09-01,11.279999732971191,10.8322172164917,11.390000343322754,11.149999618530272,95997689.0,-0.004346132464348,-0.0026725112472153,-0.0019754736513458,0.0,-0.0274933966929619,0.0
1865,2017-09-04,11.18000030517578,11.325030326843262,11.720000267028809,11.170000076293944,135232557.0,-0.0039509849824364,0.0194710833959005,0.0130383220335547,0.000790219604334,0.0562380589310532,0.0
1866,2017-09-05,11.68000030517578,11.247726440429688,11.9399995803833,11.600000381469728,128751876.0,0.0197550379514155,-0.0030542824197841,0.0086921895692067,0.0169893446957358,-0.0092892097914374,0.0
1867,2017-09-06,11.59000015258789,11.305704116821287,11.880000114440918,11.479999542236328,79162155.0,-0.0035559128600138,0.0022907023949018,-0.0023705834535128,-0.004741242266515,-0.0710803882906523,0.0
1868,2017-09-07,11.649999618530272,11.054465293884276,11.75,11.390000343322754,61418724.0,0.0023705834535128,-0.0099264649639792,-0.0051363143889374,-0.0035558751802693,-0.0254328909228668,0.0
1869,2017-09-08,11.460000038146973,11.10278034210205,11.640000343322754,11.380000114440918,48127615.0,-0.0075068978424502,0.0019089312223332,-0.0043460947846033,-0.000395109802167,-0.0190510688401207,0.0
1870,2017-09-11,11.539999961853027,10.996487617492676,11.6899995803833,11.300000190734863,69947275.0,0.0031608030578469,-0.0041996336172351,0.0019754736513458,-0.0031608030578469,0.0312756328104773,0.0
1871,2017-09-12,11.380000114440918,11.15109634399414,11.539999961853027,11.270000457763672,84618342.0,-0.0063216061156938,0.0061086025193129,-0.0059264963135268,-0.0011852917267564,0.0210290584009975,0.0
1872,2017-09-13,11.489999771118164,11.044803619384766,11.539999961853027,11.34000015258789,66823742.0,0.0043460947846033,-0.0041996336172351,0.0,0.0027656932556799,-0.0255062350013391,0.0
1873,2017-09-14,11.43000030517578,10.938509941101074,11.59000015258789,11.239999771118164,88308777.0,-0.0023705834535129,-0.0041996712969797,0.0019755113310904,-0.003951022662181,0.0307959915773322,0.0
1874,2017-09-15,11.289999961853027,10.909521102905272,11.31999969482422,11.149999618530272,64609481.0,-0.0055314241911043,-0.001145351197451,-0.0106677385800417,-0.0035559128600139,-0.0339698455229281,0.0
1875,2017-09-18,11.25,10.87087059020996,11.31999969482422,11.199999809265137,60761296.0,-0.0015804015289234,-0.0015270846902751,0.0,0.0019755113310905,-0.0055158705977447,0.0
1876,2017-09-19,11.25,10.754913330078123,11.34000015258789,11.079999923706056,76421262.0,0.0,-0.0045814801492932,0.000790219604334,-0.0047412045867703,0.0224465159604026,0.0
1877,2017-09-20,11.140000343322754,10.909521102905272,11.369999885559082,11.050000190734863,78715469.0,-0.0043460947846033,0.0061085648395683,0.0011852917267564,-0.0011852917267564,0.0032884460950916,0.0
1878,2017-09-21,11.260000228881836,11.073792457580566,11.510000228881836,11.199999809265137,69240793.0,0.0047412045867703,0.0064903736918817,0.0055314241911044,0.0059264963135268,-0.0135807105873437,0.0
1879,2017-09-22,11.43000030517578,11.054465293884276,11.520000457763672,11.3100004196167,59392762.0,0.0067167159178608,-0.0007636177046268,0.000395109802167,0.0043461324643479,-0.0141158662170811,0.0
1880,2017-09-25,11.4399995803833,10.909521102905272,11.449999809265137,11.18000030517578,53239104.0,0.0003950721224224,-0.0057267559872549,-0.0027657309354245,-0.0051363143889374,-0.0088204650324182,0.0
1881,2017-09-26,11.260000228881836,10.67760944366455,11.300000190734863,10.960000038146973,96746090.0,-0.0071117880402832,-0.0091628472593524,-0.0059264963135268,-0.0086922272489513,0.0623615821156964,0.0
1882,2017-09-27,11.010000228881836,10.561653137207031,11.079999923706056,10.899999618530272,72718820.0,-0.0098775189757077,-0.0045814424695485,-0.0086922272489513,-0.0023706211332575,-0.03443995341624,0.0
1883,2017-09-28,10.979999542236328,10.513338088989258,10.979999542236328,10.81999969482422,51722002.00000001,-0.001185329406501,-0.0019089312223331,-0.003951022662181,-0.0031608030578468,-0.0300961962723718,0.0
1884,2017-09-29,10.920000076293944,10.735587120056152,11.15999984741211,10.859999656677246,68228010.0,-0.0023705834535129,0.0087810760867836,0.0071118257200278,0.0015804015289234,0.0236592066684265,0.0
1885,2017-10-09,11.56999969482422,10.919184684753418,11.640000343322754,11.260000228881836,132522731.0,0.0256815342649425,0.0072539537167639,0.0189648560268261,0.0158040529689792,0.0921580852152638,0.0
1886,2017-10-10,11.329999923706056,11.083456039428713,11.5,11.329999923706056,74792530.0,-0.0094824091735407,0.0064903736918817,-0.0055314241911044,0.0027656932556799,-0.0827487031672835,0.0
1887,2017-10-11,11.479999542236328,11.141432762145996,11.579999923706056,11.34000015258789,65807758.0,0.0059264963135267,0.0022906647151572,0.0031608030578469,0.0003951098021669,-0.0128784971882173,0.0
1888,2017-10-12,11.539999961853027,11.160758972167969,11.579999923706056,11.470000267028809,57806531.0,0.0023706211332574,0.0007635800248821,0.0,0.0051363143889374,-0.0114687138885425,0.0
1889,2017-10-13,11.5600004196167,10.97716236114502,11.5600004196167,11.25,73737596.0,0.000790219604334,-0.0072539160370192,-0.0007901819245894,-0.0086922272489513,0.0228351009694856,0.0
1890,2017-10-16,11.359999656677246,11.199411392211914,11.600000381469728,11.289999961853027,103625064.0,-0.0079020453243619,0.0087810760867836,0.0015804015289235,0.0015804015289234,0.0428397818665776,0.0
1891,2017-10-17,11.619999885559082,11.122106552124023,11.649999618530272,11.479999542236328,50637234.00000001,0.0102726287778748,-0.0030543200995287,0.0019754736513457,0.0075068978424502,-0.0759511337254564,0.0
1892,2017-10-18,11.529999732971191,11.296040534973145,11.699999809265137,11.510000228881836,87136536.0,-0.0035559128600139,0.0068721448644505,0.0019755113310905,0.001185329406501,0.0523169823540201,0.0
1893,2017-10-19,11.640000343322754,11.23806381225586,11.720000267028809,11.56999969482422,72276482.0,0.004346132464348,-0.0022906647151573,0.000790219604334,0.0023705834535129,-0.0212999465824794,0.0
1894,2017-10-20,11.59000015258789,11.093117713928224,11.59000015258789,11.40999984741211,46180808.0,-0.0019755113310905,-0.0057268313467441,-0.0051363143889374,-0.0063216061156939,-0.0374047404022757,0.0
1895,2017-10-23,11.390000343322754,10.812891006469728,11.399999618530272,11.149999618530272,107446502.0,-0.0079020076446172,-0.0110717784816856,-0.0075069355221949,-0.0102726287778748,0.0878163706227806,0.0
1896,2017-10-24,11.199999809265137,11.00615119934082,11.420000076293944,11.18000030517578,61887194.0,-0.0075069355221948,0.0076357248893326,0.000790219604334,0.001185329406501,-0.0653033176551532,0.0
1897,2017-10-25,11.359999656677246,10.8901948928833,11.369999885559082,11.25,41857360.0,0.0063216061156938,-0.0045814424695485,-0.0019755113310904,0.0027656932556799,-0.0287101510032151,0.0
1898,2017-10-26,11.25,10.803228378295898,11.31999969482422,11.119999885559082,92899607.0,-0.0043460947846033,-0.0034360535923529,-0.0019755113310904,-0.0051363143889374,0.073162394601643,0.0
1899,2017-10-27,11.1899995803833,11.170422554016112,11.5600004196167,11.18000030517578,136008642.0,-0.0023706211332575,0.0145078697537831,0.0094824468532853,0.0023706211332574,0.0617911713323678,0.0
1900,2017-10-30,11.550000190734863,11.170422554016112,11.729999542236328,11.449999809265137,127824694.0,0.0142236514400557,0.0,0.0067166782381162,0.0106677009002972,-0.0117306205774077,0.0
1901,2017-10-31,11.550000190734863,11.15109634399414,11.579999923706056,11.390000343322754,62749138.0,0.0,-0.0007635800248821,-0.0059264963135267,-0.0023705834535128,-0.093277310205276,0.0
1902,2017-11-01,11.5600004196167,11.015813827514648,11.59000015258789,11.31999969482422,69261790.0,0.000395109802167,-0.0053450224944307,0.0003951098021669,-0.0027657309354244,0.0093350360443022,0.0
1903,2017-11-02,11.359999656677246,11.15109634399414,11.579999923706056,11.260000228881836,60430848.0,-0.0079020453243619,0.0053450224944307,-0.0003951098021669,-0.0023705834535129,-0.0126580019744864,0.0
1904,2017-11-03,11.489999771118164,11.00615119934082,11.68000030517578,11.350000381469728,74334322.0,0.0051363143889374,-0.0057267936669995,0.0039510226621808,0.0035559128600139,0.019928814088488,0.0
1905,2017-11-06,11.420000076293944,10.899858474731444,11.420000076293944,11.09000015258789,102990281.0,-0.0027656932556799,-0.0041996336172351,-0.0102726287778748,-0.0102726287778748,0.0410745745587278,0.0
1906,2017-11-07,11.270000457763672,11.518290519714355,12.09000015258789,11.25,247716326.00000003,-0.0059264963135267,0.0244342970380179,0.0264717538692765,0.0063216061156938,0.2074458832783194,0.0
1907,2017-11-08,12.0,11.721213340759276,12.59000015258789,11.93000030517578,426282573.0,0.0288423373227893,0.0080174960619014,0.0197550379514155,0.0268668636714434,0.2559513930793144,0.0
1908,2017-11-09,12.199999809265137,11.914472579956056,12.56999969482422,12.149999618530272,229528934.0,0.0079020076446173,0.0076356872095881,-0.0007902196043339,0.0086921895692066,-0.2820206441112834,0.0
1909,2017-11-10,12.369999885559082,11.88548469543457,12.550000190734863,12.149999618530272,175755227.0,0.0067167159178608,-0.0011453135177064,-0.0007901819245895,0.0,-0.0770775857639483,0.0
1910,2017-11-13,12.350000381469728,12.465262413024902,13.100000381469728,12.350000381469728,256690623.00000003,-0.0007901819245893,0.0229070616287642,0.0217305492825061,0.007902045324362,0.1160103194397426,0.0
1911,2017-11-14,12.949999809265137,12.513577461242676,13.260000228881838,12.8100004196167,178030247.0,0.0237060229338518,0.0019089312223331,0.0063216061156938,0.0181746364224921,-0.1127493754031951,0.0
1912,2017-11-15,12.899999618530272,12.465262413024902,13.130000114440918,12.770000457763672,126305227.0,-0.0019755113310905,-0.0019089312223331,-0.0051363143889374,-0.0015804015289234,-0.0741410605222352,0.0
1913,2017-11-16,12.899999618530272,12.65852355957031,13.11999988555908,12.670000076293944,120081480.0,0.0,0.0076357625690772,-0.000395109802167,-0.003951022662181,-0.0089209284598068,0.0
1914,2017-11-17,13.170000076293942,12.7358283996582,13.460000038146973,13.029999732971191,206414972.0,0.0106677385800417,0.0030543200995287,0.0134334318357217,0.0142236137603112,0.1237477850268189,0.0
1915,2017-11-20,13.260000228881838,13.769766807556152,14.25,13.210000038146973,284392582.0,0.0035559128600141,0.0408509849749004,0.0312129584560468,0.0071118257200278,0.1117707195161887,0.0
1916,2017-11-21,14.06999969482422,13.963027954101562,14.789999961853027,14.010000228881836,249532781.0,0.0320031403806362,0.0076357625690772,0.021335439480339,0.0316080682582138,-0.0499669718007663,0.0
1917,2017-11-22,14.479999542236328,14.5911226272583,15.239999771118164,14.479999542236328,257023146.0,0.0161991250914016,0.0248160682105866,0.0177795266203251,0.0185697085449145,0.0107364599336767,0.0
1918,2017-11-23,15.149999618530272,13.866397857666016,15.239999771118164,14.06999969482422,242914214.0,0.0264717538692763,-0.0286339306552529,0.0,-0.0161991250914016,-0.0202233112972425,0.0
1919,2017-11-24,14.289999961853027,14.069320678710938,14.590000152587892,13.779999732971191,263018967.0,-0.0339786517117266,0.0080174960619014,-0.0256815342649423,-0.0114579205046312,0.028817537604772,0.0
1920,2017-11-27,14.300000190734862,13.460552215576172,14.300000190734862,13.749999999999998,206408533.0,0.0003951098021669,-0.0240524881857044,-0.0114579205046313,-0.0011852917267565,-0.0811436634221504,0.0
1921,2017-11-28,13.850000381469728,13.23830223083496,13.850000381469728,13.399999618530272,176643250.0,-0.017779526620325,-0.0087811137665283,-0.017779526620325,-0.0138285416378888,-0.0426646456272894,0.0
1922,2017-11-29,13.729999542236328,13.354259490966797,13.93000030517578,13.470000267028809,153635593.0,-0.004741242266515,0.0045814801492931,0.0031608030578468,0.0027657309354246,-0.0329784713492972,0.0
1923,2017-11-30,13.699999809265137,12.929087638854982,13.729999542236328,13.260000228881838,137963571.0,-0.0011852917267564,-0.016798572148685,-0.0079020453243618,-0.0082971174467842,-0.022463796661805,0.0
1924,2017-12-01,13.399999618530272,12.561893463134766,13.479999542236328,12.960000038146974,178493315.0,-0.0118530303067984,-0.0145078697537832,-0.0098775189757077,-0.0118530303067982,0.0580940945572316,0.0
1925,2017-12-04,13.050000190734863,12.851783752441406,13.369999885559084,13.000000000000002,145402345.0,-0.013828503958144,0.011453587333999,-0.0043460947846033,0.0015804015289234,-0.047431583583911,0.0
1926,2017-12-05,13.149999618530272,12.851783752441406,13.489999771118162,13.100000381469728,172368132.0,0.0039509849824362,0.0,0.0047412045867702,0.0039510226621809,0.0386519337449594,0.0
1927,2017-12-06,13.260000228881838,12.63919734954834,13.270000457763672,12.789999961853027,161984496.0,0.0043461324643481,-0.0083993049142148,-0.0086921895692066,-0.0122481401089653,-0.0148835860308388,0.0
1928,2017-12-07,13.050000190734863,12.397622108459473,13.140000343322754,12.749999999999998,118195784.0,-0.0082971174467844,-0.0095446561116658,-0.0051363143889373,-0.0015804015289234,-0.0627653995413192,0.0
1929,2017-12-08,12.890000343322752,12.648860931396484,13.09000015258789,12.749999999999998,135131504.0,-0.0063216061156938,0.0099264649639792,-0.0019755113310905,0.0,0.0242751426970473,0.0
1930,2017-12-11,13.079999923706056,13.045042991638184,13.56999969482422,12.880000114440918,226195273.0,0.0075068978424504,0.0156531832714895,0.0189648183470816,0.0051363143889374,0.1305280192992066,0.0
1931,2017-12-12,13.399999618530272,12.581220626831056,13.479999542236328,13.020000457763672,174340579.0,0.0126432122313875,-0.0183256568389602,-0.0035559128600139,0.0055314241911044,-0.0743269312649079,0.0
1932,2017-12-13,13.000000000000002,12.68751335144043,13.199999809265137,12.880000114440918,128924811.0,-0.0158040152892344,0.004199633617235,-0.0110628107024642,-0.0055314241911044,-0.0650975718124766,0.0
1933,2017-12-14,13.149999618530272,12.561893463134766,13.3100004196167,12.90999984741211,100199798.0,0.0059264963135267,-0.0049632513218619,0.004346132464348,0.0011852917267564,-0.0411735544487946,0.0
1934,2017-12-15,12.899999618530272,12.291330337524414,12.93000030517578,12.670000076293944,109995250.0,-0.0098775189757077,-0.0106899696293722,-0.0150138333646452,-0.0094824091735408,0.0140405010877646,0.0
1935,2017-12-18,12.729999542236328,12.320318222045898,12.90999984741211,12.640000343322754,80546452.0,-0.0067167159178608,0.0011453135177063,-0.000790219604334,-0.0011852917267564,-0.042211005714934,0.0
1936,2017-12-19,12.789999961853027,12.832456588745115,13.319999694824222,12.739999771118164,239794295.0,0.0023706211332574,0.020234625741038,0.0161991250914017,0.0039509849824364,0.2282609840633876,0.0
1937,2017-12-20,13.199999809265137,12.813131332397456,13.3100004196167,13.130000114440918,110624507.0,0.0161991250914016,-0.0007635423451376,-0.0003950721224225,0.0154089431668121,-0.1851480206242992,0.0
1938,2017-12-21,13.18000030517578,13.083694458007814,13.680000305175778,13.159999847412108,148520344.0,-0.0007901819245894,0.0106899696293724,0.014618723562478,0.0011852917267564,0.0543187328793253,0.0
1939,2017-12-22,13.5,13.064370155334473,13.63000011444092,13.449999809265137,74290095.0,0.0126432122313877,-0.0007635046653929,-0.0019755113310903,0.0114579205046312,-0.1063993669541276,0.0
1940,2017-12-25,13.52000045776367,12.803467750549316,13.859999656677244,13.159999847412108,158556718.0,0.000790219604334,-0.0103082738162927,0.0090872993713736,-0.0114579205046312,0.1207851982628016,0.0
1941,2017-12-26,13.260000228881838,13.199650764465332,13.6899995803833,13.189999580383304,112368845.0,-0.0102726287778747,0.0156532209512342,-0.0067167159178608,0.0011852917267565,-0.0662042834876876,0.0
1942,2017-12-27,13.579999923706058,12.842120170593262,13.779999732971191,13.189999580383304,136656673.0,0.0126432122313877,-0.0141260609014698,0.0035559128600139,0.0,0.034813429278551,0.0
1943,2017-12-28,13.279999732971191,12.764816284179688,13.460000038146973,13.020000457763672,155303047.0,-0.0118530303067984,-0.0030542824197841,-0.0126432122313877,-0.0067166782381162,0.0267271417827239,0.0
1944,2017-12-29,13.210000038146973,12.851783752441406,13.43000030517578,13.100000381469728,98291553.0,-0.0027656932556798,0.0034360912720975,-0.0011852917267565,0.0031608030578469,-0.0817185305509219,0.0
1945,2018-01-02,13.35000038146973,13.23830223083496,13.93000030517578,13.319999694824222,208159255.00000003,0.0055314241911045,0.0152713744191761,0.0197550379514156,0.0086921895692068,0.1574810013301281,0.0
1946,2018-01-03,13.729999542236328,12.880772590637209,13.859999656677244,13.199999809265137,296249838.0,0.0150137956849004,-0.014126023221725,-0.0027657309354245,-0.0047412045867705,0.1262663454869999,0.0
1947,2018-01-04,13.319999694824222,12.803467750549316,13.369999885559084,13.130000114440918,185450948.0,-0.0161991250914015,-0.0030543200995288,-0.0193599281492484,-0.0027656932556798,-0.1588157377084915,0.0
1948,2018-01-05,13.210000038146973,12.851783752441406,13.35000038146973,13.149999618530272,121031272.0,-0.0043460947846034,0.0019089689020778,-0.0007901819245893,0.0007901819245893,-0.0923371918877708,0.0
1949,2018-01-08,13.25,12.523241996765137,13.289999961853027,12.859999656677244,215862081.0,0.0015804015289234,-0.0129807097040188,-0.0023706211332575,-0.0114579205046312,0.1359275791375533,0.0
1950,2018-01-09,12.960000038146974,12.63919734954834,13.199999809265137,12.920000076293944,134434509.0,-0.0114579205046312,0.0045814047898039,-0.0035559128600139,0.0023706211332574,-0.11671578945413,0.0
1951,2018-01-10,13.03999996185303,13.016054153442386,13.489999771118162,12.920000076293944,240327736.0,0.0031608030578469,0.014889640926352,0.0114579205046312,0.0,0.1517841105117366,0.0
1952,2018-01-11,13.409999847412111,12.929087638854982,13.590000152587892,13.270000457763672,143334481.0,0.0146187235624781,-0.0034360535923529,0.003951022662181,0.0138285416378888,-0.1390271630480489,0.0
1953,2018-01-12,13.449999809265137,13.093358993530272,13.680000305175778,13.409999847412111,135399140.0,0.0015804015289233,0.0064903736918816,0.0035559128600137,0.0055313865113598,-0.0113742749127129,0.0
1954,2018-01-15,13.510000228881836,13.721452713012695,14.329999923706056,13.5,312239448.0,0.0023706211332575,0.024816030530842,0.0256815342649425,0.0035559128600138,0.2534774849424652,0.0
1955,2018-01-16,14.170000076293942,13.721452713012695,14.380000114440918,14.020000457763672,244454900.0,0.0260766440671093,0.0,0.0019755113310904,0.0205452575557496,-0.0971602964240585,0.0
1956,2018-01-17,14.329999923706056,13.750441551208494,14.800000190734863,14.199999809265137,265629401.0,0.0063216061156939,0.0011453511974509,0.0165942348935687,0.0071117880402832,0.0303508816462348,0.0
1957,2018-01-18,14.399999618530272,14.223928451538088,14.720000267028809,14.279999732971191,214802680.0,0.0027656932556797,0.0187075033710184,-0.0031608030578469,0.0031608030578469,-0.0728534662298393,0.0
1958,2018-01-19,14.800000190734863,14.30123233795166,15.130000114440918,14.680000305175778,257114669.0,0.0158040529689793,0.0030542824197841,0.0161991250914016,0.0158040529689791,0.0606487099911252,0.0
1959,2018-01-22,14.600000381469728,13.953364372253416,14.9399995803833,14.43000030517578,207386714.0,-0.0079020076446172,-0.013744289728901,-0.0075069355221949,-0.0098775189757077,-0.0712785286753294,0.0
1960,2018-01-23,14.359999656677246,14.156287193298338,14.899999618530272,14.329999923706056,238879170.0,-0.0094824468532854,0.0080174960619014,-0.0015804015289234,-0.0039510226621808,0.0451403225419696,0.0
1961,2018-01-24,14.65999984741211,14.146624565124512,15.079999923706056,14.5,259129212.00000003,0.0118530303067982,-0.0003817711725687,0.0071118257200279,0.0067167159178608,0.0290257904105171,0.0
1962,2018-01-25,14.449999809265137,13.721452713012695,14.470000267028809,14.000000000000002,236998459.0,-0.0082971174467844,-0.0167985721486851,-0.0241011327360189,-0.0197550379514155,-0.0317215439950654,0.0
1963,2018-01-26,14.18000030517578,13.576507568359377,14.340000152587889,14.020000457763672,203298865.0,-0.0106677009002972,-0.0057267936669994,-0.0051363143889374,0.000790219604334,-0.0483039665973789,0.0
1964,2018-01-29,14.050000190734863,13.276955604553224,14.25,13.600000381469728,209054668.0,-0.0051363143889373,-0.0118353208268231,-0.0035559128600138,-0.0165942348935685,0.0082501918525514,0.0
1965,2018-01-30,13.699999809265137,13.189988136291504,13.84000015258789,13.550000190734863,109473986.0,-0.0138285416378887,-0.0034360912720976,-0.0161991250914016,-0.0019755113310905,-0.1427359017165669,0.0
1966,2018-01-31,13.600000381469728,13.576507568359377,14.050000190734863,13.52999973297119,174772913.99999997,-0.0039509849824362,0.0152714120989208,0.0082971174467842,-0.0007902196043341,0.0935974847933374,0.0
1967,2018-02-01,13.949999809265137,13.557181358337404,14.300000190734862,13.84000015258789,200561475.0,0.013828503958144,-0.0007635800248821,0.0098775189757077,0.0122481401089653,0.0369645340278719,0.0
1968,2018-02-02,13.90999984741211,13.576507568359377,14.100000381469728,13.63000011444092,117651271.0,-0.0015804015289234,0.0007635800248821,-0.0079020076446172,-0.0082971174467842,-0.1188409487840675,0.0
1969,2018-02-05,13.800000190734863,14.059658050537111,14.56999969482422,13.729999542236328,233199790.0,-0.0043460947846033,0.0190893122233317,0.0185697085449145,0.0039509849824362,0.1656237105453733,0.0
1970,2018-02-06,14.229999542236326,13.5281925201416,14.329999923706056,13.93000030517578,258287204.0,0.0169893070159909,-0.020998243445665,-0.0094824091735408,0.0079020453243618,0.035959531378052,0.0
1971,2018-02-07,14.22000026702881,12.484589576721191,14.300000190734862,12.760000228881836,334571697.0,-0.0003950721224222,-0.0412328315069583,-0.0011852917267565,-0.046226791820692,0.1093438574295578,0.0
1972,2018-02-08,12.829999923706056,12.117395401000977,12.920000076293944,12.529999732971191,213781506.0,-0.0549190190696433,-0.0145078697537832,-0.0545239092674764,-0.0090873370511183,-0.1731369627585132,0.0
1973,2018-02-09,12.079999923706056,11.296040534973145,12.079999923706056,11.380000114440918,282494975.0,-0.0296325569271234,-0.0324517930999193,-0.0331884697871371,-0.0454365722163579,0.098491783354008,0.0
1974,2018-02-12,11.779999732971191,11.325030326843262,11.84000015258789,11.5600004196167,122878244.0,-0.0118530303067983,0.0011453888771956,-0.0094824091735408,0.0071118257200278,-0.2287897368320464,0.0
1975,2018-02-13,11.869999885559082,11.537615776062012,12.210000038146973,11.84000015258789,129817869.0,0.0035559128600139,0.0083992672344702,0.0146187235624781,0.0110628107024642,0.0099470460741555,0.0
1976,2018-02-14,11.960000038146973,11.595593452453612,12.029999732971191,11.760000228881836,86419024.0,0.0035559128600139,0.0022907023949018,-0.0071118257200278,-0.0031608030578469,-0.0622065761161639,0.0
1977,2018-02-22,12.25,12.040091514587402,12.529999732971191,12.25,126840607.0,0.0114579205046312,0.0175621521735674,0.0197550379514155,0.0193599281492485,0.0579390598903113,0.0
1978,2018-02-23,12.579999923706056,12.185035705566406,12.789999961853027,12.449999809265137,101366320.0,0.0130383220335547,0.0057267559872549,0.0102726287778747,0.0079020076446172,-0.0365140632952445,0.0
1979,2018-02-26,12.749999999999998,12.204362869262695,12.760000228881836,12.449999809265137,104575874.0,0.0067167159178607,0.0007636177046268,-0.0011852917267564,0.0,0.0046004764688999,0.0
1980,2018-02-27,12.640000343322754,11.86615753173828,12.699999809265137,12.1899995803833,128586906.0,-0.0043460947846033,-0.0133625185563323,-0.0023706211332574,-0.0102726287778748,0.0344166783640359,0.0
1981,2018-02-28,12.100000381469728,11.643909454345703,12.1899995803833,11.93000030517578,121414559.0,-0.0213354394803389,-0.008781038407039,-0.0201501477535826,-0.0102725910981302,-0.0102806226660419,0.0
1982,2018-03-01,11.920000076293944,11.63424587249756,12.149999618530272,11.899999618530272,88695718.0,-0.007111825720028,-0.0003818088523133,-0.0015804015289235,-0.001185329406501,-0.0468981852650494,0.0
1983,2018-03-02,11.920000076293944,11.54727840423584,12.039999961853027,11.850000381469728,66312416.0,0.0,-0.0034360912720976,-0.0043460947846032,-0.0019754736513457,-0.0320835400019075,0.0
1984,2018-03-05,11.93000030517578,11.460311889648438,12.079999923706056,11.800000190734863,75418313.0,0.000395109802167,-0.0034360535923529,0.0015804015289235,-0.0019755113310905,0.0130521140559489,0.0
1985,2018-03-06,11.949999809265137,11.69222354888916,12.109999656677246,11.770000457763672,115016249.0,0.0007901819245894,0.0091628472593524,0.0011852917267564,-0.0011852917267564,0.0567584694898444,0.0
1986,2018-03-07,12.149999618530272,11.643909454345703,12.34000015258789,12.039999961853027,142757032.0,0.0079020076446172,-0.0019088935425885,0.0090873370511183,0.0106677009002972,0.0397627892910857,0.0
1987,2018-03-08,12.050000190734863,11.701886177062988,12.149999618530272,11.949999809265137,68975503.0,-0.0039509849824362,0.0022906647151573,-0.007506935522195,-0.0035559128600139,-0.1057561854400839,0.0
1988,2018-03-09,12.149999618530272,11.682561874389648,12.199999809265137,11.979999542236328,94387697.0,0.0039509849824362,-0.0007635046653929,0.0019755113310905,0.0011852917267564,0.0364250610895226,0.0
1989,2018-03-12,12.149999618530272,11.62458324432373,12.170000076293944,11.949999809265137,126870132.0,0.0,-0.0022907400746465,-0.0011852917267565,-0.0011852917267564,0.0465593281403191,0.0
1990,2018-03-13,12.039999961853027,11.614919662475586,12.220000267028809,12.0,108226732.0,-0.0043460947846032,-0.0003818088523133,0.0019755113310905,0.0019755113310904,-0.026722878942149,0.0
1991,2018-03-14,11.979999542236328,11.518290519714355,12.0,11.829999923706056,63559413.0,-0.0023706211332574,-0.0038178247649217,-0.0086922272489513,-0.0067167159178607,-0.0640247679236274,0.0
1992,2018-03-15,11.789999961853027,11.315366744995115,11.850000381469728,11.65999984741211,115569473.0,-0.0075068978424502,-0.0080175337416461,-0.0059264963135267,-0.0067167159178609,0.0745496281340265,0.0
1993,2018-03-16,11.720000267028809,11.247726440429688,11.850000381469728,11.640000343322754,96298338.0,-0.0027656932556799,-0.0026724735674706,0.0,-0.0007901819245894,-0.0276226550780872,0.0
1994,2018-03-19,11.65999984741211,11.431323051452637,11.84000015258789,11.609999656677246,80853872.0,-0.0023706211332574,0.0072539160370193,-0.000395109802167,-0.001185329406501,-0.0221376248562031,0.0
1995,2018-03-20,11.739999771118164,11.421659469604492,11.880000114440918,11.720000267028809,77615002.0,0.0031608030578468,-0.0003818088523134,0.0015804015289234,0.0043461324643479,-0.0046424971260262,0.0
1996,2018-03-21,11.949999809265137,11.498963356018066,12.119999885559082,11.850000381469728,144510951.0,0.0082971174467843,0.0030542824197841,0.0094824091735407,0.0051363143889374,0.0958866058147751,0.0
1997,2018-03-22,11.899999618530272,11.267051696777344,11.970000267028809,11.619999885559082,98427842.0,-0.0019755113310905,-0.0091628472593525,-0.0059264963135268,-0.0090873370511184,-0.0660541179765955,0.0
1998,2018-03-23,11.25,10.957836151123049,11.350000381469728,10.920000076293944,182569075.0,-0.0256815342649423,-0.0122171296791365,-0.0244962425381859,-0.0276570455960329,0.1206054680746086,0.0
1999,2018-03-26,11.149999618530272,10.561653137207031,11.199999809265137,10.859999656677246,138359851.0,-0.003951022662181,-0.0156532209512342,-0.0059265339932714,-0.0023706211332574,-0.063368148571524,0.0
2000,2018-03-27,11.100000381469728,10.571316719055176,11.170000076293944,10.859999656677246,110393361.0,-0.0019754736513457,0.0003818088523134,-0.0011852917267565,0.0,-0.0400863107966799,0.0
2001,2018-03-28,10.850000381469728,10.523001670837402,11.140000343322754,10.789999961853027,109902339.0,-0.0098775189757078,-0.0019089312223332,-0.0011852917267563,-0.0027656932556798,-0.0007038159061079,0.0
2002,2018-03-29,10.920000076293944,10.67760944366455,11.170000076293944,10.550000190734863,133060238.0,0.0027656932556797,0.0061085648395683,0.0011852917267563,-0.0094824091735407,0.0331938236336459,0.0
2003,2018-03-30,11.039999961853027,10.53266429901123,11.050000190734863,10.880000114440918,75217368.0,0.0047412045867704,-0.0057267936669995,-0.0047412045867702,0.0130383220335547,-0.0829101994634276,0.0
2004,2018-04-02,10.869999885559082,10.349066734313965,10.989999771118164,10.699999809265137,110931643.0,-0.0067167159178608,-0.0072539537167639,-0.0023706211332575,-0.0071118257200278,0.0511917486795123,0.0
2005,2018-04-03,10.600000381469728,10.20412254333496,10.670000076293944,10.510000228881836,89074565.0,-0.0106677009002971,-0.0057267559872549,-0.0126432122313877,-0.0075068978424502,-0.0313292666264259,0.0
2006,2018-04-04,10.68000030517578,10.50367546081543,11.010000228881836,10.600000381469728,160248873.0,0.0031608030578467,0.0118353585065679,0.0134334318357218,0.0035559128600139,0.1020190746578002,0.0
2007,2018-04-09,10.800000190734863,10.64862060546875,11.100000381469728,10.729999542236328,107479576.0,0.0047412045867704,0.0057267936669995,0.0035559128600139,0.0051362767091927,-0.0756378952118878,0.0
2008,2018-04-10,11.020000457763672,11.03514003753662,11.460000038146973,10.970000267028809,139095079.0,0.0086922272489513,0.0152714120989206,0.014223613760311,0.0094824468532854,0.0453166943456746,0.0
2009,2018-04-11,11.390000343322754,11.431323051452637,11.920000076293944,11.380000114440918,209597045.0,0.0146187235624781,0.0156532209512342,0.018174636422492,0.0161991250914016,0.1010553602133468,0.0
2010,2018-04-12,11.800000190734863,11.131771087646484,11.829999923706056,11.420000076293944,117312818.0,0.0161991250914016,-0.0118353208268232,-0.0035559128600137,0.0015804015289233,-0.1322773864418939,0.0
2011,2018-04-13,11.640000343322754,11.18008518218994,11.789999961853027,11.449999809265137,130025597.0,-0.0063216061156938,0.0019088935425884,-0.0015804015289235,0.0011852917267565,0.0182221083190456,0.0
2012,2018-04-16,11.470000267028809,10.725924491882324,11.470000267028809,11.029999732971191,142707281.0,-0.0067167159178608,-0.017943923346136,-0.0126432122313877,-0.0165942348935686,0.0181775376977691,0.0
2013,2018-04-17,11.119999885559082,10.8322172164917,11.449999809265137,11.109999656677246,130189172.0,-0.0138285416378887,0.0041996336172351,-0.000790219604334,0.0031608030578469,-0.017943074299303,0.0
2014,2018-04-18,11.449999809265137,11.112444877624512,11.609999656677246,11.279999732971191,147584533.0,0.0130383220335547,0.0110718161614302,0.0063216061156938,0.0067167159178608,0.0249339780382323,0.0
2015,2018-04-19,11.520000457763672,11.083456039428713,11.6899995803833,11.420000076293944,84913183.0,0.0027657309354245,-0.0011453511974509,0.0031608030578468,0.0055314241911043,-0.0898311949103197,0.0
2016,2018-04-20,11.510000228881836,10.967499732971191,11.579999923706056,11.199999809265137,95869066.0,-0.000395109802167,-0.0045814424695486,-0.0043460947846032,-0.0086922272489512,0.0157038273658961,0.0
2017,2018-04-23,11.300000190734863,11.18008518218994,11.609999656677246,11.260000228881836,107028935.0,-0.0082971174467843,0.0083992672344702,0.0011852917267564,0.0023706211332574,0.0159962146549042,0.0
2018,2018-04-24,11.630000114440918,11.460311889648438,11.9399995803833,11.579999923706056,146109880.0,0.0130383220335547,0.0110717784816857,0.0130383220335547,0.0126432122313877,0.0560174304139688,0.0
2019,2018-04-25,11.760000228881836,11.286377906799316,11.8100004196167,11.630000114440918,73028648.0,0.0051363143889374,-0.0068721448644505,-0.0051362767091928,0.0019755113310904,-0.1047524011542482,0.0
2020,2018-04-26,11.65999984741211,11.03514003753662,11.6899995803833,11.3100004196167,87423591.00000001,-0.0039510226621809,-0.0099264272842347,-0.004741242266515,-0.0126432122313877,0.0206332707107145,0.0
2021,2018-04-27,11.489999771118164,10.484350204467772,11.510000228881836,10.630000114440918,270979568.0,-0.0067167159178608,-0.0217617481110579,-0.0071117880402832,-0.0268668636714434,0.2631035193408337,0.0
2022,2018-05-02,10.970000267028809,10.513338088989258,11.029999732971191,10.800000190734863,119052318.0,-0.0205452198760049,0.0011453135177064,-0.0189648560268261,0.0067167159178608,-0.2177678701183056,0.0
2023,2018-05-03,10.859999656677246,10.38771915435791,10.880000114440918,10.56999969482422,128135557.0,-0.004346132464348,-0.0049632136421173,-0.0059264963135268,-0.0090873370511183,0.0130196367722415,0.0
2024,2018-05-04,10.729999542236328,10.32007884979248,10.829999923706056,10.65999984741211,71050952.0,-0.0051363143889374,-0.0026724735674707,-0.0019755113310904,0.0035559128600138,-0.0818233256206163,0.0
2025,2018-05-07,10.699999809265137,10.445698738098145,10.829999923706056,10.640000343322754,97430967.0,-0.0011852917267564,0.0049632513218619,0.0,-0.0007901819245894,0.0378123060888613,0.0
2026,2018-05-08,10.829999923706056,10.638957977294922,11.149999618530272,10.800000190734863,137330568.0,0.0051363143889374,0.007635687209588,0.0126432122313875,0.0063216061156938,0.057190866867795,0.0
2027,2018-05-09,10.979999542236328,10.600305557250977,11.029999732971191,10.880000114440918,62765613.0,0.0059264963135267,-0.0015271600497643,-0.0047412045867702,0.0031608030578469,-0.1068791242901935,0.0
2028,2018-05-10,11.029999732971191,10.638957977294922,11.09000015258789,10.90999984741211,55273588.0,0.0019755113310904,0.0015271600497643,0.0023706211332574,0.0011852917267564,-0.0107388393268692,0.0
2029,2018-05-11,11.039999961853027,10.638957977294922,11.130000114440918,10.960000038146973,77236966.0,0.000395109802167,0.0,0.0015804015289234,0.0019755113310904,0.0314816337929058,0.0
2030,2018-05-14,11.09000015258789,10.803228378295898,11.229999542236328,11.029999732971191,103929716.0,0.0019755113310904,0.0064903360121371,0.0039509849824363,0.0027656932556799,0.0382605708659927,0.0
2031,2018-05-15,11.18000030517578,10.745250701904297,11.1899995803833,11.020000457763672,66926144.0,0.0035559128600138,-0.0022907023949019,-0.0015804015289234,-0.0003950721224224,-0.053039787537847,0.0
2032,2018-05-16,11.06999969482422,10.53266429901123,11.06999969482422,10.890000343322754,71436208.0,-0.0043461324643478,-0.0083993049142148,-0.0047412045867702,-0.0051363143889374,0.0064645876982387,0.0
2033,2018-05-17,10.90999984741211,10.455360412597656,10.9399995803833,10.779999732971191,58649438.0,-0.0063216061156939,-0.0030542824197841,-0.0051363143889374,-0.004346132464348,-0.0183281647538058,0.0
2034,2018-05-18,10.8100004196167,10.590641975402832,10.970000267028809,10.760000228881836,57838477.0,-0.0039509849824363,0.005344984814686,0.001185329406501,-0.0007901819245894,-0.0011624066763468,0.0
2035,2018-05-21,11.050000190734863,10.580979347229004,11.050000190734863,10.93000030517578,76353357.0,0.0094824091735408,-0.0003817711725687,0.0031608030578469,0.0067167159178608,0.0265386623077559,0.0
2036,2018-05-22,10.949999809265137,10.494012832641602,10.979999542236328,10.789999961853027,58987184.99999999,-0.003951022662181,-0.0034360535923529,-0.0027657309354245,-0.0055314241911043,-0.024892139419019,0.0
2037,2018-05-23,10.81999969482422,10.291089057922363,10.81999969482422,10.619999885559082,99101629.0,-0.0051363143889373,-0.008017533741646,-0.0063216061156938,-0.0067167159178608,0.0574988162483033,0.0
2038,2018-05-24,10.65999984741211,10.252437591552734,10.68000030517578,10.579999923706056,68815202.0,-0.0063216061156938,-0.0015271223700197,-0.0055313865113599,-0.0015804015289234,-0.0434116374862543,0.0
2039,2018-05-25,10.609999656677246,10.233112335205078,10.670000076293944,10.550000190734863,59333567.0,-0.0019755113310904,-0.0007635423451375,-0.000395109802167,-0.0011852917267564,-0.0135906854049499,0.0
2040,2018-05-28,10.579999923706056,10.233112335205078,10.65999984741211,10.510000228881836,56940092.0,-0.0011852917267564,0.0,-0.0003951098021669,-0.0015804015289234,-0.0034307338079996,0.0
2041,2018-05-29,10.579999923706056,10.03018856048584,10.630000114440918,10.350000381469728,88949497.0,0.0,-0.008017533741646,-0.0011852917267564,-0.0063216061156937,0.0458813014163307,0.0
2042,2018-05-30,10.289999961853027,9.740299224853516,10.289999961853027,10.050000190734863,112444704.0,-0.0114579205046312,-0.0114535496542544,-0.0134334318357217,-0.0118530303067983,0.0336773105968725,0.0
2043,2018-05-31,10.109999656677246,9.836929321289062,10.1899995803833,10.020000457763672,98736038.0,-0.0071118257200278,0.0038178624446663,-0.003951022662181,-0.0011852917267564,-0.0196495822637692,0.0
2044,2018-06-01,10.149999618530272,9.84659194946289,10.289999961853027,10.06999969482422,59721116.0,0.0015804015289233,0.0003817711725687,0.003951022662181,0.0019754736513459,-0.0559227950665323,0.0
2045,2018-06-04,10.229999542236328,9.923895835876465,10.3100004196167,10.149999618530272,59303835.0,0.0031608030578469,0.0030542824197841,0.000790219604334,0.0031608030578467,-0.0005981178136959,0.0
2046,2018-06-05,10.289999961853027,9.914233207702637,10.300000190734863,10.109999656677246,65654075.0,0.0023706211332575,-0.0003817711725687,-0.000395109802167,-0.0015804015289233,0.0091022396544403,0.0
2047,2018-06-06,10.25,9.798276901245115,10.260000228881836,10.100000381469728,71274341.0,-0.0015804015289234,-0.0045814424695486,-0.0015804015289234,-0.0003950721224223,0.0080559172651274,0.0
2048,2018-06-07,10.199999809265137,10.020525932312012,10.460000038146973,10.18000030517578,126263820.0,-0.0019755113310904,0.0087810760867837,0.0079020076446172,0.0031608030578467,0.0788202361376599,0.0
2049,2018-06-08,10.329999923706056,9.778950691223145,10.329999923706056,10.0600004196167,109937982.0,0.0051363143889374,-0.0095446561116658,-0.0051363143889373,-0.0047412045867702,-0.023400956504883,0.0
2050,2018-06-11,10.0600004196167,9.70164680480957,10.130000114440918,10.0,72137498.0,-0.0106677009002972,-0.0030542824197841,-0.0079020076446174,-0.0023706211332575,-0.054182056807591,0.0
2051,2018-06-12,10.029999732971191,9.72097396850586,10.079999923706056,9.949999809265137,91330072.0,-0.001185329406501,0.0007636177046268,-0.0019755113310904,-0.0019755113310904,0.0275100481452008,0.0
2052,2018-06-13,10.039999961853027,9.614679336547852,10.0600004196167,9.949999809265137,53058431.0,0.000395109802167,-0.0041997089767243,-0.0007901819245894,0.0,-0.0548573988307062,0.0
2053,2018-06-14,9.949999809265137,9.730634689331056,10.149999618530272,9.920000076293944,86639201.0,-0.0035559128600139,0.0045814047898039,0.0035558751802692,-0.0011852917267565,0.0481336479126206,0.0
2054,2018-06-15,10.079999923706056,9.827265739440918,10.289999961853027,10.0600004196167,124870788.0,0.0051363143889374,0.0038179001244109,0.0055314241911045,0.0055314241911045,0.0547999866530375,0.0
2055,2018-06-19,10.050000190734863,9.537375450134276,10.149999618530272,9.81999969482422,156587447.0,-0.0011852917267564,-0.011453587333999,-0.0055314241911045,-0.0094824468532853,0.0454616882599967,0.0
2056,2018-06-20,9.869999885559082,9.576027870178224,9.949999809265137,9.760000228881836,76363731.0,-0.0071118257200279,0.0015271600497644,-0.0079020076446172,-0.0023705834535129,-0.1149902191101059,0.0
2057,2018-06-21,9.93000030517578,9.52771282196045,10.039999961853027,9.859999656677246,84007077.0,0.0023706211332574,-0.0019089312223332,0.0035559128600139,0.0039509849824363,0.010955738216793,0.0
2058,2018-06-22,9.800000190734863,9.51805019378662,9.869999885559082,9.770000457763672,65781851.0,-0.0051363143889373,-0.0003817711725688,-0.0067167159178608,-0.0035558751802692,-0.0261234811295851,0.0
2059,2018-06-25,9.90999984741211,9.141193389892578,9.920000076293944,9.380000114440918,119521260.0,0.0043460947846033,-0.0148896409263519,0.0019755113310904,-0.0154089431668122,0.0770284240605059,0.0
2060,2018-06-26,9.390000343322754,9.044562339782717,9.4399995803833,9.09000015258789,112415694.0,-0.0205452198760049,-0.0038179001244109,-0.018964856026826,-0.0114579205046312,-0.0101849008246055,0.0
2061,2018-06-27,9.350000381469728,8.783662796020508,9.399999618530272,9.029999732971191,104514268.0,-0.0015804015289233,-0.0103081607770589,-0.0015804015289235,-0.0023706211332574,-0.011325662189748,0.0
2062,2018-06-28,8.949999809265137,8.619391441345215,9.079999923706056,8.869999885559082,111076403.0,-0.0158040529689793,-0.0064903736918817,-0.0126432122313875,-0.0063216061156938,0.0094059634619779,0.0
2063,2018-06-29,9.010000228881836,8.783662796020508,9.130000114440918,8.960000038146973,67529968.0,0.0023706211332575,0.0064903736918817,0.0019755113310904,0.0035559128600139,-0.0624181271048823,0.0
2064,2018-07-02,9.020000457763672,8.319838523864746,9.050000190734863,8.550000190734863,131552013.0,0.000395109802167,-0.0183257321984495,-0.0031608030578468,-0.0161991250914016,0.091767239782648,0.0
2065,2018-07-03,8.6899995803833,8.377817153930664,8.699999809265137,8.449999809265137,127483857.0,-0.0130383597132993,0.0022907400746465,-0.0138285416378887,-0.003951022662181,-0.0058311702965004,0.0
2066,2018-07-04,8.630000114440918,8.319838523864746,8.75,8.609999656677246,71115337.0,-0.0023705834535128,-0.0022907400746465,0.0019755113310904,0.0063216061156938,-0.0807969112988033,0.0
2067,2018-07-05,8.619999885559082,8.310175895690918,8.729999542236328,8.550000190734863,83576877.0,-0.000395109802167,-0.0003817711725688,-0.000790219604334,-0.0023705834535128,0.0178619900261083,0.0
2068,2018-07-06,8.609999656677246,8.368154525756836,8.779999732971191,8.449999809265137,98828269.0,-0.000395109802167,0.0022907400746465,0.0019755113310904,-0.003951022662181,0.0218608784940118,0.0
2069,2018-07-09,8.6899995803833,8.72568416595459,9.029999732971191,8.680000305175781,140995460.0,0.0031608030578468,0.0141260232217251,0.0098775189757078,0.0090873370511184,0.0604411609697521,0.0
2070,2018-07-10,9.020000457763672,8.677369117736816,9.020000457763672,8.890000343322754,89686202.0,0.0130383597132993,-0.0019089312223331,-0.0003950721224224,0.0082971174467842,-0.0735451199966472,0.0
2071,2018-07-11,8.760000228881836,8.493772506713867,8.829999923706055,8.680000305175781,84203370.0,-0.0102726287778748,-0.0072539160370193,-0.0075069355221948,-0.0082971174467842,-0.0078589235759647,0.0
2072,2018-07-12,8.600000381469727,8.715587615966797,8.970000267028809,8.579999923706055,114049231.0,-0.0063216061156938,0.008763931802978,0.0055314241911044,-0.003951022662181,0.0427801436662415,0.0
2073,2018-07-13,8.920000076293945,8.715587615966797,8.9399995803833,8.819999694824219,60337821.00000001,0.0126432122313877,0.0,-0.001185329406501,0.0094824091735407,-0.0769882911508703,0.0
2074,2018-07-16,8.850000381469727,8.568365097045898,8.899999618530273,8.6899995803833,68984558.0,-0.0027656932556799,-0.0058167728971706,-0.0015804015289234,-0.0051363143889374,0.0123939681654419,0.0
2075,2018-07-17,8.739999771118164,8.558550834655762,8.75,8.65999984741211,37535633.0,-0.0043461324643479,-0.0003877622519645,-0.0059264963135268,-0.0011852917267564,-0.0450779265389213,0.0
2076,2018-07-18,8.75,8.538920402526855,8.850000381469727,8.6899995803833,52515277.0,0.000395109802167,-0.0007755998634184,0.0039510226621809,0.0011852917267564,0.0214713632281928,0.0
2077,2018-07-19,8.75,8.568365097045898,8.8100004196167,8.6899995803833,46137239.0,0.0,0.001163362115383,-0.0015804015289234,0.0,-0.0091420844568279,0.0
2078,2018-07-20,8.729999542236328,8.941329956054688,9.199999809265137,8.609999656677246,175427740.0,-0.000790219604334,0.0147358698885259,0.0154089054870676,-0.0031608030578468,0.1853210469438409,0.0
2079,2018-07-23,9.039999961853027,9.245590209960938,9.449999809265137,9.0,178168826.0,0.0122481401089653,0.0120213457260506,0.0098775189757077,0.0154089431668121,0.0039289887760826,0.0
2080,2018-07-24,9.390000343322754,9.225959777832031,9.59000015258789,9.329999923706056,142589416.0,0.0138285416378887,-0.0007755998634184,0.0055314241911044,0.0130383220335548,-0.0509984373163204,0.0
2081,2018-07-25,9.4399995803833,9.206331253051758,9.470000267028809,9.329999923706056,61412280.99999999,0.0019754736513458,-0.0007755245039292,-0.0047412045867703,0.0,-0.116356820723446,0.0
2082,2018-07-26,9.399999618530272,9.078737258911133,9.479999542236328,9.210000038146973,83335815.0,-0.0015804015289235,-0.0050412483932414,0.0003950721224224,-0.0047412045867704,0.0314245226228096,0.0
2083,2018-07-27,9.300000190734863,9.078737258911133,9.359999656677246,9.18000030517578,51512603.0,-0.0039509849824362,0.0,-0.0047412045867704,-0.0011852917267565,-0.045614418068933,0.0
2084,2018-07-30,9.31999969482422,9.216145515441896,9.489999771118164,9.260000228881836,70638597.0,0.0007901819245895,0.0054290106452061,0.0051363143889374,0.0031608030578469,0.0274146144110124,0.0
2085,2018-07-31,9.369999885559082,9.245590209960938,9.489999771118164,9.25,72015080.0,0.0019755113310904,0.0011633621153829,0.0,-0.000395109802167,0.0019730086022359,0.0
2086,2018-08-01,9.420000076293944,8.98058795928955,9.5,9.109999656677246,81408168.0,0.0019755113310903,-0.0104702590384475,0.000395109802167,-0.0055314241911044,0.0134637648453046,0.0
2087,2018-08-02,9.130000114440918,8.774477005004883,9.149999618530272,8.880000114440918,93140128.0,-0.0114579205046311,-0.0081434594481922,-0.0138285416378888,-0.0090872993713737,0.0168162323843363,0.0
2088,2018-08-03,8.930000305175781,8.74503231048584,9.100000381469728,8.90999984741211,47654662.0,-0.0079020076446172,-0.001163362115383,-0.0019754736513457,0.0011852917267564,-0.0651974747924326,0.0
2089,2018-08-06,8.9399995803833,8.774477005004883,9.109999656677246,8.890000343322754,55401008.0,0.0003950721224224,0.001163362115383,0.0003950721224223,-0.0007901819245894,0.0111033752642758,0.0
2090,2018-08-07,8.960000038146973,9.000219345092773,9.170000076293944,8.880000114440918,69042319.0,0.000790219604334,0.0089190969913552,0.0023706211332574,-0.000395109802167,0.0195530376683012,0.0
2091,2018-08-08,9.15999984741211,8.882441520690918,9.15999984741211,9.039999961853027,57895316.00000001,0.0079020076446172,-0.0046534107817876,-0.0003951098021669,0.0063216061156938,-0.0159777729242934,0.0
2092,2018-08-09,9.039999961853027,9.117997169494627,9.350000381469728,9.020000457763672,80678377.0,-0.0047412045867704,0.0093068215635752,0.007506935522195,-0.0007901819245894,0.0326565423170986,0.0
2093,2018-08-10,9.300000190734863,9.059107780456545,9.31999969482422,9.15999984741211,42416836.0,0.0102726287778748,-0.002326724230766,-0.001185329406501,0.0055313865113598,-0.0548429217998365,0.0
2094,2018-08-13,9.119999885559082,8.882441520690918,9.15999984741211,8.899999618530273,81849112.0,-0.0071118257200278,-0.0069800973328091,-0.0063216061156939,-0.0102726287778748,0.0565210175161939,0.0
2095,2018-08-14,9.029999732971191,8.833366394042969,9.039999961853027,8.9399995803833,43024036.0,-0.0035559128600139,-0.0019389619788015,-0.0047412045867704,0.0015804015289234,-0.0556506756207417,0.0
2096,2018-08-15,9.020000457763672,8.627254486083984,9.020000457763672,8.75,67044285.0,-0.0003950721224224,-0.0081434971279368,-0.0007901819245894,-0.0075068978424502,0.0344298897297315,0.0
2097,2018-08-16,8.729999542236328,8.617440223693848,8.890000343322754,8.640000343322754,63827254.99999999,-0.0114579581843758,-0.0003877622519645,-0.0051363143889374,-0.0043460947846033,-0.0046111923384823,0.0
2098,2018-08-17,8.880000114440918,8.64688491821289,8.9399995803833,8.779999732971191,64947656.0,0.0059265339932714,0.001163362115383,0.0019754736513458,0.0055313865113597,0.0016059485013282,0.0
2099,2018-08-20,8.899999618530273,8.833366394042969,9.020000457763672,8.869999885559082,68132206.0,0.0007901819245894,0.0073678972645183,0.0031608407375915,0.0035559128600139,0.0045646365005965,0.0
2100,2018-08-21,9.020000457763672,9.059107780456545,9.260000228881836,9.010000228881836,126447447.0,0.004741242266515,0.0089190593116107,0.0094824091735407,0.0055314241911044,0.0835872815969859,0.0
2101,2018-08-22,9.239999771118164,9.117997169494627,9.34000015258789,9.130000114440918,98243398.0,0.0086921895692067,0.002326724230766,0.0031608030578469,0.0047412045867703,-0.0404268205963204,0.0
2102,2018-08-23,9.300000190734863,9.186699867248535,9.420000076293944,9.229999542236328,72907462.0,0.0023706211332574,0.0027144488029861,0.0031608030578468,0.0039509849824363,-0.0363157552063484,0.0
2103,2018-08-24,9.3100004196167,9.844295501708984,10.279999732971191,9.289999961853027,304040839.0,0.000395109802167,0.0259816534309027,0.0339786517117268,0.0023706211332575,0.3312995083011202,0.0
2104,2018-08-27,10.020000457763672,10.236889839172363,10.43000030517578,9.970000267028809,221842422.0,0.0280521553981999,0.0155114320721998,0.0059265339932714,0.0268668636714434,-0.1178206950839058,0.0
2105,2018-08-28,10.34000015258789,10.099482536315918,10.43000030517578,10.239999771118164,128977724.0,0.0126432122313877,-0.0054289729654614,0.0,0.0106677009002972,-0.1331094158068395,0.0
2106,2018-08-29,10.25,10.079853057861328,10.329999923706056,10.149999618530272,90188349.0,-0.0035559128600139,-0.0007755621836738,-0.0039510226621808,-0.003555912860014,-0.0555995029000409,0.0
2107,2018-08-30,10.270000457763672,9.932629585266112,10.350000381469728,10.079999923706056,99491773.0,0.000790219604334,-0.0058168105769154,0.000790219604334,-0.0027656932556797,0.0133352432120474,0.0
2108,2018-08-31,10.130000114440918,9.942444801330566,10.31999969482422,10.100000381469728,131086524.0,-0.0055314241911044,0.0003877999317093,-0.001185329406501,0.000790219604334,0.0452869490640303,0.0
2109,2018-09-03,10.09000015258789,10.001333236694336,10.300000190734863,10.09000015258789,71169567.0,-0.0015804015289234,0.0023266865510214,-0.0007901819245895,-0.0003951098021671,-0.0858831322877238,0.0
2110,2018-09-04,10.199999809265137,10.236889839172363,10.550000190734863,10.06999969482422,129634208.0,0.0043460947846034,0.0093068592433199,0.0098775189757078,-0.0007902196043339,0.0838014269843057,0.0
2111,2018-09-05,10.300000190734863,9.86392593383789,10.329999923706056,10.050000190734863,117945317.0,0.0039510226621809,-0.0147358322087813,-0.0086922272489513,-0.0007901819245894,-0.0167544985979475,0.0
2112,2018-09-06,10.050000190734863,9.785407066345217,10.140000343322754,9.949999809265137,71177755.0,-0.0098775189757077,-0.0031022864144398,-0.0075068978424503,-0.003951022662181,-0.0670351919577679,0.0
2113,2018-09-07,10.039999961853027,9.824666023254396,10.18000030517578,9.93000030517578,80903534.0,-0.000395109802167,0.0015511243673476,0.0015804015289233,-0.0007901819245894,0.0139406339420436,0.0
2114,2018-09-10,10.010000228881836,9.697072982788086,10.06999969482422,9.84000015258789,63698928.99999999,-0.0011852917267564,-0.0050412107134969,-0.0043461324643478,-0.0035559128600138,-0.0246605542262941,0.0
2115,2018-09-11,9.899999618530272,9.726517677307127,10.029999732971191,9.8100004196167,71296751.0,-0.004346132464348,0.001163362115383,-0.0015804015289235,-0.0011852917267564,0.0108904855085444,0.0
2116,2018-09-12,9.869999885559082,9.697072982788086,9.970000267028809,9.81999969482422,56482916.0,-0.0011852917267564,-0.001163362115383,-0.0023705834535128,0.0003950721224225,-0.0212336976825027,0.0
2117,2018-09-13,10.09000015258789,9.775592803955078,10.100000381469728,9.84000015258789,99972561.0,0.0086922272489513,0.0031023240941845,0.0051363143889374,0.0007902196043339,0.0623367260570517,0.0
2118,2018-09-14,9.979999542236328,9.657814025878906,9.979999542236328,9.8100004196167,61975019.0,-0.0043461324643479,-0.0046534484615322,-0.004741242266515,-0.0011852917267564,-0.0544645137134441,0.0
2119,2018-09-17,9.800000190734863,9.510590553283691,9.800000190734863,9.68000030517578,51708233.0,-0.0071117880402832,-0.0058168105769152,-0.0071117880402832,-0.0051363143889374,-0.0147160968172624,0.0
2120,2018-09-18,9.729999542236328,9.893370628356934,10.119999885559082,9.699999809265137,112680742.0,-0.0027657309354245,0.0151236698202352,0.0126432122313877,0.0007901819245895,0.087396128217283,0.0
2121,2018-09-19,10.029999732971191,10.050408363342283,10.34000015258789,10.029999732971191,123154877.0,0.0118530303067982,0.0062045728288798,0.0086922272489513,0.0130383220335547,0.0150133045275393,0.0
2122,2018-09-20,10.270000457763672,10.040593147277832,10.359999656677246,10.1899995803833,62034836.0,0.0094824468532854,-0.0003877999317091,0.0007901819245894,0.0063216061156938,-0.0876075960705766,0.0
2123,2018-09-21,10.260000228881836,10.47244644165039,10.699999809265137,10.18000030517578,162451841.0,-0.000395109802167,0.0170625564395474,0.0134334318357217,-0.0003950721224224,0.1439346615074599,0.0
2124,2018-09-25,10.520000457763672,10.35466766357422,10.68000030517578,10.479999542236328,97701470.0,0.0102726287778748,-0.0046534484615322,-0.0007901819245895,0.0118529926270537,-0.0928111999792012,0.0
2125,2018-09-26,10.609999656677246,10.51170539855957,10.920000076293944,10.520000457763672,149051343.0,0.0035558751802693,0.0062045728288798,0.0094824091735407,0.001580439208668,0.0736033362945454,0.0
2126,2018-09-27,10.649999618530272,10.541150093078612,10.84000015258789,10.56999969482422,88036333.00000001,0.0015804015289233,0.0011633621153829,-0.0031608030578468,0.0019754736513459,-0.0874570478498565,0.0
2127,2018-09-28,10.779999732971191,10.84541130065918,11.270000457763672,10.779999732971191,211024267.00000003,0.0051363143889374,0.0120213834057953,0.0169893446957356,0.0082971174467842,0.1762871403084749,0.0
2128,2018-10-08,10.699999809265137,10.25652027130127,10.789999961853027,10.449999809265137,168635852.0,-0.0031608030578468,-0.0232671292684273,-0.0189648560268261,-0.0130383220335547,-0.0607582566803574,0.0
2129,2018-10-09,10.460000038146973,10.364483833312988,10.699999809265137,10.390000343322754,106408426.0,-0.0094824091735408,0.004265648529823,-0.0035559128600139,-0.0023705834535128,-0.089194887835885,0.0
2130,2018-10-10,10.539999961853027,10.25652027130127,10.65999984741211,10.380000114440918,99520008.0,0.0031608030578469,-0.004265648529823,-0.0015804015289234,-0.000395109802167,-0.0098736475276462,0.0
2131,2018-10-11,10.050000190734863,9.677443504333496,10.15999984741211,9.699999809265137,199514383.0,-0.0193599281492485,-0.0228793670164628,-0.0197550379514155,-0.0268668636714434,0.1433288766008806,0.0
2132,2018-10-12,9.970000267028809,10.109297752380373,10.34000015258789,9.869999885559082,151681028.0,-0.0031608030578469,0.0170625941192921,0.0071118257200278,0.0067167159178608,-0.0685628670232812,0.0
2133,2018-10-15,10.390000343322754,9.92281436920166,10.470000267028809,10.09000015258789,140268530.0,0.0165942348935686,-0.0073679726240076,0.0051363143889374,0.0086922272489513,-0.0163583253312978,0.0
2134,2018-10-16,10.140000343322754,10.178000450134276,10.539999961853027,10.119999885559082,139692105.0,-0.0098775189757077,0.0100824214269936,0.0027656932556798,0.0011852917267564,-0.0008262299523814,0.0
2135,2018-10-17,10.5,10.138741493225098,10.550000190734863,10.140000343322754,135088983.0,0.0142236137603111,-0.0015511243673475,0.000395109802167,0.000790219604334,-0.0065979741872159,0.0
2136,2018-10-18,10.289999961853027,9.90318489074707,10.289999961853027,10.0600004196167,100115605.0,-0.0082971174467842,-0.0093068592433199,-0.0102726287778748,-0.0031608030578469,-0.0501297695963193,0.0
2137,2018-10-19,9.949999809265137,10.560779571533203,10.779999732971191,9.920000076293944,208366732.0,-0.0134334318357217,0.0259816157511581,0.0193599281492485,-0.0055314241911045,0.155163852203579,0.0
2138,2018-10-22,10.8100004196167,10.943559646606444,11.460000038146973,10.779999732971191,264554312.0,0.0339786893914713,0.0151236698202351,0.0268668636714434,0.0339786517117268,0.0805375574408271,0.0
2139,2018-10-23,11.199999809265137,10.639299392700195,11.220000267028809,10.729999542236328,160254592.0,0.0154089054870676,-0.0120213457260505,-0.0094824091735407,-0.0019755113310904,-0.1495000263503462,0.0
2140,2018-10-24,10.899999618530272,10.835596084594728,11.329999923706056,10.800000190734863,182942464.0,-0.0118530303067983,0.0077556971962276,0.0043460947846034,0.0027657309354245,0.0325201013179448,0.0
2141,2018-10-25,10.800000190734863,11.08096694946289,11.289999961853027,10.710000038146973,168501136.0,-0.0039509849824362,0.0096946214952844,-0.0015804015289235,-0.0035559128600139,-0.0206997575500106,0.0
2142,2018-10-26,11.289999961853027,10.973004341125488,11.3100004196167,10.960000038146973,129997510.0,0.0193599281492485,-0.0042656108500783,0.000790219604334,0.0098775189757077,-0.05518991902935,0.0
2143,2018-10-29,11.199999809265137,10.550965309143066,11.239999771118164,10.619999885559082,159162878.0,-0.0035559128600139,-0.0166747941875828,-0.0027657309354245,-0.0134334318357217,0.0418047458278655,0.0
2144,2018-10-30,10.779999732971191,10.698187828063965,11.079999923706056,10.729999542236328,150182786.0,-0.0165942348935687,0.0058167728971706,-0.0063216061156937,0.0043460947846033,-0.0128717890194579,0.0
2145,2018-10-31,10.949999809265137,10.708003044128418,10.989999771118164,10.75,115268379.0,0.0067167159178608,0.0003877999317092,-0.0035559128600139,0.000790219604334,-0.0500452423698425,0.0
2146,2018-11-01,10.989999771118164,10.629484176635742,11.050000190734863,10.760000228881836,154277632.0,0.0015804015289234,-0.0031022864144399,0.0023706211332575,0.000395109802167,0.0559146692954432,0.0
2147,2018-11-02,11.039999961853027,10.884671211242676,11.15999984741211,10.829999923706056,221292287.00000003,0.0019755113310904,0.0100824591067383,0.0043460947846033,0.0027656932556799,0.096056755361945,0.0
2148,2018-11-05,10.949999809265137,10.717817306518556,11.039999961853027,10.81999969482422,129192417.0,-0.0035559128600139,-0.0065924104403337,-0.0047412045867704,-0.000395109802167,-0.1320131347607018,0.0
2149,2018-11-06,10.869999885559082,10.639299392700195,10.93000030517578,10.729999542236328,73572574.0,-0.0031608030578469,-0.0031022487346953,-0.0043460947846034,-0.0035559128600139,-0.0797237806017324,0.0
2150,2018-11-07,10.829999923706056,10.609854698181152,10.949999809265137,10.75,78559741.0,-0.0015804015289233,-0.001163362115383,0.0007901819245894,0.000790219604334,0.0071484525357649,0.0
2151,2018-11-08,10.880000114440918,10.688373565673828,10.970000267028809,10.81999969482422,79397600.0,0.0019755113310904,0.0031022864144399,0.000790219604334,0.0027656932556799,0.0012009614462807,0.0
2152,2018-11-09,10.710000038146973,10.35466766357422,10.729999542236328,10.399999618530272,162926917.0,-0.0067167159178608,-0.0131847455211782,-0.0094824468532854,-0.0165942348935687,0.1197283664090989,0.0
2153,2018-11-12,10.460000038146973,10.364483833312988,10.579999923706056,10.380000114440918,92033388.0,-0.0098775189757078,0.0003878376114538,-0.0059264963135267,-0.0007901819245893,-0.1016166146329926,0.0
2154,2018-11-13,10.40999984741211,10.344853401184082,10.649999618530272,10.380000114440918,107249762.0,-0.0019755113310904,-0.0007755998634184,0.0027656932556797,0.0,0.0218106847646065,0.0
2155,2018-11-14,10.529999732971191,10.2467041015625,10.550000190734863,10.420000076293944,77423985.0,0.0047412045867704,-0.0038778862778584,-0.0039509849824362,0.0015804015289233,-0.0427513558753518,0.0
2156,2018-11-15,10.4399995803833,10.423372268676758,10.640000343322754,10.420000076293944,90146198.0,-0.0035559128600139,0.0069801726922983,0.0035559128600139,0.0,0.0182356307258995,0.0
2157,2018-11-16,10.609999656677246,10.374298095703123,10.720000267028809,10.489999771118164,105959259.0,0.0067167159178608,-0.0019389242990569,0.0031608030578468,0.0027656932556799,0.0226659576476296,0.0
2158,2018-11-19,10.56999969482422,10.649114608764648,10.880000114440918,10.56999969482422,136088709.0,-0.0015804015289234,0.0108580212904122,0.0063216061156938,0.0031608030578469,0.0431866314590436,0.0
2159,2018-11-20,10.75,10.374298095703123,10.800000190734863,10.520000457763672,103387753.0,0.0071118257200278,-0.0108580212904122,-0.0031608030578469,-0.0019754736513459,-0.046872549453455,0.0
2160,2018-11-21,10.5,10.413557052612305,10.670000076293944,10.479999542236328,66615733.0,-0.0098775189757078,0.0015511243673477,-0.0051363143889374,-0.001580439208668,-0.0527078879881504,0.0
2161,2018-11-22,10.670000076293944,10.35466766357422,10.670000076293944,10.479999542236328,50026785.0,0.0067167159178608,-0.002326724230766,0.0,0.0,-0.0237780903258851,0.0
2162,2018-11-23,10.529999732971191,10.128926277160645,10.579999923706056,10.3100004196167,70035815.0,-0.0055314241911043,-0.0089190593116106,-0.0035559128600138,-0.0067166782381162,0.0286803311863624,0.0
2163,2018-11-26,10.34000015258789,10.14855670928955,10.460000038146973,10.300000190734863,51656911.0,-0.0075068978424502,0.0007755998634184,-0.0047412045867704,-0.000395109802167,-0.0263437584711683,0.0
2164,2018-11-27,10.350000381469728,9.991519927978516,10.390000343322754,10.15999984741211,73344838.0,0.0003951098021671,-0.0062045351491353,-0.0027656932556798,-0.0055314241911044,0.0310868107602243,0.0
2165,2018-11-28,10.170000076293944,10.089666366577148,10.3100004196167,10.15999984741211,53775145.0,-0.007111825720028,0.0038777732386245,-0.0031608030578469,0.0,-0.0280505989773336,0.0
2166,2018-11-29,10.350000381469728,10.011148452758787,10.390000343322754,10.1899995803833,48528405.0,0.007111825720028,-0.0031022487346953,0.0031608030578469,0.0011852917267564,-0.0075205165292238,0.0
2167,2018-11-30,10.220000267028809,10.16818618774414,10.359999656677246,10.170000076293944,59471532.0,-0.0051363143889375,0.0062045728288799,-0.001185329406501,-0.0007901819245894,0.0156855433059186,0.0
2168,2018-12-03,10.59000015258789,10.393927574157717,10.65999984741211,10.470000267028809,106409717.0,0.0146187235624781,0.0089190593116107,0.0118530303067982,0.0118530303067983,0.0672797577437161,0.0
2169,2018-12-04,10.56999969482422,10.393927574157717,10.619999885559082,10.529999732971191,53481305.0,-0.0007902196043339,0.0,-0.0015804015289234,0.0023705834535128,-0.0758659657828609,0.0
2170,2018-12-05,10.489999771118164,10.25652027130127,10.510000228881836,10.399999618530272,58154527.0,-0.0031608030578469,-0.0054289729654615,-0.0043460947846033,-0.0051363143889374,0.0066984533816679,0.0
2171,2018-12-06,10.359999656677246,10.060222625732422,10.369999885559082,10.229999542236328,57886648.0,-0.0051363143889374,-0.0077557348759722,-0.0055314241911044,-0.0067167159178608,-0.0003839695596374,0.0
2172,2018-12-07,10.300000190734863,10.089666366577148,10.390000343322754,10.270000457763672,34021615.0,-0.0023705834535128,0.0011633244356384,0.000790219604334,0.0015804392086681,-0.0342074078660219,0.0
2173,2018-12-10,10.220000267028809,9.981703758239746,10.270000457763672,10.130000114440918,49481887.00000001,-0.0031608030578469,-0.0042656108500783,-0.0047412045867703,-0.0055314241911044,0.0221602806928294,0.0
2174,2018-12-11,10.210000038146973,10.040593147277832,10.260000228881836,10.170000076293944,29908962.0,-0.000395109802167,0.0023267242307661,-0.000395109802167,0.0015804015289234,-0.0280552316272119,0.0
2175,2018-12-12,10.260000228881836,10.050408363342283,10.279999732971191,10.199999809265137,36637903.0,0.0019755113310904,0.0003877999317091,0.0007901819245894,0.0011852917267565,0.0096450580769528,0.0
2176,2018-12-13,10.25,10.1976318359375,10.479999542236328,10.199999809265137,79084521.0,-0.000395109802167,0.0058168105769154,0.0079020076446173,0.0,0.0608416830791403,0.0
2177,2018-12-14,10.34000015258789,9.981703758239746,10.350000381469728,10.15999984741211,52667513.0,0.0035559128600139,-0.0085313347393906,-0.0051362767091927,-0.0015804015289234,-0.0378653307228179,0.0
2178,2018-12-17,10.15999984741211,10.099482536315918,10.329999923706056,10.100000381469728,57127487.00000001,-0.0071118257200278,0.0046534484615322,-0.000790219604334,-0.0023705834535128,0.0063927902253415,0.0
2179,2018-12-18,10.199999809265137,9.932629585266112,10.31999969482422,10.100000381469728,53774430.0,0.0015804015289234,-0.0065923727605892,-0.000395109802167,0.0,-0.004806169276909,0.0
2180,2018-12-19,10.140000343322754,9.755961418151855,10.18000030517578,9.899999618530272,59800700.99999999,-0.0023705834535128,-0.0069801726922982,-0.0055313865113599,-0.007902045324362,0.0086378724055474,0.0
2181,2018-12-20,9.920000076293944,9.530220985412598,9.970000267028809,9.630000114440918,99028479.0,-0.0086922272489514,-0.008919021631866,-0.0082971174467842,-0.0106677009002971,0.0562278963420566,0.0
2182,2018-12-21,9.68000030517578,9.27503490447998,9.699999809265137,9.329999923706056,100061676.0,-0.0094824091735407,-0.0100824214269937,-0.0106677385800418,-0.0118530303067981,0.0014809529567778,0.0
2183,2018-12-24,9.399999618530272,9.245590209960938,9.449999809265137,9.3100004196167,50911767.0,-0.0110628483822088,-0.001163362115383,-0.0098775189757078,-0.0007901819245895,-0.0704499752311619,0.0
2184,2018-12-25,9.289999961853027,9.167071342468262,9.43000030517578,9.210000038146973,58661545.0,-0.0043460947846032,-0.0031022864144399,-0.0007901819245894,-0.0039510226621809,0.0111082945880327,0.0
2185,2018-12-26,9.350000381469728,9.127811431884766,9.420000076293944,9.270000457763672,42114060.0,0.0023706211332575,-0.0015511620470923,-0.000395109802167,0.0023706211332575,-0.0237186585307415,0.0
2186,2018-12-27,9.449999809265137,9.108181953430176,9.489999771118164,9.279999732971191,62459327.0,0.0039509849824362,-0.0007755621836738,0.0027656932556799,0.0003950721224223,0.029162283010969,0.0
2187,2018-12-28,9.3100004196167,9.206331253051758,9.460000038146973,9.3100004196167,57660399.99999999,-0.0055313865113598,0.0038778862778584,-0.0011852917267564,0.001185329406501,-0.0068786350812196,0.0
2188,2019-01-02,9.390000343322754,9.019847869873049,9.420000076293944,9.15999984741211,53938632.0,0.0031608030578469,-0.0073679726240075,-0.0015804015289235,-0.0059265339932714,-0.0053346683391851,0.0
2189,2019-01-03,9.18000030517578,9.108181953430176,9.329999923706056,9.149999618530272,41553795.0,-0.0082971174467844,0.0034900863461491,-0.0035559128600137,-0.0003951098021671,-0.0177520462935542,0.0
2190,2019-01-04,9.239999771118164,9.569480895996094,9.81999969482422,9.220000267028809,148115906.0,0.0023705834535129,0.0182259562346751,0.0193599281492485,0.0027657309354245,0.1527428683648289,0.0
2191,2019-01-07,9.84000015258789,9.559664726257324,9.850000381469728,9.630000114440918,86568766.0,0.0237060606135965,-0.0003878376114538,0.001185329406501,0.0161991250914016,-0.0882197867049734,0.0
2192,2019-01-08,9.729999542236328,9.481146812438965,9.739999771118164,9.619999885559082,40238811.0,-0.004346132464348,-0.0031022487346953,-0.004346132464348,-0.000395109802167,-0.0664079394777891,0.0
2193,2019-01-09,9.739999771118164,9.755961418151855,10.079999923706056,9.699999809265137,123348636.0,0.000395109802167,0.0108579459309229,0.0134334318357217,0.0031608030578469,0.1191270794156749,0.0
2194,2019-01-10,9.869999885559082,9.913000106811523,10.199999809265137,9.859999656677246,107181766.0,0.0051363143889373,0.0062046105086245,0.0047412045867703,0.0063216061156938,-0.0231730966392107,0.0
2195,2019-01-11,10.109999656677246,10.011148452758787,10.220000267028809,10.050000190734863,69636455.0,0.0094824091735408,0.0038778485981137,0.000790219604334,0.0075069355221949,-0.0538162996394615,0.0
2196,2019-01-14,10.220000267028809,9.92281436920166,10.25,10.06999969482422,50044358.99999999,0.0043461324643479,-0.0034900863461491,0.0011852917267564,0.0007901819245894,-0.0280827107518458,0.0
2197,2019-01-15,10.109999656677246,10.050408363342283,10.279999732971191,10.09000015258789,54216055.0,-0.0043461324643479,0.0050412483932413,0.0011852917267564,0.0007902196043339,0.0059795813634555,0.0
2198,2019-01-16,10.239999771118164,10.285964012145996,10.5,10.229999542236328,97769937.0,0.0051363143889374,0.0093068215635753,0.0086922272489513,0.0055313865113598,0.0624288014067522,0.0
2199,2019-01-17,10.539999961853027,10.060222625732422,10.56999969482422,10.170000076293944,88281192.0,0.0118530303067982,-0.0089190593116106,0.0027656932556799,-0.0023705834535129,-0.0136008766613344,0.0
2200,2019-01-18,10.34000015258789,10.236889839172363,10.489999771118164,10.279999732971191,73879326.0,-0.0079020076446172,0.0069801350125537,-0.0031608030578469,0.0043460947846034,-0.0206431939270225,0.0
2201,2019-01-21,10.34000015258789,10.14855670928955,10.470000267028809,10.31999969482422,65935575.99999999,0.0,-0.0034900486664045,-0.0007901819245894,0.0015804015289235,-0.0113863281159389,0.0
2202,2019-01-22,10.34000015258789,10.089666366577148,10.4399995803833,10.260000228881836,42441357.0,0.0,-0.0023267619105107,-0.001185329406501,-0.0023705834535129,-0.0336758944279122,0.0
2203,2019-01-23,10.289999961853027,10.158371925354004,10.470000267028809,10.289999961853027,53787663.00000001,-0.0019755113310904,0.00271456184222,0.001185329406501,0.0011852917267564,0.0162634477444339,0.0
2204,2019-01-24,10.399999618530272,10.325223922729492,10.550000190734863,10.369999885559082,67924088.0,0.0043460947846032,0.0065923350808445,0.0031608030578469,0.0031608030578468,0.0202627189219653,0.0
2205,2019-01-25,10.5600004196167,10.796337127685549,11.039999961853027,10.550000190734863,210836185.0,0.0063216437954385,0.0186137184866398,0.0193599281492485,0.0071118257200279,0.2048458257345584,0.0
2206,2019-01-28,11.039999961853027,10.73744773864746,11.140000343322754,10.880000114440918,103590980.0,0.0189648183470815,-0.0023267242307662,0.003951022662181,0.0130383220335547,-0.1537219943969962,0.0
2207,2019-01-29,10.960000038146973,10.796337127685549,11.06999969482422,10.770000457763672,82663110.0,-0.0031608030578469,0.0023267242307662,-0.0027657309354244,-0.0043460947846034,-0.0299973683194607,0.0
2208,2019-01-30,10.949999809265137,10.747262001037598,11.18000030517578,10.859999656677246,71200101.0,-0.000395109802167,-0.0019389619788015,0.0043461324643478,0.0035558751802693,-0.0164307262527095,0.0
2209,2019-01-31,10.979999542236328,10.894485473632812,11.199999809265137,10.9399995803833,83162275.0,0.0011852917267564,0.0058168105769152,0.0007901819245895,0.0031608030578469,0.0171462140857849,0.0
2210,2019-02-01,11.199999809265137,10.992633819580078,11.25,10.960000038146973,101427007.0,0.0086922272489513,0.0038778485981137,0.0019755113310904,0.000790219604334,0.0261801078208264,0.0
2211,2019-02-11,11.079999923706056,11.002449035644531,11.210000038146973,10.970000267028809,80193663.0,-0.0047412045867703,0.0003877999317092,-0.0015804015289234,0.000395109802167,-0.0304352254014293,0.0
2212,2019-02-12,11.199999809265137,10.982817649841309,11.3100004196167,11.029999732971191,95993690.0,0.0047412045867703,-0.000775637543163,0.0039510226621809,0.0023705834535128,0.0226472751109608,0.0
2213,2019-02-13,11.1899995803833,11.16930103302002,11.40999984741211,11.119999885559082,113736574.0,-0.000395109802167,0.0073679726240076,0.0039509849824363,0.0035559128600139,0.0254321068698088,0.0
2214,2019-02-14,11.300000190734863,11.041707992553713,11.329999923706056,11.1899995803833,86918519.0,0.004346132464348,-0.0050412107134968,-0.0031608030578468,0.0027656932556798,-0.0384401792177873,0.0
2215,2019-02-15,11.229999542236328,10.747262001037598,11.229999542236328,10.899999618530272,110012746.0,-0.0027657309354245,-0.011633583474086,-0.003951022662181,-0.0114579205046312,0.0331025581376525,0.0
2216,2019-02-18,11.050000190734863,11.14967155456543,11.359999656677246,11.039999961853027,125552221.0,-0.0071117880402832,0.015899232003909,0.0051363143889374,0.0055314241911044,0.0222738078488662,0.0
2217,2019-02-19,11.359999656677246,11.061338424682615,11.619999885559082,11.239999771118164,127088204.0,0.0122481024292206,-0.0034900486664046,0.0102726287778748,0.0079020076446172,0.0022016310204253,0.0
2218,2019-02-20,11.329999923706056,11.198745727539062,11.529999732971191,11.25,83262987.0,-0.0011852917267563,0.0054289729654615,-0.0035559128600139,0.000395109802167,-0.062817724691012,0.0
2219,2019-02-21,11.380000114440918,11.14967155456543,11.550000190734863,11.279999732971191,75424648.0,0.0019755113310904,-0.0019389242990568,0.000790219604334,0.0011852917267564,-0.0112352352148495,0.0
2220,2019-02-22,11.350000381469728,11.326338768005373,11.56999969482422,11.149999618530272,118404779.0,-0.0011852917267564,0.0069801350125538,0.0007901819245895,-0.0051363143889374,0.0616064042841278,0.0
2221,2019-02-25,11.699999809265137,12.317639350891112,12.640000343322754,11.56999969482422,282493502.0,0.0138285039581441,0.0391663612723363,0.0422758068382556,0.0165942348935688,0.2351997532907534,0.0
2222,2019-02-26,12.550000190734863,11.97411823272705,12.56999969482422,12.149999618530272,201754493.0,0.0335835795893043,-0.0135725454528874,-0.0027657309354244,0.0229158410092623,-0.1157288243247521,0.0
2223,2019-02-27,12.239999771118164,12.170415878295898,12.65999984741211,12.149999618530272,197901388.0,-0.0122481401089653,0.0077557348759722,0.0035559128600138,0.0,-0.0055229227751584,0.0
2224,2019-02-28,12.4399995803833,12.131155967712402,12.609999656677246,12.270000457763672,111309980.0,0.0079020076446173,-0.0015511620470923,-0.0019755113310905,0.004741242266515,-0.1241174739271934,0.0
2225,2019-03-01,12.479999542236328,12.523751258850098,12.779999732971191,12.199999809265137,171267916.0,0.0015804015289234,0.0155114697519444,0.0067167159178609,-0.0027657309354244,0.0859418703320811,0.0
2226,2019-03-04,12.699999809265137,12.749491691589355,13.380000114440918,12.619999885559082,245683039.0,0.0086922272489513,0.008919021631866,0.0237060606135964,0.0165942348935686,0.1066643596872959,0.0
2227,2019-03-05,12.90999984741211,12.818196296691896,13.289999961853027,12.84000015258789,140842222.0,0.0082971174467842,0.0027145241624754,-0.0035559128600138,0.0086922272489513,-0.1502756182288104,0.0
2228,2019-03-06,13.0600004196167,12.837825775146484,13.149999618530272,12.84000015258789,124576020.0,0.0059265339932714,0.0007755621836738,-0.0055314241911045,0.0,-0.0233154760877599,0.0
2229,2019-03-07,13.0600004196167,12.504119873046877,13.0600004196167,12.550000190734863,178205731.0,0.0,-0.0131847455211782,-0.0035558751802692,-0.0114579205046312,0.0768711863048285,0.0
2230,2019-03-08,12.489999771118164,12.072267532348633,12.699999809265137,12.25,177816210.0,-0.0225207688868401,-0.0170625187598029,-0.0142236514400557,-0.0118530303067982,-0.0005583274793452,0.0
2231,2019-03-11,12.300000190734863,12.091896057128906,12.489999771118164,12.050000190734863,115765077.0,-0.0075068978424502,0.0007755245039292,-0.0082971174467843,-0.0079020076446173,-0.0889421948454783,0.0
2232,2019-03-12,12.489999771118164,12.131155967712402,12.640000343322754,12.239999771118164,141179492.0,0.0075068978424502,0.0015511620470922,0.0059265339932714,0.0075068978424502,0.0364282446029446,0.0
2233,2019-03-13,12.34000015258789,12.140971183776855,12.550000190734863,12.130000114440918,126942716.0,-0.0059264963135268,0.0003877999317092,-0.0035559128600139,-0.0043460947846033,-0.020406558973926,0.0
2234,2019-03-14,12.329999923706056,12.199861526489258,12.619999885559082,12.270000457763672,105746790.0,-0.0003951098021669,0.0023267619105107,0.0027656932556799,0.0055314241911044,-0.0303815915854806,0.0
2235,2019-03-15,12.34000015258789,12.268564224243164,12.68000030517578,12.34000015258789,104540603.0,0.0003951098021669,0.0027144488029861,0.0023706211332574,0.0027656932556799,-0.0017289115280793,0.0
2236,2019-03-18,12.529999732971191,12.670972824096678,12.9399995803833,12.31999969482422,148645480.0,0.0075068978424502,0.0158991943241643,0.0102725910981301,-0.000790219604334,0.0632185807754688,0.0
2237,2019-03-19,12.920000076293944,12.553194999694824,12.9399995803833,12.609999656677246,95719646.0,0.0154089431668121,-0.0046534107817876,0.0,0.0114579205046311,-0.0758622705565657,0.0
2238,2019-03-20,12.68000030517578,12.513935089111328,12.880000114440918,12.619999885559082,92999638.0,-0.0094824091735407,-0.0015511620470922,-0.0023705834535128,0.000395109802167,-0.0038987762160162,0.0
2239,2019-03-21,12.770000457763672,12.455045700073242,12.800000190734863,12.579999923706056,86014080.0,0.0035559128600139,-0.0023267242307661,-0.0031608030578469,-0.0015804015289234,-0.0100128850304859,0.0
2240,2019-03-22,12.6899995803833,12.356897354125977,12.739999771118164,12.5,71350206.0,-0.0031608407375915,-0.0038778485981137,-0.0023706211332574,-0.0031608030578469,-0.0210187481749534,0.0
2241,2019-03-25,12.399999618530272,11.885785102844238,12.399999618530272,12.100000381469728,117988326.0,-0.0114579205046312,-0.0186136808068951,-0.0134334318357218,-0.0158040152892345,0.0668496537567944,0.0
2242,2019-03-26,12.229999542236328,11.875969886779783,12.289999961853027,12.010000228881836,93539327.0,-0.0067167159178608,-0.0003877999317092,-0.0043460947846032,-0.0035559128600139,-0.0350444468569962,0.0
2243,2019-03-27,12.239999771118164,12.150786399841309,12.470000267028809,12.18000030517578,92282680.0,0.000395109802167,0.0108580212904122,0.0071118257200278,0.0067167159178607,-0.0018012393476519,0.0
2244,2019-03-28,12.3100004196167,11.993748664855955,12.3100004196167,12.100000381469728,73246744.0,0.0027657309354245,-0.0062045728288799,-0.0063216061156938,-0.0031608030578467,-0.0272855280302143,0.0
2245,2019-03-29,12.260000228881836,12.582639694213867,12.81999969482422,12.210000038146973,166950647.0,-0.0019755113310904,0.0232671292684275,0.020150110073838,0.0043460947846032,0.1343123065683233,0.0
2246,2019-04-01,12.829999923706056,12.93597412109375,13.550000190734863,12.829999923706056,195140119.0,0.0225207312070955,0.0139602700251075,0.0288423750025339,0.024496242538186,0.0404059263706781,0.0
2247,2019-04-02,13.279999732971191,13.112641334533691,13.479999542236328,13.22999954223633,110038404.0,0.017779526620325,0.0069801350125537,-0.0027657309354245,0.0158040152892345,-0.1219821935759717,0.0
2248,2019-04-03,13.210000038146973,13.191159248352053,13.449999809265137,13.149999618530272,79291579.0,-0.0027656932556798,0.0031022487346953,-0.0011852917267565,-0.003160803057847,-0.0440715578880699,0.0
2249,2019-04-04,13.43000030517578,13.603384017944336,14.000000000000002,13.43000030517578,203436500.0,0.0086922272489512,0.0162870319356182,0.0217305492825061,0.0110628483822088,0.1779455300624167,0.0
2250,2019-04-08,13.899999618530272,13.701532363891602,14.43000030517578,13.720000267028809,174317620.0,0.0185697085449145,0.0038778485981137,0.0169893446957355,0.0114579205046313,-0.041738111351522,0.0
2251,2019-04-09,13.869999885559082,13.554309844970703,13.979999542236328,13.749999999999998,78133238.0,-0.0011852917267564,-0.0058167728971706,-0.0177795643000696,0.0011852917267564,-0.1378677492469948,0.0
2252,2019-04-10,13.749999999999998,13.475790977478027,13.880000114440918,13.399999618530272,94713506.0,-0.0047412045867704,-0.0031022864144399,-0.0039509849824362,-0.0138285416378888,0.0237656486795535,0.0
2253,2019-04-11,13.729999542236328,13.289308547973633,13.960000038146974,13.489999771118162,65535662.00000001,-0.000790219604334,-0.007367934944263,0.0031608030578469,0.0035559128600139,-0.041822628544413,0.0
2254,2019-04-12,13.489999771118162,13.171530723571774,13.590000152587892,13.210000038146973,77432464.0,-0.0094824091735408,-0.0046534107817877,-0.0146187235624781,-0.0110628107024641,0.0170525118618233,0.0
2255,2019-04-15,13.720000267028809,13.436531066894531,14.09000015258789,13.65999984741211,153389068.0,0.0090873370511184,0.0104701836789584,0.0197550379514155,0.0177795266203251,0.1088738713726442,0.0
2256,2019-04-16,13.670000076293944,14.310053825378418,14.579999923706058,13.550000190734863,237937518.0,-0.0019755113310905,0.0345129504905488,0.0193599281492486,-0.0043460947846033,0.121189160458733,0.0
2257,2019-04-17,14.420000076293944,14.084312438964844,14.590000152587892,14.229999542236326,100410987.0,0.0296325569271234,-0.0089190593116106,0.0003951098021669,0.0268668259916987,-0.1971263202659768,0.0
2258,2019-04-18,14.300000190734862,14.07449722290039,14.369999885559084,14.109999656677246,50704530.0,-0.0047412045867704,-0.0003877999317092,-0.0086922272489513,-0.0047412045867702,-0.0712477141001179,0.0
2259,2019-04-19,14.449999809265137,14.457275390625,14.800000190734863,14.300000190734862,124603609.0,0.0059264963135268,0.0151235944607459,0.0169893446957356,0.0075069355221948,0.1059246780122355,0.0
2260,2019-04-22,14.600000381469728,13.888014793395996,14.84000015258789,14.079999923706056,132227390.0,0.0059265339932715,-0.0224915294050089,0.0015804015289234,-0.0086922272489512,0.0109276943446182,0.0
2261,2019-04-23,14.100000381469728,13.80949592590332,14.199999809265137,13.970000267028809,94068734.0,-0.0197550379514156,-0.0031022864144399,-0.02528646214252,-0.0043460947846034,-0.0546954495898339,0.0
2262,2019-04-24,14.449999809265137,14.172645568847656,14.600000381469728,14.15999984741211,194972363.00000003,0.013828503958144,0.0143480699568168,0.0158040529689793,0.0075068978424502,0.1446321734549772,0.0
2263,2019-04-25,14.380000114440918,13.868385314941406,14.640000343322754,14.130000114440918,111147637.0,-0.0027656932556798,-0.0120213457260506,0.0015804015289233,-0.0011852917267564,-0.1201517966281266,0.0
2264,2019-04-26,14.079999923706056,13.534680366516112,14.25,13.699999809265137,100942124.0,-0.0118530303067981,-0.0131847078414337,-0.0154089431668121,-0.0169893446957356,-0.0146282699744428,0.0
2265,2019-05-06,13.100000381469728,12.6317138671875,13.35000038146973,12.71000003814697,210866784.0,-0.0387198562984971,-0.0356762749261871,-0.0355590532406501,-0.0391149661006642,0.1575626431840166,0.0
2266,2019-05-07,13.029999732971191,12.710232734680178,13.09000015258789,12.720000267028809,107265841.0,-0.0027657309354245,0.0031022864144399,-0.0102726287778749,0.000395109802167,-0.1484984207859878,0.0
2267,2019-05-08,12.720000267028809,12.366713523864746,12.90999984741211,12.5,97545081.0,-0.0122481024292206,-0.0135724700933983,-0.0071118257200278,-0.0086922272489513,-0.0139334398610599,0.0
2268,2019-05-09,12.520000457763672,11.934858322143556,12.579999923706056,12.050000190734863,155715161.0,-0.0079020076446172,-0.0170626317990366,-0.0130383220335546,-0.0177795266203251,0.0833792122625233,0.0
2269,2019-05-10,12.34000015258789,12.445231437683104,12.749999999999998,12.100000381469728,119239908.0,-0.0071118257200278,0.0201648805337319,0.0067167159178607,0.0019755113310905,-0.052282511253487,0.0
2270,2019-05-13,12.329999923706056,12.072267532348633,12.539999961853027,12.229999542236328,74191779.0,-0.0003951098021669,-0.0147358322087812,-0.0082971174467842,0.0051362767091927,-0.0645706093221899,0.0
2271,2019-05-14,12.199999809265137,12.258749961853027,12.749999999999998,12.15999984741211,118259819.0,-0.0051363143889374,0.0073679349442629,0.0082971174467842,-0.0027656932556798,0.0631657797471375,0.0
2272,2019-05-15,12.579999923706056,12.68078899383545,13.109999656677246,12.56999969482422,110398851.0,0.0150138333646452,0.0166747941875828,0.0142236137603112,0.0161991250914017,-0.0112676709308445,0.0
2273,2019-05-16,12.93000030517578,12.61208438873291,12.979999542236328,12.779999732971191,63490143.00000001,0.0138285416378886,-0.0027145241624753,-0.0051363143889374,0.0082971174467842,-0.0672375063141176,0.0
2274,2019-05-17,12.920000076293944,12.209674835205078,12.93000030517578,12.359999656677246,96500085.0,-0.000395109802167,-0.015899232003909,-0.0019754736513458,-0.0165942348935687,0.047315440528732,0.0
2275,2019-05-20,12.350000381469728,12.150786399841309,12.539999961853027,12.25,78643518.0,-0.0225207312070953,-0.0023266865510215,-0.0154089431668121,-0.0043460947846033,-0.0255950566025174,0.0
2276,2019-05-21,12.399999618530272,12.32745361328125,12.729999542236328,12.359999656677246,73121051.0,0.0019754736513457,0.0069801350125537,0.0075068978424502,0.0043460947846033,-0.0079157351718577,0.0
2277,2019-05-22,12.56999969482422,12.170415878295898,12.56999969482422,12.31999969482422,50623072.0,0.0067167159178609,-0.0062045728288799,-0.0063216061156937,-0.0015804015289234,-0.0322479145037928,0.0
2278,2019-05-23,12.239999771118164,12.06245231628418,12.420000076293944,12.140000343322754,66685542.99999999,-0.0130383220335548,-0.004265648529823,-0.0059264963135269,-0.0071117880402833,0.023023454307947,0.0
2279,2019-05-24,12.350000381469728,12.121341705322266,12.449999809265137,12.3100004196167,49552620.0,0.004346132464348,0.0023267242307661,0.0011852917267565,0.0067167159178608,-0.0245578074414624,0.0
2280,2019-05-27,12.210000038146973,12.140971183776855,12.420000076293944,11.93000030517578,104842598.0,-0.0055314241911044,0.0007755621836738,-0.0011852917267565,-0.0150138333646452,0.0792509622068981,0.0
2281,2019-05-28,12.3100004196167,12.258749961853027,12.550000190734863,12.260000228881836,88070312.0,0.0039510226621809,0.0046534484615322,0.0051363143889374,0.0130383220335547,-0.0240408814036657,0.0
2282,2019-05-29,12.359999656677246,12.170415878295898,12.59000015258789,12.260000228881836,66641150.0,0.0019754736513458,-0.0034900863461491,0.0015804015289234,0.0,-0.030715904929235,0.0
2283,2019-05-30,12.31999969482422,11.993748664855955,12.380000114440918,12.109999656677246,64628465.0,-0.0015804015289234,-0.0069801350125538,-0.0082971174467842,-0.0059265339932714,-0.002884921076825,0.0
2284,2019-05-31,12.15999984741211,11.954489707946776,12.399999618530272,12.109999656677246,68679439.0,-0.0063216061156938,-0.0015511243673476,0.0007901819245893,0.0,0.0058065421435893,0.0
2285,2019-06-03,12.220000267028809,11.679673194885254,12.329999923706056,11.81999969482422,151271905.0,0.0023706211332574,-0.0108580212904121,-0.0027656932556797,-0.0114579205046312,0.1183855128598626,0.0
2286,2019-06-04,11.890000343322754,11.630599975585938,11.9399995803833,11.600000381469728,97465534.0,-0.0130383220335547,-0.0019388866193122,-0.0154089431668122,-0.0086921895692066,-0.0771244053418025,0.0
2287,2019-06-05,11.970000267028809,11.748377799987791,12.140000343322754,11.920000076293944,74889231.0,0.0031608030578469,0.0046534107817875,0.0079020453243618,0.0126432122313875,-0.0323601817281331,0.0
2288,2019-06-06,11.970000267028809,11.699302673339844,12.06999969482422,11.890000343322754,43366526.0,0.0,-0.0019389619788014,-0.0027657309354244,-0.0011852917267563,-0.0451836805327396,0.0
2289,2019-06-10,12.010000228881836,12.111527442932127,12.470000267028809,11.979999542236328,114466882.0,0.0015804015289234,0.0162870319356182,0.0158040529689791,0.0035558751802693,0.1019130741244463,0.0
2290,2019-06-11,12.34000015258789,12.415786743164062,12.720000267028809,12.300000190734863,125108751.0,0.0130383220335547,0.012021308046306,0.0098775189757077,0.0126432499111323,0.015253729309311,0.0
2291,2019-06-12,12.630000114440918,12.337267875671388,12.65999984741211,12.4399995803833,65731018.0,0.0114579205046312,-0.0031022864144398,-0.0023706211332574,0.0055313865113598,-0.0851102251101328,0.0
2292,2019-06-13,12.539999961853027,12.356897354125977,12.68000030517578,12.43000030517578,53000026.0,-0.0035559128600139,0.0007755621836737,0.000790219604334,-0.0003950721224224,-0.0182482142758009,0.0
2293,2019-06-14,12.59000015258789,12.258749961853027,12.6899995803833,12.449999809265137,48319173.0,0.0019755113310904,-0.0038778109183691,0.0003950721224224,0.0007901819245894,-0.0067093914235061,0.0
2294,2019-06-17,12.479999542236328,12.435417175292969,12.789999961853027,12.479999542236328,61981588.0,-0.0043461324643479,0.0069801350125537,0.0039510226621809,0.0011852917267564,0.0195832874959718,0.0
2295,2019-06-18,12.670000076293944,12.56300926208496,12.850000381469728,12.59000015258789,48355511.99999999,0.0075069355221948,0.0050411730337521,0.0023706211332575,0.0043461324643479,-0.0195312002855982,0.0
2296,2019-06-19,13.289999961853027,12.828010559082031,13.390000343322754,13.010000228881836,114322639.0,0.024496242538186,0.010470221358703,0.021335439480339,0.0165942348935686,0.0945552607883955,0.0
2297,2019-06-20,13.170000076293942,13.544495582580568,13.949999809265137,13.11999988555908,152919147.0,-0.0047412045867705,0.0283083776616689,0.0221256214049284,0.0043460947846033,0.055323053245314,0.0
2298,2019-06-21,13.760000228881836,13.387457847595218,13.869999885559082,13.579999923706058,101112915.0,0.0233109508114296,-0.0062045728288798,-0.0031608030578469,0.0181746364224922,-0.0742574673173825,0.0
2299,2019-06-24,13.6899995803833,13.436531066894531,13.829999923706056,13.609999656677246,65957285.0,-0.0027657309354245,0.0019388866193121,-0.0015804015289233,0.0011852917267562,-0.0503910040349391,0.0
2300,2019-06-25,13.720000267028809,13.18134593963623,13.720000267028809,13.06999969482422,146922707.0,0.001185329406501,-0.0100823837472491,-0.0043460947846034,-0.021335439480339,0.1160533577891379,0.0
2301,2019-06-26,13.270000457763672,13.265682220458984,13.5,13.189999580383304,54650476.0,-0.0177795266203251,0.0033321328566694,-0.0086922272489513,0.0047412045867704,-0.132260191742655,0.0
2302,2019-06-27,13.5,13.603029251098636,13.850000381469728,13.449999809265137,92507494.0,0.0090872993713737,0.0133286067861673,0.0138285416378888,0.0102726287778747,0.054263090912857,0.0
2303,2019-06-28,13.729999542236328,13.672483444213867,13.789999961853027,13.579999923706058,49809369.0,0.0090872993713737,0.0027441404417527,-0.0023706211332575,0.0051363143889375,-0.0612021855150749,0.0
2304,2019-07-01,14.010000228881836,13.82131290435791,14.18000030517578,13.869999885559082,96063600.0,0.0110628483822088,0.0058802632668685,0.0154089431668121,0.0114579205046311,0.0662993990138708,0.0
2305,2019-07-02,13.880000114440918,14.06936264038086,14.239999771118164,13.859999656677244,105274486.0,-0.0051363143889373,0.0098004638979439,0.0023705834535129,-0.000395109802167,0.0132026020751545,0.0
2306,2019-07-03,13.960000038146974,13.900689125061032,14.130000114440918,13.869999885559082,76907849.0,0.0031608030578469,-0.0066643033930836,-0.0043460947846033,0.000395109802167,-0.0406598692591955,0.0
2307,2019-07-04,14.010000228881836,13.880845069885254,14.279999732971191,13.880000114440918,62129252.0,0.0019755113310904,-0.000784040126215,0.0059264963135268,0.000395109802167,-0.0211831886118308,0.0
2308,2019-07-05,13.949999809265137,13.811390876770018,13.979999542236328,13.6899995803833,74919609.0,-0.0023706211332574,-0.0027441404417528,-0.0118530303067982,-0.0075069355221949,0.0183333062498186,0.0
2309,2019-07-08,13.81999969482422,13.483965873718262,13.880000114440918,13.449999809265137,77841390.0,-0.0051363143889373,-0.0129365867230596,-0.0039509849824362,-0.0094824091735408,0.0041879914585575,0.0
2310,2019-07-09,13.63000011444092,13.483965873718262,13.71000003814697,13.4399995803833,49429611.0,-0.0075068978424502,0.0,-0.0067167159178609,-0.0003951098021669,-0.040724574420336,0.0
2311,2019-07-10,13.609999656677246,13.454200744628904,13.699999809265137,13.489999771118162,35822079.0,-0.0007902196043341,-0.001176022509578,-0.0003951098021669,0.0019755113310904,-0.0195046198835738,0.0
2312,2019-07-11,13.680000305175778,13.434355735778809,13.779999732971191,13.52999973297119,48418313.99999999,0.0027657309354244,-0.0007840778059596,0.0031608030578469,0.0015804015289234,0.0180550577165034,0.0
2313,2019-07-12,13.600000381469728,14.009830474853516,14.229999542236326,13.579999923706058,146536652.0,-0.0031608030578467,0.0227370506210036,0.017779526620325,0.0019755113310906,0.1406398225848754,0.0
2314,2019-07-15,14.029999732971191,13.890767097473146,14.11999988555908,13.84000015258789,84128276.0,0.0169893070159909,-0.0047042030775458,-0.0043460947846033,0.0102726287778747,-0.0894542560275551,0.0
2315,2019-07-16,13.970000267028809,13.642717361450195,13.989999771118164,13.71000003814697,72278079.0,-0.0023705834535129,-0.0098004638979439,-0.0051363143889373,-0.0051363143889374,-0.0169857096812608,0.0
2316,2019-07-17,13.699999809265137,13.583185195922852,13.8100004196167,13.609999656677246,41002063.0,-0.0106677385800417,-0.0023521203786452,-0.0071117880402832,-0.0039510226621809,-0.0448300840705406,0.0
2317,2019-07-18,13.649999618530272,13.563342094421388,13.8100004196167,13.560000419616696,42282622.0,-0.0019755113310905,-0.0007840024464703,0.0,-0.0019754736513458,0.0018355140765782,0.0
2318,2019-07-19,13.739999771118166,13.880845069885254,14.079999923706056,13.680000305175778,86639070.0,0.0035559128600139,0.012544566659952,0.0106677009002972,0.0047412045867702,0.0635791749470445,0.0
2319,2019-07-22,13.960000038146974,13.741937637329103,14.020000457763672,13.760000228881836,58228330.0,0.0086922272489513,-0.0054882432037609,-0.0023705834535129,0.003160803057847,-0.0407230851495366,0.0
2320,2019-07-23,13.859999656677244,13.652639389038088,13.869999885559082,13.649999618530272,50400423.0,-0.003951022662181,-0.0035281805679678,-0.0059265339932714,-0.004346132464348,-0.0112202823053413,0.0
2321,2019-07-24,13.869999885559082,13.771703720092772,14.010000228881836,13.789999961853027,57027622.0,0.000395109802167,0.0047042407572903,0.0055314241911044,0.0055314241911044,0.0094992242081664,0.0
2322,2019-07-25,13.920000076293944,14.089205741882324,14.270000457763672,13.850000381469728,108782641.0,0.0019755113310904,0.0125445289802076,0.0102726287778748,0.0023706211332575,0.0741840601706569,0.0
2323,2019-07-26,14.18000030517578,14.118971824645996,14.25,14.079999923706056,63530571.0,0.0102726287778748,0.0011760601893225,-0.000790219604334,0.0090872993713737,-0.0648629321095752,0.0
2324,2019-07-29,14.25,14.17850399017334,14.449999809265137,14.18000030517578,71557619.0,0.0027656932556799,0.0023521203786452,0.0079020076446172,0.0039510226621808,0.0115057249196401,0.0
2325,2019-07-30,14.3100004196167,14.257880210876465,14.550000190734863,14.289999961853027,79663432.0,0.0023706211332574,0.0031361605048603,0.003951022662181,0.0043460947846034,0.0116186242598827,0.0
2326,2019-07-31,14.300000190734862,14.019752502441406,14.319999694824222,14.079999923706056,63472348.0,-0.000395109802167,-0.0094084438348364,-0.0090873370511183,-0.0082971174467842,-0.0232078042456937,0.0
2327,2019-08-01,14.0600004196167,13.989987373352047,14.189999580383304,13.9399995803833,52798128.0,-0.0094824091735407,-0.001176022509578,-0.0051363143889374,-0.0055314241911045,-0.0153001002425451,0.0
2328,2019-08-02,13.770000457763674,13.632795333862305,13.880000114440918,13.65999984741211,96992646.0,-0.0114579205046312,-0.0141126845921268,-0.0122481024292206,-0.0110628107024641,0.06334706944123,0.0
2329,2019-08-05,13.600000381469728,13.24583911895752,13.640000343322754,13.270000457763672,89308242.0,-0.0067167159178608,-0.0152886694219602,-0.0094824091735408,-0.0154089054870676,-0.0110145894973323,0.0
2330,2019-08-06,13.100000381469728,13.265682220458984,13.460000038146973,13.029999732971191,88249913.0,-0.0197550379514156,0.0007840024464703,-0.0071118257200278,-0.0094824468532853,-0.0015169763963636,0.0
2331,2019-08-07,13.489999771118162,13.434355735778809,13.640000343322754,13.369999885559084,79303899.0,0.0154089054870675,0.0066643033930836,0.0071118257200278,0.0134334318357217,-0.0128229426572819,0.0
2332,2019-08-08,13.899999618530272,14.267802238464355,14.5,13.850000381469728,233071504.0,0.0161991250914016,0.0329295345820551,0.0339786517117267,0.0189648560268261,0.2204057786476284,0.0
2333,2019-08-09,14.550000190734863,14.406709671020508,14.850000381469728,14.43000030517578,206057513.00000003,0.0256815719446871,0.0054882432037609,0.0138285416378888,0.0229158410092623,-0.0387210278831813,0.0
2334,2019-08-12,14.609999656677246,15.002028465270996,15.11999988555908,14.600000381469728,273342547.0,0.0023705834535128,0.0235210907472187,0.0106677009002971,0.006716715917861,0.0964443083450649,0.0
2335,2019-08-13,15.000000000000002,14.77382278442383,15.079999923706056,14.739999771118166,129373644.0,0.0154089431668122,-0.0090164237717288,-0.0015804015289233,0.0055313865113597,-0.2063606191093364,0.0
2336,2019-08-14,15.140000343322756,14.853199005126951,15.22000026702881,14.800000190734863,136054654.0,0.0055314241911044,0.0031361605048602,0.0055314241911044,0.0023706211332574,0.0095763552485752,0.0
2337,2019-08-15,14.640000343322754,14.823431968688965,14.960000038146974,14.600000381469728,89737626.0,-0.0197550379514156,-0.0011760978690671,-0.0102726287778748,-0.0079020076446172,-0.0663894103116453,0.0
2338,2019-08-16,15.09000015258789,14.78374481201172,15.140000343322756,14.779999732971191,98690293.0,0.0177795266203251,-0.0015680425726855,0.0071118257200278,0.0071117880402832,0.0128324788638538,0.0
2339,2019-08-19,14.90999984741211,14.8035888671875,14.9399995803833,14.52000045776367,229295613.0,-0.0071118257200278,0.000784040126215,-0.007902045324362,-0.0102725910981302,0.1872056682558246,0.0
2340,2019-08-20,14.920000076293944,14.87304210662842,15.199999809265137,14.770000457763674,192104150.0,0.0003951098021669,0.0027441027620082,0.0102726287778748,0.0098775189757078,-0.0533091047464741,0.0
2341,2019-08-21,14.869999885559082,14.337255477905272,14.890000343322752,14.380000114440918,199013195.0,-0.0019755113310904,-0.0211689703685735,-0.0122481024292206,-0.0154089431668122,0.0099032136381164,0.0
2342,2019-08-22,14.399999618530272,14.198348999023438,14.449999809265137,14.199999809265137,135307158.0,-0.0185697462246592,-0.0054882055240162,-0.0173844544979027,-0.0071118257200278,-0.0913142835874931,0.0
2343,2019-08-23,14.369999885559084,14.535695075988771,14.739999771118166,14.35000038146973,163686768.0,-0.0011852917267562,0.0133285691064226,0.0114579205046313,0.0059265339932715,0.0406784643603314,0.0
2344,2019-08-26,14.420000076293944,14.138815879821776,14.5,14.149999618530272,141512254.0,0.0019755113310904,-0.0156807271648126,-0.0094824091735408,-0.0079020453243621,-0.0317842696730741,0.0
2345,2019-08-27,14.359999656677246,14.198348999023438,14.479999542236328,14.239999771118164,135671337.0,-0.0023706211332574,0.0023521580583899,-0.000790219604334,0.0035559128600139,-0.0083721916550704,0.0
2346,2019-08-28,14.260000228881834,14.15866088867188,14.279999732971191,14.050000190734863,82965768.0,-0.0039509849824364,-0.00156808025243,-0.0079020076446173,-0.0075068978424502,-0.0755465494472084,0.0
2347,2019-08-29,14.22000026702881,14.019752502441406,14.239999771118164,14.079999923706056,60903434.0,-0.0015804015289233,-0.0054882808835057,-0.0015804015289234,0.0011852917267565,-0.0316234742945632,0.0
2348,2019-08-30,14.289999961853027,14.049518585205076,14.390000343322754,14.100000381469728,79850057.0,0.0027656932556798,0.0011760601893225,0.0059265339932714,0.000790219604334,0.0271575095096139,0.0
2349,2019-09-02,14.149999618530272,14.337255477905272,14.5,14.109999656677246,136020130.0,-0.0055314241911045,0.0113685064706294,0.0043460947846033,0.0003950721224224,0.0805124634428632,0.0
2350,2019-09-03,14.479999542236328,14.188426017761232,14.510000228881836,14.25,85865365.0,0.0130383220335548,-0.0058802632668684,0.000395109802167,0.0055314241911044,-0.0718903050659716,0.0
2351,2019-09-04,14.319999694824222,14.327333450317385,14.5,14.3100004196167,97396487.0,-0.0063216061156937,0.0054882432037609,-0.000395109802167,0.0023706211332574,0.0165283573421774,0.0
2352,2019-09-05,14.5600004196167,14.466241836547852,14.850000381469728,14.550000190734863,176805143.0,0.0094824468532852,0.0054882808835056,0.0138285416378888,0.0094824091735408,0.113821937052617,0.0
2353,2019-09-06,14.71000003814697,14.69444751739502,14.8100004196167,14.619999885559082,98643280.0,0.0059264963135268,0.0090164237717288,-0.0015804015289234,0.0027656932556798,-0.112034822126964,0.0
2354,2019-09-09,14.979999542236328,14.575383186340334,15.000000000000002,14.600000381469728,129983914.0,0.0106677009002972,-0.0047042407572904,0.0075068978424502,-0.0007901819245893,0.0449227055339799,0.0
2355,2019-09-10,14.600000381469728,14.436475753784178,14.640000343322754,14.409999847412111,79687064.0,-0.0150137956849004,-0.005488243203761,-0.0142236137603112,-0.0075069355221949,-0.0720939653561813,0.0
2356,2019-09-11,14.600000381469728,14.44639778137207,14.71000003814697,14.460000038146973,81861421.0,0.0,0.0003920200631075,0.0027656932556798,0.0019755113310904,0.0031166567733361,0.0
2357,2019-09-12,14.65999984741211,14.56546115875244,14.779999732971191,14.52999973297119,115068764.0,0.0023705834535128,0.0047042030775458,0.0027656932556799,0.0027656932556798,0.0475983890802869,0.0
2358,2019-09-16,14.699999809265137,14.337255477905272,14.720000267028809,14.399999618530272,92989414.0,0.0015804015289234,-0.0090164237717288,-0.0023705834535129,-0.0051363143889374,-0.0316478645081551,0.0
2359,2019-09-17,14.359999656677246,14.12889385223389,14.449999809265137,14.18000030517578,88265575.0,-0.0134334318357217,-0.0082323836455135,-0.0106677385800418,-0.0086921895692066,-0.0067710062402353,0.0
2360,2019-09-18,14.239999771118164,14.297567367553713,14.479999542236328,14.239999771118164,82043633.0,-0.0047412045867704,0.0066643033930835,0.0011852917267565,0.0023705834535129,-0.0089183412280524,0.0
2361,2019-09-19,14.479999542236328,14.724212646484377,14.890000343322752,14.479999542236328,188402083.0,0.0094824091735408,0.016856787354135,0.0161991627711461,0.0094824091735408,0.1524509469208736,0.0
2362,2019-09-20,14.949999809265137,15.220312118530272,15.399999618530272,14.93000030517578,264428514.0,0.0185697462246591,0.0196009277958878,0.0201501100738379,0.0177795643000696,0.1089739592572519,0.0
2363,2019-09-23,15.34000015258789,15.25999927520752,15.470000267028809,15.18000030517578,140328200.0,0.0154089431668121,0.0015680425726856,0.0027657309354246,0.0098775189757077,-0.1778815917539015,0.0
2364,2019-09-24,15.470000267028809,15.061560630798342,15.539999961853027,15.18000030517578,112910324.0,0.0051363143889374,-0.0078403259026615,0.0027656932556798,0.0,-0.0392999442804882,0.0
2365,2019-09-25,15.199999809265137,15.62711238861084,15.850000381469728,15.189999580383304,193889272.0,-0.0106677385800418,0.0223449928781513,0.0122481401089653,0.0003950721224225,0.1160727455435481,0.0
2366,2019-09-26,15.859999656677244,15.587425231933594,16.040000915527344,15.65999984741211,168659258.0,0.0260766440671094,-0.0015680425726855,0.0075069355221948,0.0185697462246591,-0.0361639298534991,0.0
2367,2019-09-27,15.850000381469728,15.775941848754885,16.0,15.699999809265138,100770627.0,-0.0003950721224222,0.0074483058395541,-0.001580439208668,0.0015804015289234,-0.097309485810594,0.0
2368,2019-09-30,15.75,15.468360900878904,15.890000343322752,15.56999969482422,104636317.0,-0.003951022662181,-0.0121525465968447,-0.0043460947846034,-0.0051363143889373,0.0055409617289698,0.0
2369,2019-10-08,15.600000381469728,16.0736026763916,16.229999542236328,15.600000381469728,138667636.0,-0.0059264963135267,0.0239131484900709,0.0134333941559771,0.001185329406501,0.0487794510592841,0.0
2370,2019-10-09,16.100000381469727,16.123210906982422,16.520000457763672,16.020000457763672,131669341.0,0.0197550379514155,0.0019600249560484,0.0114579581843758,0.0165942348935685,-0.010031141856445,0.0
2371,2019-10-10,16.270000457763672,16.11328887939453,16.270000457763672,15.989999771118164,87974662.0,0.0067167159178608,-0.0003920200631075,-0.0098775189757077,-0.001185329406501,-0.0626306155171837,0.0
2372,2019-10-11,16.200000762939453,16.678842544555664,16.950000762939453,16.200000762939453,140542282.0,-0.0027656932556798,0.0223450682376407,0.0268668636714435,0.0082971551265289,0.0753488175728083,0.0
2373,2019-10-14,16.969999313354492,17.085641860961914,17.600000381469727,16.920000076293945,155763745.0,0.0304227011719681,0.0160726718684308,0.0256815342649423,0.0284472275206223,0.0218179791814476,0.0
2374,2019-10-15,17.25,17.045955657958984,17.350000381469727,16.81999969482422,88195542.0,0.0110628483822089,-0.0015680048929409,-0.0098775189757077,-0.003951022662181,-0.0968501941227219,0.0
2375,2019-10-16,17.260000228881836,16.658998489379883,17.440000534057617,16.6299991607666,126767121.0,0.0003951098021669,-0.0152887071017049,0.0035559128600138,-0.0075069355221948,0.055287320779715,0.0
2376,2019-10-17,16.899999618530273,16.5697021484375,17.0,16.549999237060547,112618222.0,-0.0142236514400557,-0.0035281052084786,-0.0173844544979027,-0.0031608030578469,-0.0202805987717741,0.0
2377,2019-10-18,16.799999237060547,16.381183624267578,17.040000915527344,16.43000030517578,119679914.0,-0.0039510226621809,-0.0074483811990433,0.0015804392086681,-0.0047411669070257,0.0101220131758554,0.0
2378,2019-10-21,16.43000030517578,16.758216857910156,16.969999313354492,16.43000030517578,94595225.0,-0.0146186858827335,0.0148966116791081,-0.0027657686151691,0.0,-0.035955625446456,0.0
2379,2019-10-22,16.90999984741211,16.291885375976562,16.93000030517578,16.030000686645508,188353143.0,0.0189648183470815,-0.018424792247076,-0.0015803638491788,-0.0158040152892345,0.1343897300160882,0.0
2380,2019-10-23,16.31999969482422,16.321651458740234,16.670000076293945,16.229999542236328,96753459.0,-0.0233109508114295,0.0011760601893227,-0.0102726287778748,0.0079019699648725,-0.1312961834574761,0.0
2381,2019-10-24,16.5,16.738374710083008,17.0,16.440000534057617,110921477.0,0.0071118257200278,0.0164647672910275,0.0130383220335547,0.0082971551265289,0.0203080033611996,0.0
2382,2019-10-25,16.780000686645508,16.748294830322266,16.959999084472656,16.579999923706055,69143576.0,0.0110628483822088,0.0003919447036183,-0.001580439208668,0.0055313865113598,-0.0598831645987367,0.0
2383,2019-10-28,16.979999542236328,16.530012130737305,17.040000915527344,16.479999542236328,107013113.0,0.0079019699648726,-0.0086243660288767,0.0031608784173361,-0.0039510226621809,0.0542810352642884,0.0
2384,2019-10-29,16.690000534057617,16.778060913085938,16.93000030517578,16.559999465942383,78886473.0,-0.0114578828248865,0.0098004262181993,-0.004346132464348,0.0031608030578469,-0.0403158649049748,0.0
2385,2019-10-30,16.799999237060547,16.301807403564453,16.959999084472656,16.420000076293945,85431717.0,0.0043460571048586,-0.0188168123101836,0.0011852540470118,-0.0055313865113598,0.0093817524195601,0.0
2386,2019-10-31,16.420000076293945,16.133132934570312,16.469999313354492,16.239999771118164,86256930.0,-0.0150137956849005,-0.0066643410728282,-0.0193599281492485,-0.0071118257200278,0.0011828350569363,0.0
2387,2019-11-01,16.350000381469727,16.728452682495117,17.0,16.280000686645508,125465544.0,-0.0027656932556798,0.0235211284269633,0.0209403673579166,0.0015804392086681,0.0562004272510084,0.0
2388,2019-11-04,16.979999542236328,16.78798484802246,17.25,16.770000457763672,88982425.0,0.0248913146606083,0.0023521203786452,0.0098775189757078,0.0193599281492485,-0.0522937861371326,0.0
2389,2019-11-05,16.799999237060547,17.016189575195312,17.440000534057617,16.790000915527344,117248589.0,-0.0071118257200278,0.0090163860919842,0.0075069355221948,0.000790219604334,0.0405158543361689,0.0
2390,2019-11-06,17.059999465942383,16.82767105102539,17.260000228881836,16.8799991607666,86332536.0,0.0102726287778748,-0.0074483811990433,-0.0071118257200278,0.0035558375005246,-0.0443141241237148,0.0
2391,2019-11-07,16.93000030517578,16.758216857910156,17.06999969482422,16.75,71189699.0,-0.0051362767091928,-0.0027441404417528,-0.0075069355221948,-0.0051362767091928,-0.0217052790795507,0.0
2392,2019-11-08,16.979999542236328,16.520090103149414,17.020000457763672,16.639999389648438,84913924.0,0.0019754736513458,-0.0094084061550917,-0.0019754736513458,-0.004346132464348,0.0196718840581554,0.0
2393,2019-11-11,16.5,16.152978897094727,16.530000686645508,16.200000762939453,95351563.0,-0.0189648183470815,-0.0145045916160005,-0.0193599281492485,-0.0173843791384133,0.014960992278171,0.0
2394,2019-11-12,16.290000915527344,16.202587127685547,16.3700008392334,16.15999984741211,51626640.0,-0.0082970797670397,0.0019600249560484,-0.0063216061156938,-0.0015804392086681,-0.0626739663411067,0.0
2395,2019-11-13,16.290000915527344,16.202587127685547,16.459999084472656,16.059999465942383,65512065.0,0.0,0.0,0.0035558375005246,-0.0039510226621809,0.019902943204313,0.0
2396,2019-11-14,16.43000030517578,16.192665100097656,16.479999542236328,16.25,46889955.0,0.0055313865113598,-0.0003920200631074,0.0007902196043341,0.0075069355221949,-0.0266923625077713,0.0
2397,2019-11-15,16.389999389648438,16.212509155273438,16.549999237060547,16.239999771118164,56922798.0,-0.0015804392086681,0.000784040126215,0.0027656932556798,-0.000395109802167,0.0143807700813471,0.0
2398,2019-11-18,16.350000381469727,16.321651458740234,16.549999237060547,16.229999542236328,55791841.0,-0.0015803638491788,0.004312220694183,0.0,-0.000395109802167,-0.0016210791486411,0.0
2399,2019-11-19,16.450000762939453,16.281963348388672,16.479999542236328,16.309999465942383,56212040.0,0.0039510226621809,-0.0015680802524301,-0.0027656932556798,0.0031608030578469,0.0006023003855848,0.0
2400,2019-11-20,16.299999237060547,15.726332664489746,16.299999237060547,15.770000457763674,172438353.0,-0.005926571673016,-0.0219530104947885,-0.0071118257200278,-0.0213354018005943,0.1665952397197575,0.0
2401,2019-11-21,15.75,15.73625373840332,15.869999885559082,15.630000114440916,77256324.0,-0.0217305116027615,0.0003919823833629,-0.0169893070159911,-0.0055314241911045,-0.1364310071357758,0.0
2402,2019-11-22,15.890000343322752,15.468360900878904,15.920000076293944,15.550000190734863,77347354.0,0.0055314241911044,-0.0105844663444144,0.0019755113310904,-0.0031608030578468,0.0001304796158481,0.0
2403,2019-11-25,15.640000343322754,15.67672252655029,15.84000015258789,15.539999961853027,78325794.0,-0.0098775189757077,0.0082323836455137,-0.0031608030578468,-0.000395109802167,0.0014024659489232,0.0
2404,2019-11-26,15.890000343322752,15.498126983642578,15.890000343322752,15.489999771118162,81529753.0,0.0098775189757077,-0.007056323456191,0.0019755113310904,-0.0019755113310905,0.0045924567671459,0.0
2405,2019-11-27,15.640000343322754,15.349297523498535,15.640000343322754,15.390000343322754,47616998.0,-0.0098775189757077,-0.0058802632668685,-0.0098775189757077,-0.0039509849824362,-0.048609505050568,0.0
2406,2019-11-28,15.470000267028809,15.369141578674316,15.539999961853027,15.4399995803833,37801651.0,-0.0067167159178608,0.000784040126215,-0.0039510226621809,0.0019754736513458,-0.0140690179718391,0.0
2407,2019-11-29,15.539999961853027,15.17070198059082,15.550000190734863,15.18000030517578,65386691.0,0.0027656932556798,-0.0078403635824062,0.000395109802167,-0.0102725910981302,0.0395395520417059,0.0
2408,2019-12-02,15.35000038146973,15.240155220031738,15.43000030517578,15.229999542236326,55387738.0,-0.0075068978424501,0.0027441027620082,-0.0047412045867705,0.0019754736513458,-0.0143321931926171,0.0
2409,2019-12-03,15.300000190734862,15.329453468322754,15.460000038146973,15.210000038146973,45541805.00000001,-0.0019755113310906,0.0035281805679678,0.0011852917267565,-0.0007901819245893,-0.0141128590080945,0.0
2410,2019-12-04,15.34000015258789,15.190546035766602,15.409999847412108,15.210000038146973,52454527.0,0.0015804015289234,-0.0054882432037609,-0.0019755113310905,0.0,0.0099084841373746,0.0
2411,2019-12-05,15.35000038146973,15.309609413146974,15.479999542236328,15.300000190734862,55708446.0,0.0003951098021671,0.0047042030775459,0.0027656932556799,0.0035559128600138,0.0046640679020221,0.0
2412,2019-12-06,15.470000267028809,15.478283882141112,15.720000267028809,15.460000038146973,71261524.0,0.0047412045867702,0.006664341072828,0.0094824468532853,0.0063216061156938,0.0222933059727196,0.0
2413,2019-12-09,15.619999885559082,15.289765357971191,15.619999885559082,15.35000038146973,60599289.0,0.0059264963135268,-0.0074483811990432,-0.0039510226621809,-0.0043460947846032,-0.0152829213103696,0.0
2414,2019-12-10,15.359999656677246,15.210390090942385,15.380000114440918,15.25,55638388.0,-0.0102726287778748,-0.0031361228251156,-0.0094824091735408,-0.003951022662181,-0.0071108036552874,0.0
2415,2019-12-11,15.380000114440918,15.53781509399414,15.680000305175778,15.300000190734862,87150519.0,0.000790219604334,0.0129365867230596,0.0118530303067981,0.0019755113310904,0.0451685240847776,0.0
2416,2019-12-12,15.65999984741211,15.478283882141112,15.670000076293944,15.529999732971191,47899882.0,0.0110628107024642,-0.0023520826989007,-0.0003951098021669,0.0090872993713737,-0.056260661733012,0.0
2417,2019-12-13,15.850000381469728,15.994226455688477,16.1200008392334,15.770000457763674,105310381.0,0.0075069355221949,0.0203849302423584,0.0177795643000697,0.0094824468532854,0.0822904521055907,0.0
2418,2019-12-16,16.1200008392334,16.004146575927734,16.139999389648438,15.869999885559082,78795234.0,0.0106677385800417,0.0003919447036183,0.0007901442448448,0.0039509849824362,-0.0380060001616812,0.0
2419,2019-12-17,16.0,16.371261596679688,16.6299991607666,15.979999542236328,120310490.0,-0.0047412422665149,0.0145047423349791,0.0193599281492485,0.0043460947846033,0.0595066972945025,0.0
2420,2019-12-18,16.43000030517578,16.331571578979492,16.65999984741211,16.40999984741211,79709133.0,0.0169893446957356,-0.0015681556119194,0.001185329406501,0.0169893446957356,-0.0581967424395752,0.0
2421,2019-12-19,16.549999237060547,16.420869827270508,16.739999771118164,16.440000534057617,67553676.0,0.0047411669070257,0.0035281805679678,0.0031608030578469,0.001185329406501,-0.0174232600221793,0.0
2422,2019-12-20,16.549999237060547,16.46055793762207,16.68000030517578,16.440000534057617,64447837.99999999,0.0,0.0015680802524301,-0.0023705834535129,0.0,-0.0044518131289317,0.0
2423,2019-12-23,16.68000030517578,16.11328887939453,16.68000030517578,16.170000076293945,71579272.0,0.005136352068682,-0.0137206268492747,0.0,-0.0106677385800417,0.0102219792240646,0.0
2424,2019-12-24,16.229999542236328,16.27204132080078,16.5,16.229999542236328,45912842.00000001,-0.0177795643000697,0.0062723210097207,-0.0071118257200278,0.0023705834535128,-0.0367894751905308,0.0
2425,2019-12-25,16.450000762939453,16.172821044921875,16.559999465942383,16.239999771118164,41491798.0,0.008692264928696,-0.0039202006310754,0.0023705834535129,0.000395109802167,-0.0063369891548706,0.0
2426,2019-12-26,16.34000015258789,16.341493606567383,16.479999542236328,16.31999969482422,37203386.0,-0.004346132464348,0.006664265713339,-0.0031608030578469,0.0031608030578469,-0.0061468785055332,0.0
2427,2019-12-27,16.530000686645508,16.500246047973633,16.93000030517578,16.43000030517578,104257472.0,0.0075069355221949,0.0062723210097206,0.0177795643000696,0.004346132464348,0.0961132745504818,0.0
2428,2019-12-30,16.459999084472656,16.44071388244629,16.6299991607666,16.100000381469727,97697031.0,-0.0027657686151691,-0.0023521203786451,-0.0118530679865428,-0.0130383220335547,-0.0094035353342261,0.0
2429,2019-12-31,16.56999969482422,16.321651458740234,16.6299991607666,16.309999465942383,70444225.0,0.004346132464348,-0.0047041653978012,0.0,0.0082970797670396,-0.0390633379947795,0.0
2430,2020-01-02,16.649999618530273,16.738374710083008,16.950000762939453,16.549999237060547,153023187.0,0.0031608030578469,0.0164647672910275,0.0126432875908769,0.0094824091735408,0.1183661566395791,0.0
2431,2020-01-03,16.940000534057617,17.045955657958984,17.309999465942383,16.920000076293945,111619481.0,0.0114579581843758,0.0121525465968446,0.0142235760805664,0.0146187612422228,-0.0593468049387092,0.0
2432,2020-01-06,17.010000228881836,16.936813354492188,17.34000015258789,16.90999984741211,86208350.0,0.0027656932556798,-0.004312220694183,0.001185329406501,-0.000395109802167,-0.0364235374178578,0.0
2433,2020-01-07,17.1299991607666,17.016189575195312,17.280000686645508,16.950000762939453,72860756.0,0.0047411669070257,0.0031361605048604,-0.0023705834535128,0.0015804392086681,-0.0191320327102865,0.0
2434,2020-01-08,17.0,16.530012130737305,17.049999237060547,16.6299991607666,84782412.0,-0.0051362767091928,-0.0192089077327803,-0.009087374730863,-0.0126432875908769,0.0170881368247178,0.0
2435,2020-01-09,16.809999465942383,16.658998489379883,16.93000030517578,16.530000686645508,103163665.0,-0.0075069355221948,0.005096260820398,-0.0047411669070257,-0.0039509473026917,0.0263471254558725,0.0
2436,2020-01-10,16.790000915527344,16.559778213500977,16.809999465942383,16.520000457763672,58554844.99999999,-0.0007901442448448,-0.0039202006310754,-0.0047412422665149,-0.000395109802167,-0.0639409172475041,0.0
2437,2020-01-13,16.75,16.857437133789062,17.030000686645508,16.610000610351562,87213336.00000001,-0.0015804392086681,0.011760526533737,0.0086922649286959,0.0035559128600139,0.041078203850031,0.0
2438,2020-01-14,16.989999771118164,16.62923240661621,17.270000457763672,16.760000228881836,130449366.0,0.0094824091735408,-0.0090163860919841,0.0094824091735408,0.0059264963135268,0.0619732020784366,0.0
2439,2020-01-15,16.790000915527344,16.39110565185547,16.860000610351562,16.450000762939453,85943912.0,-0.0079019699648726,-0.0094084061550918,-0.0161991250914016,-0.0122481024292206,-0.0637927555868234,0.0
2440,2020-01-16,16.520000457763672,16.202587127685547,16.56999969482422,16.200000762939453,102810467.0,-0.0106677385800418,-0.0074483811990433,-0.0114579581843758,-0.0098775189757077,0.0241760037029779,0.0
2441,2020-01-17,16.3799991607666,16.26211929321289,16.549999237060547,16.350000381469727,60543669.0,-0.005531461870849,0.0023521203786452,-0.000790219604334,0.0059264963135268,-0.0605839345948844,0.0
2442,2020-01-20,16.43000030517578,16.321651458740234,16.610000610351562,16.350000381469727,74607475.0,0.0019755490108351,0.0023521203786452,0.0023706588130021,0.0,0.0201586290700124,0.0
2443,2020-01-21,16.34000015258789,15.875162124633786,16.34000015258789,15.93000030517578,89660309.99999999,-0.0035559128600139,-0.0176408274803503,-0.0106677385800418,-0.0165942348935687,0.0215762729674385,0.0
2444,2020-01-22,15.920000076293944,15.964460372924805,16.15999984741211,15.71000003814697,71946491.0,-0.0165942348935687,0.0035281805679679,-0.0071118257200278,-0.0086922272489513,-0.0253904459884001,0.0
2445,2020-01-23,15.920000076293944,15.42867374420166,15.920000076293944,15.390000343322754,109309307.0,0.0,-0.0211689703685734,-0.0094824091735408,-0.0126432122313876,0.0535547168920792,0.0
2446,2020-02-03,13.989999771118164,13.880845069885254,14.699999809265137,13.989999771118164,225919483.0,-0.0762544585499823,-0.0611548284068197,-0.0482023031517824,-0.0553141288718104,0.1671454571950769,0.0
2447,2020-02-04,14.050000190734863,14.486085891723633,14.65999984741211,14.020000457763672,170617207.0,0.0023706211332574,0.0239131108103262,-0.0015804015289234,0.001185329406501,-0.0792685897836937,0.0
2448,2020-02-05,14.590000152587892,14.515851020812988,14.890000343322752,14.319999694824222,149138021.0,0.0213354394803391,0.001176022509578,0.0090873370511183,0.0118529926270537,-0.0307876077997523,0.0
2449,2020-02-06,14.8100004196167,14.654759407043455,14.869999885559082,14.510000228881836,118581572.0,0.0086922272489513,0.0054882808835055,-0.000790219604334,0.0075069355221948,-0.043798678756501,0.0
2450,2020-02-07,14.600000381469728,14.505928993225098,14.6899995803833,14.409999847412111,92485296.0,-0.0082971174467842,-0.005880300946613,-0.0071118257200278,-0.0039510226621809,-0.0374056032906503,0.0
2451,2020-02-10,14.510000228881836,14.386865615844728,14.52999973297119,14.300000190734862,133949524.0,-0.0035559128600139,-0.0047042030775458,-0.0063216061156938,-0.0043460947846034,0.0594335553211146,0.0
2452,2020-02-11,14.600000381469728,14.674602508544922,14.9399995803833,14.5600004196167,140750744.0,0.0035559128600139,0.0113685064706294,0.0161991250914016,0.0102726287778748,0.0097486605833122,0.0
2453,2020-02-12,14.789999961853027,14.654759407043455,14.81999969482422,14.600000381469728,107050321.0,0.0075068978424501,-0.0007840024464705,-0.0047412045867702,0.0015804015289235,-0.0483051548606057,0.0
2454,2020-02-13,14.71000003814697,14.535695075988771,14.880000114440918,14.609999656677246,101320528.0,-0.0031608030578469,-0.0047042407572903,0.0023706211332574,0.0003950721224222,-0.0082129099146386,0.0
2455,2020-02-14,14.75,14.91273021697998,15.140000343322756,14.699999809265137,151243473.0,0.0015804015289234,0.0148966870385973,0.0102726287778748,0.0035559128600139,0.0715580213732777,0.0
2456,2020-02-17,15.039999961853026,15.250077247619627,15.369999885559084,14.93000030517578,154369601.0,0.0114579205046312,0.013328606786167,0.0090872993713737,0.0090873370511183,0.0044808961939164,0.0
2457,2020-02-18,15.329999923706056,15.081403732299805,15.329999923706056,15.010000228881836,97361235.0,0.0114579205046313,-0.0066643033930835,-0.0015804015289234,0.0031608030578469,-0.0817140469714605,0.0
2458,2020-02-19,15.100000381469728,15.121091842651364,15.369999885559084,15.079999923706056,87410693.0,-0.0090872993713737,0.0015680802524301,0.0015804015289234,0.0027656932556799,-0.0142628023469308,0.0
2459,2020-02-20,15.270000457763672,15.468360900878904,15.619999885559082,15.100000381469728,123544434.0,0.0067167159178608,0.0137206268492747,0.0098775189757077,0.000790219604334,0.0517929984053321,0.0
2460,2020-02-21,15.489999771118162,15.458438873291016,15.720000267028809,15.449999809265137,99507102.0,0.0086921895692066,-0.0003920200631074,0.0039510226621809,0.013828503958144,-0.0344543759790728,0.0
2461,2020-02-24,15.460000038146973,15.111169815063477,15.460000038146973,15.149999618530272,119179450.0,-0.0011852917267564,-0.0137206268492747,-0.0102726287778748,-0.0118530303067982,0.0281977415123758,0.0
2462,2020-02-25,15.000000000000002,14.922652244567873,15.130000114440918,14.779999732971191,114457502.0,-0.018174636422492,-0.0074483435192986,-0.0130383220335547,-0.014618723562478,-0.006768295738713,0.0
2463,2020-02-26,14.770000457763674,14.87304210662842,15.270000457763672,14.699999809265137,117659915.0,-0.0090872993713737,-0.0019601003155377,0.0055314241911044,-0.0031608030578469,0.0045902407780643,0.0
2464,2020-02-27,14.960000038146974,14.992105484008787,15.149999618530272,14.890000343322752,97527090.0,0.0075068978424502,0.0047042030775458,-0.004741242266515,0.0075069355221948,-0.0288577751503734,0.0
2465,2020-02-28,14.850000381469728,14.386865615844728,15.039999961853026,14.460000038146973,130064445.0,-0.0043460947846033,-0.0239130731305815,-0.0043460947846033,-0.0169893446957356,0.0466380487873847,0.0
2466,2020-03-02,14.550000190734863,14.674602508544922,14.949999809265137,14.460000038146973,111658066.0,-0.0118530303067982,0.0113685064706294,-0.0035559128600138,0.0,-0.026383140295242,0.0
2467,2020-03-03,14.960000038146974,14.605149269104004,14.989999771118164,14.63000011444092,115358432.0,0.0161991250914016,-0.0027441027620082,0.0015804015289234,0.0067167159178609,0.0053039913674353,0.0
2468,2020-03-04,14.680000305175778,14.575383186340334,14.779999732971191,14.510000228881836,86259523.0,-0.0110628107024643,-0.0011760601893225,-0.0082971174467842,-0.0047412045867704,-0.0417094855313736,0.0
2469,2020-03-05,14.800000190734863,15.269922256469728,15.640000343322754,14.729999542236328,268660234.0,0.0047412045867705,0.0274412913782942,0.0339786893914713,0.0086921895692066,0.2614475964156173,0.0
2470,2020-03-06,15.18000030517578,14.91273021697998,15.270000457763672,15.020000457763672,122853103.0,0.0150138333646451,-0.014112684592127,-0.0146187235624781,0.0114579581843758,-0.2089954788619603,0.0
2471,2020-03-09,14.71000003814697,14.347177505493162,14.729999542236328,14.420000076293944,165352254.0,-0.0185697462246591,-0.0223450305578961,-0.0213354771600836,-0.0237060606135965,0.0609169822734648,0.0
2472,2020-03-10,14.380000114440918,14.634915351867674,14.850000381469728,14.380000114440918,116029397.0,-0.0130383220335547,0.0113685441503741,0.004741242266515,-0.0015804015289234,-0.0706978736009488,0.0
2473,2020-03-11,14.770000457763674,14.575383186340334,14.880000114440918,14.619999885559082,80678164.0,0.0154089431668122,-0.0023521203786451,0.0011852917267564,0.0094824091735408,-0.0506713753883253,0.0
2474,2020-03-12,14.64999961853027,14.54561710357666,14.84000015258789,14.52999973297119,97354811.0,-0.0047412422665151,-0.0011760601893227,-0.0015804015289234,-0.0035559128600139,0.023903795388285,0.0
2475,2020-03-13,13.899999618530272,14.416631698608398,14.579999923706058,13.899999618530272,115376849.0,-0.0296325569271233,-0.0050962231406533,-0.0102726287778747,-0.024891352340353,0.0258322376693527,0.0
2476,2020-03-16,14.449999809265137,13.682405471801758,14.460000038146973,13.760000228881836,138266955.0,0.021730549282506,-0.0290093339509797,-0.0047412045867705,-0.0055313865113597,0.0328099773437763,0.0
2477,2020-03-17,13.749999999999998,13.285526275634766,13.970000267028809,13.130000114440918,116619706.0,-0.0276570455960328,-0.0156807271648125,-0.0193599281492485,-0.024891352340353,-0.0310285041600543,0.0
2478,2020-03-18,13.409999847412111,12.610832214355469,13.550000190734863,12.649999618530272,136820944.0,-0.0134334318357216,-0.0266572135723344,-0.0165942348935685,-0.0189648560268262,0.0289558362506593,0.0
2479,2020-03-19,12.68000030517578,12.134576797485352,12.739999771118164,11.90999984741211,187500413.0,-0.0288423373227894,-0.0188168876696728,-0.0320031780603808,-0.0292374471249562,0.0726423997199758,0.0
2480,2020-03-20,12.399999618530272,12.462002754211426,12.68000030517578,12.260000228881836,153801000.0,-0.0110628483822088,0.0129366244028043,-0.0023705834535129,0.0138285416378887,-0.0483037071575187,0.0
2481,2020-03-23,12.0,12.045279502868652,12.350000381469728,11.93000030517578,106224264.0,-0.0158040152892345,-0.0164647672910275,-0.0130383220335546,-0.0130383220335547,-0.0681950372030094,0.0
2482,2020-03-24,12.399999618530272,12.521533966064451,12.68000030517578,12.270000457763672,116881152.0,0.0158040152892345,0.0188168499899281,0.0130383220335546,0.0134334318357217,0.015275257084225,0.0
2483,2020-03-25,12.880000114440918,12.769583702087404,13.06999969482422,12.699999809265137,112533674.0,0.0189648560268262,0.009800463897944,0.0154089054870676,0.0169893070159911,-0.0062315419021024,0.0
2484,2020-03-26,12.779999732971191,12.938257217407228,13.340000152587889,12.720000267028809,106587143.0,-0.0039510226621809,0.0066643033930836,0.0106677385800417,0.000790219604334,-0.0085235755301466,0.0
2485,2020-03-27,13.25,13.04739856719971,13.380000114440918,13.079999923706056,64562774.00000001,0.0185697462246591,0.0043121830144383,0.0015804015289234,0.0142236137603112,-0.0602364442862998,0.0
2486,2020-03-30,12.850000381469728,12.83903694152832,13.03999996185303,12.760000228881836,64562573.0,-0.0158040152892345,-0.0082323836455139,-0.0134334318357216,-0.0126432122313877,-2.8810724800321097e-07,0.0
2487,2020-03-31,13.050000190734863,12.710052490234377,13.09000015258789,12.779999732971191,50201729.0,0.0079020076446172,-0.0050961854609087,0.0019755113310904,0.0007901819245894,-0.0205843942477814,0.0
2488,2020-04-01,12.859999656677244,12.789427757263184,13.130000114440918,12.81999969482422,51637175.0,-0.0075069355221949,0.0031361228251156,0.0015804015289234,0.0015804015289234,0.0020575243617576,0.0
2489,2020-04-02,12.749999999999998,12.848958969116213,12.970000267028809,12.65999984741211,50897735.0,-0.0043460947846033,0.0023520826989007,-0.0063216061156938,-0.0063216061156938,-0.0010598906639874,0.0
2490,2020-04-03,12.81999969482422,12.511611938476562,12.890000343322752,12.550000190734863,81807794.0,0.0027656932556799,-0.0133286067861673,-0.0031608030578469,-0.0043460947846034,0.0443055325075729,0.0
2491,2020-04-07,12.890000343322752,12.759661674499512,12.9399995803833,12.8100004196167,86115071.0,0.0027657309354244,0.0098004638979439,0.0019754736513458,0.0102726287778748,0.0061739190191329,0.0
2492,2020-04-08,12.880000114440918,12.680285453796388,12.920000076293944,12.720000267028809,51963813.99999999,-0.0003951098021669,-0.0031361605048603,-0.0007901819245894,-0.0035559128600139,-0.0489513665175462,0.0
2493,2020-04-09,12.880000114440918,12.650519371032717,12.890000343322752,12.720000267028809,40311077.0,0.0,-0.0011760601893225,-0.0011852917267564,0.0,-0.0167026765609117,0.0
2494,2020-04-10,12.760000228881836,12.700129508972168,12.979999542236328,12.649999618530272,65969236.00000001,-0.0047412045867704,0.0019601003155376,0.0035558751802693,-0.0027657309354245,0.036777619792281,0.0
2495,2020-04-13,12.670000076293944,12.48184585571289,12.71000003814697,12.470000267028809,44235065.0,-0.0035559128600139,-0.0086244037086213,-0.0106677009002972,-0.0071117880402831,-0.0311530954944359,0.0
2496,2020-04-14,12.649999618530272,12.749739646911618,12.859999656677244,12.56999969482422,67136959.0,-0.000790219604334,0.0105845040241589,0.0059264963135268,0.0039509849824364,0.0328268739021814,0.0
2497,2020-04-15,12.859999656677244,12.73981761932373,12.93000030517578,12.779999732971191,64347140.0,0.0082971174467843,-0.0003920200631074,0.0027657309354245,0.0082971174467842,-0.0039988411667135,0.0
2498,2020-04-16,12.789999961853027,12.571144104003906,12.789999961853027,12.539999961853027,77714992.0,-0.0027656932556798,-0.0066643033930836,-0.0055314241911044,-0.0094824091735408,0.0191610699074506,0.0
2499,2020-04-17,12.770000457763672,12.779505729675291,13.03999996185303,12.649999618530272,132403577.0,-0.0007901819245893,0.0082323836455137,0.0098775189757078,0.0043460947846032,0.0783889438875114,0.0
2500,2020-04-20,12.859999656677244,12.888647079467772,13.050000190734863,12.770000457763672,81254553.0,0.0035558751802692,0.0043121830144383,0.0003951098021669,0.0047412422665151,-0.0733154454853233,0.0
2501,2020-04-21,13.300000190734862,13.354980468750002,13.699999809265137,13.300000190734862,211248334.00000003,0.0173844544979027,0.0184248676065653,0.0256815342649424,0.0209403296781719,0.1863291069705761,0.0
2502,2020-04-22,13.369999885559084,13.156540870666506,13.420000076293944,13.159999847412108,101757974.0,0.0027656932556799,-0.0078403635824062,-0.0110628107024642,-0.0055314241911044,-0.1569401308566207,0.0
2503,2020-04-23,13.22999954223633,13.136696815490726,13.3100004196167,13.109999656677246,64209012.00000001,-0.0055314241911044,-0.000784040126215,-0.0043460947846033,-0.0019755113310904,-0.0538215328711155,0.0
2504,2020-04-24,13.170000076293942,13.11685276031494,13.279999732971191,13.109999656677246,55853461.0,-0.002370583453513,-0.0007840401262152,-0.001185329406501,0.0,-0.011976591065361,0.0
2505,2020-04-27,13.300000190734862,13.374823570251465,13.640000343322754,13.25,92251690.0,0.0051363143889374,0.0101924462813068,0.0142236514400557,0.0055314241911044,0.0521721074093577,0.0
2506,2020-04-28,13.449999809265137,13.404590606689451,13.560000419616696,13.270000457763672,76586617.0,0.0059264963135268,0.0011760978690672,-0.0031608030578469,0.000790219604334,-0.0224538361778928,0.0
2507,2020-04-29,13.479999542236328,13.880845069885254,14.100000381469728,13.449999809265137,108955039.0,0.0011852917267565,0.0188168499899282,0.0213354394803391,0.0071117880402832,0.0463959053957108,0.0
2508,2020-04-30,14.020000457763672,13.841156959533691,14.319999694824222,13.880000114440918,80464309.0,0.0213354771600836,-0.0015680802524301,0.0086921895692068,0.0169893446957357,-0.0408377403672857,0.0
2509,2020-05-06,13.760000228881836,13.662561416625977,13.890000343322752,13.609999656677246,99516417.0,-0.0102726287778748,-0.0070563234561912,-0.0169893070159912,-0.0106677385800418,0.0273087084800385,0.0
2510,2020-05-07,13.760000228881836,13.55341911315918,13.760000228881836,13.600000381469728,65346023.0,0.0,-0.0043122206941829,-0.0051363143889373,-0.0003950721224222,-0.0489787969076207,0.0
2511,2020-05-08,13.760000228881836,13.841156959533691,14.020000457763672,13.680000305175778,92672070.0,0.0,0.0113685441503741,0.0102726287778748,0.0031608030578467,0.039168319402495,0.0
2512,2020-05-11,13.920000076293944,13.861001014709473,14.130000114440918,13.899999618530272,60684029.0,0.0063216061156937,0.000784040126215,0.0043460947846033,0.0086921895692068,-0.0458506789126179,0.0
2513,2020-05-12,13.949999809265137,13.70224952697754,14.050000190734863,13.720000267028809,54950114.0,0.0011852917267565,-0.0062722833299759,-0.0031608030578469,-0.0071117880402832,-0.0082188182632766,0.0
2514,2020-05-13,13.749999999999998,13.543497085571287,13.779999732971191,13.52999973297119,63269779.0,-0.0079020076446173,-0.0062723210097208,-0.0106677385800417,-0.0075069355221949,0.0119251531713225,0.0
2515,2020-05-14,13.550000190734863,13.196228981018066,13.590000152587892,13.22000026702881,93362809.0,-0.0079020076446172,-0.01372058916953,-0.0075068978424502,-0.0122481024292205,0.0431344281457491,0.0
2516,2020-05-15,13.390000343322754,13.126773834228516,13.43000030517578,13.140000343322754,75679447.0,-0.0063216061156938,-0.0027441781214974,-0.0063216061156939,-0.0031608030578469,-0.0253467898567964,0.0
2517,2020-05-18,13.199999809265137,13.09700870513916,13.340000152587889,13.11999988555908,63242230.0,-0.0075069355221949,-0.001176022509578,-0.0035559128600138,-0.0007902196043341,-0.0178271261823615,0.0
2518,2020-05-19,13.409999847412111,13.255760192871094,13.449999809265137,13.270000457763672,59294564.0,0.0082971174467844,0.006272283329976,0.0043460947846033,0.0059265339932714,-0.0056584636183334,0.0
2519,2020-05-20,13.380000114440918,13.404590606689451,13.619999885559082,13.270000457763672,68268307.0,-0.0011852917267565,0.005880300946613,0.0067167159178609,0.0,0.0128626885571815,0.0
2520,2020-05-21,13.52000045776367,13.285526275634766,13.56999969482422,13.359999656677246,54772700.00000001,0.0055314241911044,-0.0047042407572904,-0.0019755113310904,0.0035558751802693,-0.0193441900142581,0.0
2521,2020-05-22,13.329999923706056,12.83903694152832,13.340000152587889,12.920000076293944,84458033.0,-0.0075069355221948,-0.0176408274803502,-0.0090872993713738,-0.0173844168181581,0.0425500477443161,0.0
2522,2020-05-25,12.970000267028809,12.83903694152832,12.979999542236328,12.760000228881836,40608278.0,-0.0142236137603112,0.0,-0.0142236514400557,-0.0063216061156937,-0.0628528967091783,0.0
2523,2020-05-26,13.020000457763672,12.948179244995115,13.06999969482422,12.9399995803833,39114840.0,0.0019755113310905,0.0043122206941829,0.0035559128600139,0.0071117880402832,-0.0021406483195986,0.0
2524,2020-05-27,13.050000190734863,12.898569107055664,13.189999580383304,12.960000038146974,47859093.99999999,0.0011852917267564,-0.0019601003155376,0.0047412045867704,0.0007902196043341,0.0125337460485427,0.0
2525,2020-05-28,12.869999885559082,12.968022346496582,13.18000030517578,12.8100004196167,95156631.0,-0.0071118257200278,0.0027441027620082,-0.0003950721224225,-0.0059264963135268,0.0677948419018428,0.0
2526,2020-05-29,13.010000228881836,12.868803977966309,13.03999996185303,12.920000076293944,42661740.0,0.0055314241911044,-0.0039201252715862,-0.0055314241911043,0.0043460947846032,-0.0752445700502221,0.0
2527,2020-06-01,13.100000381469728,13.216072082519531,13.390000343322754,13.079999923706056,87213402.0,0.0035559128600139,0.0137205891695302,0.0138285416378887,0.0063216061156939,0.0638589887197369,0.0
2528,2020-06-02,13.289999961853027,13.434355735778809,13.63000011444092,13.279999732971191,87237548.0,0.0075068978424502,0.0086244037086212,0.0094824091735408,0.0079020076446172,3.4610137364277094e-05,0.0
2529,2020-06-03,13.640000343322754,13.414512634277344,13.880000114440918,13.5,95202708.0,0.0138285416378887,-0.0007840024464704,0.0098775189757077,0.0086922272489513,0.0114170165546438,0.0
2530,2020-06-04,13.52999973297119,13.4442777633667,13.640000343322754,13.409999847412111,57804433.0,-0.004346132464348,0.001176022509578,-0.0094824091735408,-0.0035559128600138,-0.0536055427373869,0.0
2531,2020-06-05,13.600000381469728,13.454200744628904,13.619999885559082,13.43000030517578,37403090.0,0.0027657309354246,0.0003920577428521,-0.000790219604334,0.0007902196043338,-0.029242660633053,0.0
2532,2020-06-08,13.680000305175778,13.503808975219728,13.850000381469728,13.579999923706058,57836090.0,0.0031608030578467,0.0019600249560485,0.0090873370511184,0.005926496313527,0.0292880368079283,0.0
2533,2020-06-09,13.640000343322754,13.543497085571287,13.729999542236328,13.52999973297119,46947907.0,-0.0015804015289233,0.00156808025243,-0.004741242266515,-0.0019755113310906,-0.0156067882579875,0.0
2534,2020-06-10,13.71000003814697,13.354980468750002,13.71000003814697,13.399999618530272,56973820.0,0.0027656932556798,-0.0074483058395539,-0.0007901819245894,-0.0051363143889374,0.0143708368314534,0.0
2535,2020-06-11,13.380000114440918,12.99778938293457,13.390000343322754,13.000000000000002,133489337.0,-0.0130383220335547,-0.0141126469123823,-0.0126432122313876,-0.0158040152892344,0.1096750001602148,0.0
2536,2020-06-12,12.899999618530272,12.83903694152832,13.020000457763672,12.869999885559082,100104157.0,-0.0189648560268261,-0.0062723210097207,-0.0146187235624781,-0.0051363143889374,-0.0478532951930364,0.0
2537,2020-06-15,12.850000381469728,12.729895591735838,12.970000267028809,12.800000190734863,64990824.00000001,-0.0019754736513457,-0.0043121830144383,-0.0019755113310905,-0.0027656932556798,-0.0503303768097218,0.0
2538,2020-06-16,12.899999618530272,12.789427757263184,12.989999771118164,12.859999656677244,71805910.0,0.0019754736513457,0.0023521203786452,0.0007901819245894,0.0023705834535128,0.009768535683316,0.0
2539,2020-06-17,12.890000343322752,12.73981761932373,12.920000076293944,12.760000228881836,70559424.0,-0.0003950721224224,-0.0019601003155377,-0.0027656932556799,-0.0039509849824362,-0.0017866748812493,0.0
2540,2020-06-18,12.760000228881836,12.660442352294924,12.800000190734863,12.59000015258789,110722551.0,-0.0051363143889373,-0.0031361228251156,-0.0047412045867702,-0.0067167159178608,0.0575685969704645,0.0
2541,2020-06-19,12.729999542236328,12.700129508972168,12.84000015258789,12.609999656677246,146379360.0,-0.001185329406501,0.0015680425726855,0.0015804015289234,0.0007901819245894,0.0511093786739721,0.0
2542,2020-06-22,12.739999771118164,12.541378021240234,12.760000228881836,12.619999885559082,130838079.0,0.000395109802167,-0.006272283329976,-0.0031608030578469,0.000395109802167,-0.02227639651399,0.0
2543,2020-06-23,12.649999618530272,12.501690864562988,12.6899995803833,12.520000457763672,97851673.0,-0.003555912860014,-0.0015680425726855,-0.0027657309354245,-0.0039509849824363,-0.0472817047466974,0.0
2544,2020-06-24,12.640000343322754,12.700129508972168,12.880000114440918,12.600000381469728,150693948.0,-0.0003950721224223,0.0078403259026615,0.0075069355221949,0.0031608030578469,0.0757424996434529,0.0
2545,2020-06-29,12.920000076293944,12.690207481384276,12.970000267028809,12.71000003814697,101746506.0,0.0110628107024641,-0.0003920200631075,0.0035559128600138,0.0043460947846032,-0.0701597652302618,0.0
2546,2020-06-30,12.829999923706056,12.700129508972168,12.880000114440918,12.720000267028809,92894322.0,-0.0035559128600137,0.0003920200631075,-0.0035559128600138,0.000395109802167,-0.0126884496071333,0.0
2547,2020-07-01,12.789999961853027,13.017632484436035,13.149999618530272,12.739999771118164,166828281.0,-0.0015804015289235,0.0125445666599521,0.0106677009002971,0.0007901819245894,0.1059746739366646,0.0
2548,2020-07-02,13.079999923706056,13.325214385986328,13.489999771118162,12.970000267028809,255995361.0,0.0114579205046313,0.0121525842765891,0.0134334318357217,0.0090873370511183,0.1278093633384963,0.0
2549,2020-07-03,13.56999969482422,14.118971824645996,14.319999694824222,13.560000419616696,369319387.0,0.0193599281492485,0.0313614166498803,0.0327933599849704,0.0233109508114295,0.1624351903641478,0.0
2550,2020-07-06,14.600000381469728,15.55765914916992,15.680000305175778,14.590000152587892,469874518.00000006,0.0406954053093322,0.0568426453923813,0.0537337273428867,0.0406953676295877,0.1441326470882427,0.0
2551,2020-07-07,16.299999237060547,15.379063606262209,16.6299991607666,15.029999732971191,393268403.0,0.0671670838191194,-0.007056323456191,0.0375345268919962,0.017384416818158,-0.1098048605604853,0.0
2552,2020-07-08,15.229999542236326,15.637035369873049,16.0,15.229999542236326,261154518.0,-0.0422757691585111,0.0101924839610514,-0.0248913146606083,0.0079020076446172,-0.1893679991542317,0.0
2553,2020-07-09,15.65999984741211,15.388985633850098,15.65999984741211,15.3100004196167,221922138.0,0.0169893446957357,-0.0098004638979439,-0.0134334318357217,0.0031608407375915,-0.0562344927080034,0.0
2554,2020-07-10,15.35000038146973,14.75397872924805,15.479999542236328,14.760000228881836,213676176.0,-0.0122481024292205,-0.0250891709996488,-0.0071118257200278,-0.021730549282506,-0.0118195095469475,0.0
2555,2020-07-13,14.699999809265137,14.763900756835938,15.079999923706056,14.5,191724222.0,-0.0256815719446871,0.0003920200631074,-0.0158040152892345,-0.0102726287778748,-0.0314652589809597,0.0
2556,2020-07-14,14.899999618530272,14.55553913116455,15.189999580383304,14.550000190734863,194132827.00000003,0.0079020076446172,-0.0082323836455138,0.0043460947846033,0.0019755113310905,0.0034524206869163,0.0
2557,2020-07-15,14.779999732971191,14.15866088867188,14.859999656677244,14.229999542236326,201502683.00000003,-0.0047412045867702,-0.0156806894850677,-0.0130383220335548,-0.0126432499111324,0.0105637260214913,0.0
2558,2020-07-16,14.300000190734862,14.03959655761719,14.550000190734863,14.11999988555908,190730098.0,-0.0189648183470816,-0.0047042407572905,-0.0122481024292205,-0.0043460947846033,-0.0154410936228913,0.0
2559,2020-07-17,14.170000076293942,14.019752502441406,14.279999732971191,13.949999809265137,128379257.0,-0.0051363143889374,-0.0007840401262151,-0.0106677385800418,-0.0067167159178608,-0.0893717871195267,0.0
2560,2020-07-20,14.229999542236326,14.615070343017578,14.770000457763674,14.100000381469728,196500100.0,0.0023705834535129,0.023521053067474,0.0193599658289932,0.0059265339932714,0.09764233138409,0.0
2561,2020-07-21,14.680000305175778,14.376943588256836,14.680000305175778,14.399999618530272,124694173.0,0.0177795643000696,-0.0094084061550917,-0.0035559128600141,0.0118529926270535,-0.1029244180004609,0.0
2562,2020-07-22,14.489999771118162,14.277724266052248,14.64999961853027,14.270000457763672,129858859.0,-0.0075069355221948,-0.0039201629513307,-0.001185329406501,-0.0051362767091927,0.0074029028370475,0.0
2563,2020-07-23,14.239999771118164,13.900689125061032,14.289999961853027,13.8100004196167,201818333.0,-0.0098775189757077,-0.0148966870385974,-0.014223613760311,-0.018174636422492,0.1031445075706536,0.0
2564,2020-07-24,13.970000267028809,13.394667625427246,13.989999771118164,13.420000076293944,181050742.0,-0.0106677009002972,-0.0199929478589954,-0.0118530303067982,-0.0154089431668122,-0.0297676293065141,0.0
2565,2020-07-27,13.670000076293944,13.11685276031494,13.680000305175778,13.100000381469728,187066331.0,-0.0118530303067982,-0.010976486407522,-0.0122481024292208,-0.0126432122313876,0.008622561153691,0.0
2566,2020-07-28,13.340000152587889,13.22599411010742,13.43000030517578,13.18000030517578,119636699.0,-0.0130383220335547,0.0043121830144383,-0.0098775189757077,0.0031608030578468,-0.0966515706925593,0.0
2567,2020-07-29,13.35000038146973,13.434355735778809,13.63000011444092,13.210000038146973,150414025.0,0.0003951098021671,0.0082323836455138,0.0079020076446174,0.0011852917267565,0.0441152770879269,0.0
2568,2020-07-30,13.5,13.285526275634766,13.510000228881836,13.369999885559084,94402263.0,0.0059264963135267,-0.0058802632668685,-0.0047412045867704,0.0063216061156938,-0.0802855453008821,0.0
2569,2020-07-31,13.279999732971191,13.255760192871094,13.52999973297119,13.25,114978452.0,-0.0086922272489513,-0.0011760601893225,0.0007901819245893,-0.0047412045867704,0.0294932795379479,0.0
2570,2020-08-03,13.470000267028809,13.474043846130373,13.619999885559082,13.43000030517578,140905975.0,0.0075069355221949,0.0086244037086213,0.0035559128600139,0.0071118257200277,0.0371637179054671,0.0
2571,2020-08-04,13.65999984741211,13.93045425415039,14.149999618530272,13.479999542236328,244566325.0,0.0075068978424502,0.018032809863713,0.0209403296781719,0.0019754736513459,0.14858357296152,0.0
2572,2020-08-05,13.81999969482422,13.682405471801758,13.850000381469728,13.619999885559082,140568630.0,0.0063216061156938,-0.0098004262181993,-0.0118529926270535,0.0055314241911044,-0.1490671129594142,0.0
2573,2020-08-06,13.81999969482422,13.791546821594238,13.960000038146974,13.649999618530272,133078468.0,0.0,0.0043121830144383,0.0043460947846033,0.0011852917267564,-0.01073616895969,0.0
2574,2020-08-07,13.800000190734863,13.603029251098636,13.899999618530272,13.619999885559082,98244238.0,-0.0007901819245894,-0.0074483435192986,-0.0023706211332575,-0.0011852917267564,-0.049930319112017,0.0
2575,2020-08-10,13.670000076293944,13.841156959533691,14.020000457763672,13.619999885559082,157836835.0,-0.0051363143889374,0.0094084438348364,0.004741242266515,0.0,0.0854182045913983,0.0
2576,2020-08-11,13.970000267028809,14.029674530029297,14.65999984741211,13.970000267028809,258529348.0,0.0118530303067982,0.0074483435192986,0.0252864244627754,0.0138285416378887,0.1443295662421968,0.0
2577,2020-08-12,14.210000038146973,14.277724266052248,14.5,14.149999618530272,158573570.0,0.0094824091735408,0.0098004638979439,-0.0063216061156938,0.0071117880402832,-0.1432735528424175,0.0
2578,2020-08-13,14.399999618530272,14.06936264038086,14.460000038146973,14.140000343322754,83079420.0,0.0075068978424501,-0.0082323836455138,-0.0015804015289234,-0.0003950721224222,-0.1082110039633566,0.0
2579,2020-08-14,14.100000381469728,14.357100486755376,14.510000228881836,14.0600004196167,108575485.0,-0.0118529926270535,0.0113685441503742,0.0019755113310905,-0.0031608030578469,0.0365452792138861,0.0
2580,2020-08-17,14.600000381469728,15.071481704711916,15.35000038146973,14.550000190734863,326802780.0,0.0197550379514156,0.0282252561450199,0.0331884697871374,0.0193599281492485,0.3128003253782923,0.0
2581,2020-08-18,15.199999809265137,14.982184410095217,15.300000190734862,14.90999984741211,132810703.0,0.0237060229338518,-0.0035281428882232,-0.0019755113310906,0.0142236137603111,-0.2780623056635089,0.0
2582,2020-08-19,15.109999656677248,15.002028465270996,15.35000038146973,14.960000038146974,141169011.0,-0.0035559128600138,0.000784040126215,0.0019755113310906,0.0019755113310905,0.0119805428647776,0.0
2583,2020-08-20,15.010000228881836,14.476163864135744,15.140000343322756,14.52999973297119,132611771.0,-0.0039509849824364,-0.0207769503054658,-0.0082971174467844,-0.0169893446957357,-0.0122656859048733,0.0
2584,2020-08-21,14.71000003814697,14.347177505493162,14.71000003814697,14.319999694824222,121714207.0,-0.0118530303067982,-0.0050962608203981,-0.0169893446957357,-0.0082971174467841,-0.0156202346962636,0.0
2585,2020-08-24,14.5,14.337255477905272,14.71000003814697,14.409999847412111,91277308.0,-0.0082971174467842,-0.0003920200631075,0.0,0.0035559128600138,-0.0436273194455635,0.0
2586,2020-08-25,14.5600004196167,14.486085891723633,14.6899995803833,14.460000038146973,74832022.0,0.0023706211332574,0.0058803009466131,-0.000790219604334,0.0019755113310904,-0.0235721696121425,0.0
2587,2020-08-26,14.600000381469728,14.257880210876465,14.609999656677246,14.279999732971191,72543372.0,0.0015804015289235,-0.0090164237717288,-0.0031608030578469,-0.0071118257200278,-0.0032804808613745,0.0
2588,2020-08-27,14.399999618530272,14.327333450317385,14.449999809265137,14.109999656677246,61013877.00000001,-0.0079020453243621,0.0027441027620082,-0.0063216061156938,-0.0067167159178608,-0.016526025250175,0.0
2589,2020-08-28,14.260000228881834,15.011950492858888,15.18000030517578,14.260000228881834,241040002.0,-0.0055313865113597,0.0270492713151866,0.0288423750025339,0.0059265339932713,0.2580439375220827,0.0
2590,2020-08-31,15.300000190734862,14.962340354919434,15.680000305175778,14.989999771118164,178034453.99999997,0.0410904774317546,-0.0019601003155377,0.0197550379514155,0.0288423373227894,-0.0903102240947339,0.0
2591,2020-09-01,14.960000038146974,15.002028465270996,15.229999542236326,14.880000114440918,80092958.0,-0.0134334318357216,0.0015680802524301,-0.0177795643000696,-0.0043460947846033,-0.1403863426746718,0.0
2592,2020-09-02,15.010000228881836,15.220312118530272,15.529999732971191,15.010000228881836,166226210.0,0.0019755113310904,0.0086244037086212,0.0118530303067982,0.0051363143889373,0.1234607671395571,0.0
2593,2020-09-03,15.319999694824222,14.77382278442383,15.329999923706056,14.84000015258789,126792559.0,0.0122481024292208,-0.0176408274803501,-0.0079020076446172,-0.0067167159178608,-0.0565229883991093,0.0
2594,2020-09-04,14.729999542236328,14.843276977539062,15.0600004196167,14.600000381469728,90988999.0,-0.0233109508114296,0.0027441404417527,-0.0106677009002972,-0.0094824091735407,-0.0513197270657697,0.0
2595,2020-09-07,14.880000114440918,14.823431968688965,15.239999771118164,14.829999923706056,102373781.0,0.0059265339932714,-0.0007840778059596,0.0071117880402832,0.0090872993713737,0.0163185980652004,0.0
2596,2020-09-08,15.000000000000002,15.2798433303833,15.43000030517578,15.000000000000002,136946721.0,0.0047412045867704,0.0180328475434576,0.0075069355221948,0.0067167159178608,0.0495557940233103,0.0
2597,2020-09-09,15.260000228881834,15.140935897827148,15.550000190734863,15.130000114440918,99329847.0,0.0102726287778747,-0.0054882432037609,0.0047412045867705,0.0051363143889373,-0.0539188758533355,0.0
2598,2020-09-10,15.319999694824222,15.220312118530272,15.479999542236328,15.199999809265137,94833288.0,0.002370583453513,0.0031361605048603,-0.0027657309354245,0.0027656932556798,-0.0064452300445858,0.0
2599,2020-09-11,15.18000030517578,14.902809143066406,15.300000190734862,14.81999969482422,94405105.0,-0.0055313865113599,-0.012544566659952,-0.0071117880402833,-0.0150138333646451,-0.0006137444068188,0.0
2600,2020-09-14,15.010000228881836,15.180624008178713,15.300000190734862,14.920000076293944,66219211.99999999,-0.0067167159178608,0.010976486407522,0.0,0.0039510226621808,-0.0404007963416204,0.0
2601,2020-09-15,15.199999809265137,15.230234146118164,15.479999542236328,15.149999618530272,64889067.0,0.0075068978424502,0.0019601003155376,0.0071117880402833,0.0090872993713737,-0.0019065891313014,0.0
2602,2020-09-16,15.319999694824222,15.309609413146974,15.539999961853027,15.210000038146973,71576375.0,0.0047412045867705,0.0031361228251157,0.0023706211332574,0.0023706211332575,0.0095853826090125,0.0
2603,2020-09-17,15.539999961853027,15.418750762939451,15.720000267028809,15.399999618530272,97983103.0,0.0086922272489512,0.0043121830144382,0.0071118257200278,0.0075068978424501,0.0378505956854575,0.0
2604,2020-09-18,15.619999885559082,15.9545373916626,16.09000015258789,15.52000045776367,131177610.0,0.0031608030578469,0.0211689703685735,0.0146187235624781,0.004741242266515,0.0475799903507579,0.0
2605,2020-09-21,16.0,15.686644554138184,16.049999237060547,15.71000003814697,88890364.99999999,0.0150138333646452,-0.0105844663444144,-0.0015804392086681,0.0075068978424502,-0.0606132426988638,0.0
2606,2020-09-22,15.670000076293944,15.448516845703123,15.84000015258789,15.390000343322754,86273160.0,-0.0130383220335548,-0.0094084438348365,-0.0082970797670396,-0.0126432122313876,-0.0037514215423038,0.0
2607,2020-09-23,15.590000152587892,15.517971038818358,15.829999923706056,15.510000228881836,59463942.00000001,-0.0031608030578468,0.0027441404417528,-0.0003951098021669,0.0047412045867704,-0.038427512532461,0.0
2608,2020-09-24,15.590000152587892,15.021872520446776,15.609999656677246,15.11999988555908,104553645.0,0.0,-0.0196008901161433,-0.0086922272489514,-0.0154089431668122,0.064630200221336,0.0
2609,2020-09-25,15.199999809265137,15.061560630798342,15.3100004196167,15.109999656677248,60779133.0,-0.0154089431668122,0.0015680802524302,-0.0118529926270536,-0.0003951098021669,-0.062745045695938,0.0
2610,2020-09-28,15.189999580383304,15.180624008178713,15.369999885559084,14.979999542236328,60859711.0,-0.0003951098021669,0.0047042030775459,0.0023705834535129,-0.0051363143889374,0.0001154980389521,0.0
2611,2020-09-29,15.390000343322754,14.704368591308594,15.409999847412108,14.760000228881836,116554714.0,0.0079020453243618,-0.0188168876696729,0.0015804015289233,-0.0086921895692066,0.079831512645313,0.0
2612,2020-09-30,14.800000190734863,15.011950492858888,15.270000457763672,14.800000190734863,120908482.0,-0.0233109508114295,0.0121525842765892,-0.0055313865113597,0.0015804015289234,0.0062405577955846,0.0
2613,2020-10-09,15.300000190734862,15.05163860321045,15.550000190734863,15.130000114440918,89479293.0,0.0197550379514155,0.0015680802524301,0.0110628107024642,0.0130383220335547,-0.0450496375605803,0.0
2614,2020-10-12,15.22000026702881,15.775941848754885,16.049999237060547,15.210000038146973,158102381.0,-0.0031608030578468,0.0286172762081275,0.0197550002716708,0.0031608030578469,0.0983622339948959,0.0
2615,2020-10-13,15.899999618530272,15.944615364074709,16.110000610351562,15.779999732971191,90307948.0,0.0268668259916987,0.0066643033930835,0.0023706588130021,0.0225207312070955,-0.0971744652805087,0.0
2616,2020-10-14,16.040000915527344,15.88508415222168,16.1200008392334,15.800000190734863,64946935.99999999,0.005531461870849,-0.0023520826989006,0.000395109802167,0.000790219604334,-0.0363516983772482,0.0
2617,2020-10-15,16.200000762939453,16.41094970703125,16.920000076293945,16.149999618530273,159151532.0,0.0063216061156938,0.0207769879852105,0.0316080305784692,0.0138285039581441,0.1350299845898313,0.0
2618,2020-10-16,16.559999465942383,16.96657943725586,17.3700008392334,16.540000915527344,208464370.0,0.0142235760805665,0.0219529728150439,0.0177795643000696,0.0154089808465568,0.070683512673,0.0
2619,2020-10-19,17.299999237060547,17.33369255065918,18.100000381469727,17.299999237060547,200353352.0,0.0292374471249563,0.0145046669754898,0.0288423373227894,0.0300275913698011,-0.0116260849475735,0.0
2620,2020-10-20,17.479999542236328,17.33369255065918,17.600000381469727,17.25,93980995.0,0.0071118257200278,0.0,-0.0197550379514156,-0.0019754736513458,-0.1524708807890226,0.0
2621,2020-10-21,17.639999389648438,17.790103912353516,18.0,17.329999923706055,123666615.0,0.0063216061156937,0.0180328475434577,0.0158040152892345,0.0031608030578469,0.0425504591213319,0.0
2622,2020-10-22,17.940000534057617,17.413066864013672,18.5,17.309999465942383,187954105.00000003,0.0118530679865429,-0.0148967623980866,0.0197550379514156,-0.0007902196043341,0.0921477205211828,0.0
2623,2020-10-23,17.530000686645508,18.05799674987793,18.780000686645508,17.530000686645508,168288783.0,-0.0161991250914016,0.025481228742501,0.0110628483822088,0.008692264928696,-0.0281876706590204,0.0
2624,2020-10-26,18.200000762939453,17.571819305419922,18.290000915527344,17.450000762939453,116835340.0,0.0264717538692764,-0.0192089077327802,-0.0193599281492485,-0.0031608030578469,-0.0737517903625823,0.0
2625,2020-10-27,18.0,17.671039581298828,18.0,17.5,101914778.0,-0.007902045324362,0.0039202006310753,-0.0114579581843758,0.0019754736513458,-0.0213866768977133,0.0
2626,2020-10-28,17.760000228881836,17.532133102416992,17.899999618530273,17.290000915527344,118958586.0,-0.0094824091735407,-0.0054882055240162,-0.0039510226621809,-0.0082970797670397,0.0244300727280019,0.0
2627,2020-10-29,17.540000915527344,17.65119743347168,17.93000030517578,17.350000381469727,83238251.0,-0.0086921895692066,0.0047042407572904,0.001185329406501,0.0023705834535129,-0.0512004348980342,0.0
2628,2020-10-30,17.739999771118164,17.571819305419922,18.36000061035156,17.600000381469727,99628283.0,0.0079019699648726,-0.0031362358643495,0.0169893446957355,0.0098775189757077,0.0234929702196997,0.0
2629,2020-11-02,17.649999618530273,17.492443084716797,18.049999237060547,17.329999923706055,96845277.0,-0.0035559128600139,-0.0031361605048604,-0.0122481777887097,-0.0106677385800417,-0.0039890756210387,0.0
2630,2020-11-03,17.709999084472656,17.819868087768555,18.34000015258789,17.700000762939453,95786863.0,0.0023705834535129,0.0129365867230597,0.0114579581843758,0.0146187612422227,-0.001517098232762,0.0
2631,2020-11-04,18.350000381469727,18.177061080932617,18.479999542236328,17.959999084472656,124763640.0,0.0252864998222646,0.0141127222718715,0.0055313865113598,0.0102725534183856,0.0415344252606632,0.0
2632,2020-11-05,18.3700008392334,17.561899185180664,18.5,17.540000915527344,142946944.0,0.000790219604334,-0.0243050931936892,0.000790219604334,-0.0165941595340793,0.0260633914178902,0.0
2633,2020-11-06,17.709999084472656,17.502365112304688,17.75,17.219999313354492,84878153.0,-0.0260767194265986,-0.0023521957381344,-0.0296325569271234,-0.0126432875908769,-0.0832340277100719,0.0
2634,2020-11-09,17.670000076293945,17.7008056640625,18.0,17.540000915527344,95142432.0,-0.0015803638491789,0.0078404012621509,0.0098775189757077,0.0126432875908769,0.0147125033601941,0.0
2635,2020-11-10,18.0,17.968700408935547,18.5,17.93000030517578,102106281.0,0.0130383220335547,0.0105845417039036,0.0197550379514156,0.0154089054870675,0.0099817680143324,0.0
2636,2020-11-11,18.200000762939453,17.671039581298828,18.299999237060547,17.600000381469727,94013007.0,0.007902045324362,-0.0117606018932263,-0.0079020453243618,-0.0130383220335547,-0.0116006512410634,0.0
2637,2020-11-12,17.809999465942383,17.52220916748047,17.940000534057617,17.450000762939453,67725848.0,-0.0154089808465568,-0.005880300946613,-0.0142235760805665,-0.0059264963135268,-0.0376792091405014,0.0
2638,2020-11-13,17.420000076293945,17.045955657958984,17.469999313354492,16.690000534057617,128918923.0,-0.0154089054870676,-0.0188168123101836,-0.0185697839044037,-0.0300276667292903,0.0877122807708277,0.0
2639,2020-11-16,17.079999923706055,17.234474182128906,17.43000030517578,16.899999618530273,75985693.0,-0.0134334318357217,0.0074483811990433,-0.0015803638491788,0.0082970797670396,-0.0758728717565966,0.0
2640,2020-11-17,17.3799991607666,17.69088363647461,17.93000030517578,17.25,85293051.0,0.0118529926270536,0.0180327721839684,0.0197550379514155,0.0138285416378888,0.0133408820872395,0.0
2641,2020-11-18,17.780000686645508,18.315967559814453,18.5,17.75,137340072.0,0.0158040906487239,0.0246971132567966,0.0225207312070955,0.0197550379514155,0.0746026069001625,0.0
2642,2020-11-19,18.59000015258789,18.702926635742188,18.979999542236328,18.299999237060547,121174062.0,0.0320031403806362,0.0152887824611942,0.0189648183470815,0.0217305116027615,-0.0231718639415327,0.0
2643,2020-11-20,18.82999992370605,18.71284866333008,18.989999771118164,18.520000457763672,67391922.0,0.0094824091735407,0.0003920200631076,0.000395109802167,0.0086922649286959,-0.0770896733680398,0.0
2644,2020-11-23,18.850000381469727,19.4669189453125,19.6200008392334,18.799999237060547,116585826.0,0.0007902196043341,0.0297933740771946,0.0248913900200975,0.0110627730227196,0.0705130363176085,0.0
2645,2020-11-24,19.6200008392334,19.208946228027344,19.68000030517578,19.170000076293945,67854323.0,0.0304227765314574,-0.010192521640796,0.0023705834535129,0.0146187612422228,-0.0698502448768987,0.0
2646,2020-11-25,19.479999542236328,18.911285400390625,19.700000762939453,19.049999237060547,55258501.0,-0.0055314618708489,-0.0117606018932263,0.000790219604334,-0.004741242266515,-0.0180544657349441,0.0
2647,2020-11-26,19.049999237060547,19.34785461425781,19.61000061035156,19.030000686645508,63965789.0,-0.0169893446957357,0.0172488827767317,-0.0035559128600141,-0.0007901442448448,0.0124807601155597,0.0
2648,2020-11-27,20.0,19.546293258666992,20.0,19.3799991607666,75377374.0,0.0375346022514853,0.0078403259026618,0.0154089054870677,0.0138284662783995,0.016357016665042,0.0
2649,2020-11-30,19.89999961853028,19.585981369018555,20.8799991607666,19.59000015258789,158144128.0,-0.0039510226621808,0.0015680802524301,0.0347688336363162,0.0082971551265289,0.1186353319446363,0.0
2650,2020-12-01,19.700000762939453,19.89356231689453,20.51000022888184,19.39999961853028,126371975.0,-0.0079019699648728,0.0121525465968446,-0.0146186858827334,-0.0075069355221947,-0.0455412316610939,0.0
2651,2020-12-02,19.93000030517578,19.47683906555176,20.059999465942383,19.520000457763672,88938529.0,0.0090872993713737,-0.0164647672910274,-0.0177795643000698,0.0047412422665148,-0.0536559557723095,0.0
2652,2020-12-03,19.780000686645508,19.38754272460937,19.86000061035156,19.170000076293945,71445230.0,-0.0059264963135268,-0.0035281052084789,-0.0079019699648728,-0.0138285416378887,-0.0250743593698476,0.0
2653,2020-12-04,19.46999931335449,19.1494140625,19.46999931335449,18.96999931335449,89134784.0,-0.01224817778871,-0.0094084815145809,-0.0154089808465568,-0.0079020453243621,0.0253556652800781,0.0
2654,2020-12-07,19.309999465942383,18.7624568939209,19.38999938964844,18.68000030517578,87380661.00000001,-0.0063216061156937,-0.0152887071017049,-0.0031608030578467,-0.0114578828248864,-0.0025143062198225,0.0
2655,2020-12-08,18.920000076293945,18.56401634216309,19.030000686645508,18.530000686645508,71964751.0,-0.0154089054870675,-0.0078404012621506,-0.0142235760805666,-0.0059264963135268,-0.0220966935598155,0.0
2656,2020-12-09,18.790000915527344,18.56401634216309,19.049999237060547,18.68000030517578,67722115.0,-0.0051362767091928,0.0,0.0007901442448448,0.0059264963135268,-0.0060812645881976,0.0
2657,2020-12-10,18.729999542236328,18.50448608398437,18.8799991607666,18.450000762939453,60786654.99999999,-0.0023706588130021,-0.0023520450191563,-0.0067167159178608,-0.0090872993713737,-0.0099410760906335,0.0
2658,2020-12-11,18.709999084472656,18.3754997253418,18.799999237060547,18.21999931335449,88779387.0,-0.000790219604334,-0.0050962608203978,-0.0031608030578469,-0.0090873747308631,0.040123925276292,0.0
2659,2020-12-14,18.600000381469727,18.732690811157227,19.059999465942383,18.5,83599174.0,-0.0043460571048588,0.0141126469123822,0.0102726287778748,0.011062848382209,-0.0074251587636132,0.0
2660,2020-12-15,18.799999237060547,18.59378433227539,18.850000381469727,18.14999961853028,78885794.0,0.0079019699648726,-0.0054882055240164,-0.0082970797670397,-0.0138285416378886,-0.0067560146297535,0.0
2661,2020-12-16,18.799999237060547,18.861677169799805,19.100000381469727,18.57999992370605,68907042.0,0.0,0.0105844663444144,0.0098775189757078,0.0169893446957354,-0.0143032376975083,0.0
2662,2020-12-17,18.90999984741211,18.80214500427246,19.06999969482422,18.600000381469727,68614069.0,0.004346132464348,-0.0023521203786452,-0.001185329406501,0.0007902196043341,-0.0004199385311862,0.0
2663,2020-12-18,19.0,18.21674919128418,19.100000381469727,18.229999542236328,105875636.0,0.0035559128600138,-0.0231290330043665,0.001185329406501,-0.0146187612422228,0.0534095896744036,0.0
2664,2020-12-21,18.299999237060547,18.13737297058105,18.63999938964844,18.030000686645508,90687811.0,-0.0276570832757774,-0.0031361605048605,-0.0181746741022366,-0.0079019699648726,-0.0217697635018046,0.0
2665,2020-12-22,18.36000061035156,17.760337829589844,18.64999961853028,17.8799991607666,102873751.0,0.0023706588130019,-0.0148966870385972,0.0003951098021669,-0.005926571673016,0.0174669534213872,0.0
2666,2020-12-23,17.959999084472656,17.85955810546875,18.06999969482422,17.790000915527344,75008273.0,-0.0158040906487236,0.0039202006310754,-0.0229158410092625,-0.0035558375005246,-0.0399415232875504,0.0
2667,2020-12-24,18.14999961853028,18.11752891540528,18.489999771118164,18.049999237060547,63295012.00000001,0.007506935522195,0.010192446281307,0.0165942348935685,0.0102725534183855,-0.0167894298100558,0.0
2668,2020-12-25,18.26000022888184,17.899246215820312,18.26000022888184,17.799999237060547,57707733.0,0.004346132464348,-0.0086243660288768,-0.0090872993713735,-0.0098775189757077,-0.0080086347089593,0.0
2669,2020-12-28,18.020000457763672,18.702926635742188,18.86000061035156,17.959999084472656,127033706.0,-0.0094824091735409,0.0317534743927325,0.0237060606135962,0.0063216061156938,0.0993697278407208,0.0
2670,2020-12-29,18.8700008392334,19.02042961120605,19.299999237060547,18.700000762939453,96309223.0,0.0335835795893043,0.0125445666599519,0.0173843791384136,0.0292375224844455,-0.0440395335490906,0.0
2671,2020-12-30,19.0,19.050195693969727,19.200000762939453,18.71999931335449,97849778.0,0.0051362767091927,0.0011760601893228,-0.0039509473026917,0.0007901442448446,0.0022081843852903,0.0
2672,2020-12-31,19.209999084472656,19.18910217285156,19.57999992370605,19.020000457763672,92450343.0,0.0082970797670397,0.0054882055240161,0.0150137956849003,0.011853067986543,-0.0077393848686936,0.0
2673,2021-01-04,19.100000381469727,18.45487594604492,19.100000381469727,18.440000534057617,155421643.0,-0.0043460571048586,-0.0290093339509797,-0.0189648183470813,-0.0229158410092625,0.0902611340597612,0.0
2674,2021-01-05,18.39999961853028,18.02823066711425,18.479999542236328,17.799999237060547,182135210.0,-0.0276570832757774,-0.016856787354135,-0.0244962802179306,-0.0252864998222646,0.0382904093166476,0.0
2675,2021-01-06,18.07999992370605,19.407384872436523,19.559999465942383,18.0,193494512.0,-0.0126432122313879,0.0544904873339916,0.042670878960678,0.0079020453243618,0.0162820758130658,0.0
2676,2021-01-07,19.520000457763672,19.74473190307617,19.979999542236328,19.229999542236328,158418530.0,0.056894530400734,0.013328606786167,0.0165942348935687,0.0485973752742049,-0.0502768390295225,0.0
2677,2021-01-08,19.89999961853028,19.69512367248535,20.100000381469727,19.309999465942383,119547322.0,0.0150137956849006,-0.0019600249560483,0.004741242266515,0.0031608030578469,-0.0557167998175813,0.0
2678,2021-01-11,20.0,20.22098731994629,20.63999938964844,20.0,179045714.0,0.0039510226621808,0.0207769126257212,0.0213354018005945,0.0272619734736104,0.0852831740277272,0.0
2679,2021-01-12,20.38999938964844,20.836151123046875,21.0,20.18000030517578,128816550.0,0.0154089054870677,0.0243051685531784,0.0142236514400555,0.0071118257200278,-0.0719969463154441,0.0
2680,2021-01-13,21.0,20.53849220275879,21.01000022888184,20.39999961853028,104911973.0,0.0241011704157634,-0.011760526533737,0.0003951098021671,0.0086921895692069,-0.0342640890253001,0.0
2681,2021-01-14,20.68000030517578,20.01262664794922,20.88999938964844,19.950000762939453,113015562.0,-0.0126432122313876,-0.0207769879852105,-0.0047412422665149,-0.0177794889405805,0.0116154364463526,0.0
2682,2021-01-15,21.0,20.836151123046875,21.950000762939453,20.81999969482422,248068898.0,0.0126432122313876,0.0325375145189476,0.041880734715833,0.034373723834149,0.1935813182499642,0.0
2683,2021-01-18,21.200000762939453,22.52288627624512,22.780000686645508,21.200000762939453,215730178.0,0.007902045324362,0.0666430339308362,0.0327933599849703,0.0150138710443898,-0.0463533314579988,0.0
2684,2021-01-19,22.51000022888184,22.165695190429688,22.84000015258789,22.049999237060547,124208834.0,0.0517581783320519,-0.0141126469123824,0.0023705834535129,0.033583504229815,-0.1311838932992255,0.0
2685,2021-01-20,22.14999961853028,22.29467964172364,22.96999931335449,22.1200008392334,128079316.0,-0.0142236514400557,0.0050961854609089,0.0051362767091925,0.0027657686151691,0.0055478304351012,0.0
2686,2021-01-21,22.5,22.05655288696289,22.799999237060547,22.14999961853028,94477860.0,0.0138285416378886,-0.0094084061550918,-0.0067167159178607,0.0011852540470119,-0.048163298591885,0.0
2687,2021-01-22,22.229999542236328,21.85811424255371,22.229999542236328,21.51000022888184,92443442.0,-0.0106677385800418,-0.0078403259026617,-0.0225207312070955,-0.0252864244627754,-0.0029160724938438,0.0
2688,2021-01-25,21.71999931335449,22.31452369689941,22.600000381469727,21.43000030517578,102836527.0,-0.0201501477535827,0.0180327721839683,0.0146187612422228,-0.003160803057847,0.0148971299382336,0.0
2689,2021-01-26,22.299999237060547,22.19546127319336,23.31999969482422,22.299999237060547,112672055.0,0.0229158410092625,-0.004704165397801,0.0284472275206223,0.034373723834149,0.01409794479956,0.0
2690,2021-01-27,22.309999465942383,22.899921417236328,23.46999931335449,22.309999465942383,129415272.0,0.000395109802167,0.027833273761657,0.0059264963135267,0.000395109802167,0.0239992147887795,0.0
2691,2021-01-28,22.780000686645508,22.63202667236328,23.18000030517578,22.450000762939453,85747696.0,0.0185697839044037,-0.0105845417039036,-0.0114578828248865,0.005531461870849,-0.0625917669065242,0.0
2692,2021-01-29,22.809999465942383,22.90984344482422,23.540000915527344,22.709999084472656,124025841.0,0.0011852540470118,0.0109765617670112,0.0142236514400557,0.0102725534183855,0.0548667214652385,0.0
2693,2021-02-01,23.0,24.35845184326172,24.989999771118164,22.700000762939453,147523930.0,0.0075069355221948,0.0572346277757442,0.0572895648434117,-0.0003950344426777,0.0336814415674632,0.0
2694,2021-02-02,23.3799991607666,23.09836196899414,24.100000381469727,22.90999984741211,241616877.0,0.0150137956849005,-0.0497862465767009,-0.0351639434384832,0.0082970797670397,0.134869950330468,0.0
2695,2021-02-03,23.479999542236328,24.75533103942871,25.18000030517578,23.3799991607666,192327159.0,0.0039510226621809,0.0654669737415134,0.0426708789606781,0.0185697085449144,-0.070650373172633,0.0
2696,2021-02-04,24.18000030517578,24.40806198120117,25.239999771118164,24.040000915527344,125524750.0,0.0276570832757775,-0.0137206268492748,0.0023705834535129,0.0260767194265987,-0.0957525284417504,0.0
2697,2021-02-05,24.600000381469727,24.73548698425293,25.309999465942383,24.270000457763672,101557559.0,0.0165942348935687,0.0129365867230598,0.0027656932556798,0.0090872993713737,-0.0343538380164758,0.0
2698,2021-02-08,24.89999961853028,24.60650062561035,24.89999961853028,24.100000381469727,108426467.0,0.0118529926270537,-0.0050962608203981,-0.0161991250914015,-0.0067167159178609,0.0098456824907881,0.0
2699,2021-02-09,24.790000915527344,24.38821792602539,24.84000015258789,24.170000076293945,94209355.0,-0.0043460571048588,-0.0086243660288766,-0.0023705834535129,0.0027656932556799,-0.0203783731981813,0.0
2700,2021-02-10,24.600000381469727,23.63414764404297,24.959999084472656,23.3799991607666,191886710.0,-0.0075069355221949,-0.0297933740771948,0.0047411669070257,-0.0312129961357915,0.1400077310498257,0.0
2701,2021-02-18,24.0,24.110401153564453,24.549999237060547,23.479999542236328,150523081.0,-0.0237060606135965,0.0188168123101836,-0.0161991250914016,0.0039510226621809,-0.0592893597935444,0.0
2702,2021-02-19,23.959999084472656,23.66391372680664,24.190000534057617,23.56999969482422,92258314.0,-0.001580439208668,-0.0176407521208609,-0.0142235760805665,0.0035559128600139,-0.0835149337102418,0.0
2703,2021-02-22,23.799999237060547,22.205381393432617,23.799999237060547,22.26000022888184,195684248.00000003,-0.0063216061156938,-0.0576267231983411,-0.0154089808465568,-0.0517581783320517,0.1482475682418819,0.0
2704,2021-02-23,22.3799991607666,21.758893966674805,22.68000030517578,21.81999969482422,187046013.0,-0.0561043107963998,-0.0176407521208609,-0.0442512428098569,-0.0173844544979028,-0.0123817816588624,0.0
2705,2021-02-24,22.270000457763672,21.987098693847656,22.280000686645508,21.559999465942383,142849985.0,-0.0043460571048586,0.0090163860919841,-0.0158040152892345,-0.0102726287778748,-0.0633492338290135,0.0
2706,2021-02-25,22.39999961853028,21.91764640808105,22.559999465942383,21.68000030517578,159340347.0,0.0051362767091929,-0.0027440650822636,0.0110627730227195,0.004741242266515,0.0236367801709031,0.0
2707,2021-02-26,21.600000381469727,21.213184356689453,21.959999084472656,21.209999084472656,112497730.0,-0.0316080305784693,-0.0278333491211462,-0.0237060606135964,-0.0185697839044037,-0.0671427734975623,0.0
2708,2021-03-01,21.540000915527344,21.28264045715332,21.68000030517578,21.18000030517578,112538653.0,-0.0023705834535129,0.002744215801242,-0.0110627730227196,-0.0011852540470118,5.86577756712392e-05,0.0
2709,2021-03-02,21.6200008392334,21.4810791015625,22.14999961853028,21.26000022888184,147342505.0,0.0031608030578469,0.0078403259026615,0.0185697085449146,0.0031608030578471,0.0498867762165953,0.0
2710,2021-03-03,21.57999992370605,22.830467224121094,23.07999992370605,21.459999084472656,191963527.0,-0.0015804392086682,0.0533144271446689,0.0367443826471509,0.0079019699648724,0.0639584072208379,0.0
2711,2021-03-04,22.770000457763672,22.74116897583008,23.489999771118164,22.64999961853028,121357937.0,0.0470170114250262,-0.0035281805679677,0.0161991250914017,0.0470170114250262,-0.1012038916833309,0.0
2712,2021-03-05,22.700000762939453,22.165695190429688,22.979999542236328,21.86000061035156,88017141.0,-0.0027656932556798,-0.0227370129412591,-0.0201501477535825,-0.0312129207763024,-0.0477896765258959,0.0
2713,2021-03-08,22.440000534057617,21.431468963623047,22.690000534057617,21.479999542236328,99377397.0,-0.0102726287778748,-0.0290093339509797,-0.0114578828248865,-0.0150138710443896,0.0162834432474668,0.0
2714,2021-03-09,21.68000030517578,20.68732070922852,21.920000076293945,20.57999992370605,136189533.0,-0.0300276667292903,-0.029401354014087,-0.0304227765314575,-0.0355590532406504,0.0527653890347215,0.0
2715,2021-03-10,20.84000015258789,20.24083137512207,20.90999984741211,20.280000686645508,114941657.0,-0.0331884697871373,-0.0176408274803503,-0.0399051857049981,-0.0118529926270534,-0.0304560551254489,0.0
2716,2021-03-11,20.57999992370605,21.10404396057129,21.3799991607666,20.559999465942383,104865939.0,-0.010272628777875,0.0341055947713777,0.0185697085449144,0.0110627730227195,-0.0144422257940736,0.0
2717,2021-03-12,21.3700008392334,21.31240463256836,21.700000762939453,21.200000762939453,69720060.0,0.0312129961357916,0.0082323459657691,0.0126432875908769,0.0252864998222647,-0.0503770272499876,0.0
2718,2021-03-15,21.39999961853028,21.431468963623047,22.1200008392334,21.11000061035156,95874870.0,0.0011852540470119,0.0047042407572904,0.0165942348935687,-0.0035559128600141,0.0374895041347023,0.0
2719,2021-03-16,21.600000381469727,21.49100112915039,22.11000061035156,21.270000457763672,93968432.0,0.0079020453243617,0.0023521203786452,-0.0003951098021671,0.0063216061156939,-0.002732629878923,0.0
2720,2021-03-17,21.450000762939453,21.03458976745605,21.549999237060547,20.89999961853028,82148865.0,-0.0059264963135268,-0.0180328475434579,-0.0221256967644175,-0.0146187612422227,-0.016941805576752,0.0
2721,2021-03-18,21.299999237060547,21.560453414916992,21.729999542236328,21.0,69161019.0,-0.0059265716730161,0.0207769126257214,0.0071118257200278,0.0039510226621808,-0.0186163809378801,0.0
2722,2021-03-19,21.530000686645508,20.310285568237305,21.64999961853028,20.3700008392334,152562227.0,0.009087374730863,-0.0493942265135934,-0.0031608030578468,-0.0248913146606083,0.1195447388895263,0.0
2723,2021-03-22,20.549999237060547,21.3818588256836,21.549999237060547,20.530000686645508,145119008.0,-0.0387199316579863,0.0423379407371471,-0.003951022662181,0.0063216061156938,-0.0106688823002727,0.0
2724,2021-03-23,21.56999969482422,21.064355850219727,21.64999961853028,20.959999084472656,68290338.0,0.0403002955071651,-0.0125445666599522,0.003951022662181,0.0169892693362464,-0.1101238640857526,0.0
2725,2021-03-24,21.209999084472656,20.36981773376465,21.280000686645508,20.450000762939453,85008507.0,-0.0142236514400557,-0.0274412536985495,-0.0146186858827336,-0.0201500723940933,0.0239633117522227,0.0
2726,2021-03-25,20.57999992370605,20.58810043334961,20.82999992370605,20.39999961853028,49266574.0,-0.0248913146606085,0.0086243660288767,-0.0177795643000698,-0.0019755490108349,-0.051231392810185,0.0
2727,2021-03-26,20.84000015258789,20.97505760192871,21.39999961853028,20.76000022888184,82210806.0,0.010272628777875,0.0152887071017049,0.0225207312070957,0.0142236514400557,0.0472212538259155,0.0
2728,2021-03-29,21.280000686645508,21.32232666015625,21.64999961853028,21.200000762939453,78566668.0,0.0173844544979027,0.0137206268492747,0.0098775189757077,0.0173844544979026,-0.0052233958732036,0.0
2729,2021-03-30,21.3799991607666,21.758893966674805,21.93000030517578,21.209999084472656,73865481.0,0.0039509473026916,0.0172488074172426,0.0110628483822087,0.0003950344426777,-0.0067385375567442,0.0
2730,2021-03-31,21.770000457763672,21.83827018737793,22.06999969482422,21.600000381469727,77702807.0,0.0154089808465568,0.0031361605048603,0.0055313865113598,0.0154089808465568,0.0055003056395057,0.0
2731,2021-04-01,22.07999992370605,21.61006546020508,22.11000061035156,21.5,54444898.0,0.0122481024292205,-0.009016386091984,0.0015804392086679,-0.0039510226621809,-0.0333371749066436,0.0
2732,2021-04-02,21.700000762939453,21.33224868774414,21.729999542236328,21.36000061035156,58108352.0,-0.0150137956849004,-0.0109765617670114,-0.0150138710443896,-0.0055313865113599,0.0052510828363995,0.0
2733,2021-04-06,21.549999237060547,21.51084518432617,22.09000015258789,21.51000022888184,40110282.0,-0.005926571673016,0.0070563611359356,0.0142236514400557,0.0059264963135271,-0.0257978826717404,0.0
2734,2021-04-07,21.8799991607666,21.47115707397461,21.93000030517578,21.309999465942383,51760459.00000001,0.0130383220335547,-0.00156808025243,-0.0063216061156938,-0.0079020453243621,0.0166990071352655,0.0
2735,2021-04-08,21.459999084472656,21.391780853271484,21.729999542236328,21.32999992370605,38302950.0,-0.0165942348935687,-0.0031361605048603,-0.0079020453243618,0.0007902196043338,-0.0192895815071221,0.0
2736,2021-04-09,21.709999084472656,21.133808135986328,21.71999931335449,21.07999992370605,39896028.0,0.0098775189757077,-0.010192521640796,-0.0003951098021671,-0.0098775189757077,0.0022834692459208,0.0
2737,2021-04-12,21.51000022888184,20.53849220275879,21.51000022888184,20.6299991607666,59474314.0,-0.0079019699648724,-0.0235209777079848,-0.0082970797670394,-0.0177795643000695,0.028062915920528,0.0
2738,2021-04-13,20.71999931335449,20.61786842346192,20.8799991607666,20.59000015258789,49990418.0,-0.0312129961357917,0.0031361605048605,-0.0248913900200977,-0.0015803638491789,-0.0135939262531475,0.0
2739,2021-04-14,20.790000915527344,20.57817840576172,20.940000534057617,20.420000076293945,52821049.0,0.0027657686151693,-0.0015681556119195,0.0023706588130021,-0.0067167159178608,0.0040573398383821,0.0
2740,2021-04-15,20.76000022888184,20.17137718200684,20.770000457763672,20.07999992370605,72705005.0,-0.0011853294065009,-0.0160727472279198,-0.0067167159178609,-0.0134334318357218,0.0285010539428976,0.0
2741,2021-04-16,20.36000061035156,20.101924896240234,20.43000030517578,19.809999465942383,72999826.0,-0.0158040152892349,-0.0027440650822637,-0.0134334318357216,-0.0106677385800416,0.0004225873978246,0.0
2742,2021-04-19,20.030000686645508,20.9849796295166,21.239999771118164,19.90999984741211,111228262.0,-0.0130383220335545,0.0348895595381036,0.0320031403806362,0.0039510226621809,0.0547954701060801,0.0
2743,2021-04-20,21.07999992370605,21.520767211914062,21.950000762939453,20.920000076293945,83477272.0,0.0414855495541769,0.021169008048318,0.0280521930779444,0.0399051857049981,-0.0397774196924804,0.0
2744,2021-04-21,22.299999237060547,22.830467224121094,23.190000534057617,22.290000915527344,159709965.0,0.0482022654720379,0.0517463468922387,0.0489924850763719,0.054128837145054,0.1092696088949985,0.0
2745,2021-04-22,23.190000534057617,22.800701141357425,23.229999542236328,22.780000686645508,82969388.0,0.0351640187979724,-0.0011760601893224,0.0015803638491788,0.0193599281492485,-0.1099975942758118,0.0
2746,2021-04-23,23.31999969482422,23.10828399658203,23.64999961853028,23.06999969482422,82323015.0,0.0051362767091928,0.0121526219563337,0.0165942348935688,0.0114578828248865,-0.0009264912746856,0.0
2747,2021-04-26,23.8700008392334,22.76101493835449,24.229999542236328,22.89999961853028,87241767.0,0.0217305869622507,-0.0137206268492749,0.0229158410092623,-0.0067167159178607,0.0070503885687403,0.0
2748,2021-04-27,22.950000762939453,22.76101493835449,23.190000534057617,22.86000061035156,47043140.0,-0.0363492728449843,0.0,-0.0410904397520099,-0.001580363849179,-0.0576194815839173,0.0
2749,2021-04-28,23.290000915527344,23.167814254760746,23.450000762939453,22.780000686645508,59383793.0,0.0134334318357217,0.016072671868431,0.0102726287778748,-0.0031608030578468,0.0176887143002922,0.0
2750,2021-04-29,23.34000015258789,23.40594291687012,23.709999084472656,23.11000061035156,61483687.99999999,0.0019754736513458,0.009408481514581,0.0102725534183855,0.0130383220335545,0.0030099252215917,0.0
2751,2021-04-30,23.350000381469727,23.10828399658203,23.489999771118164,23.01000022888184,56198132.0,0.000395109802167,-0.0117605265337371,-0.0086921895692066,-0.0039510226621807,-0.0075761541955839,0.0
2752,2021-05-06,23.100000381469727,23.3166446685791,23.700000762939453,23.100000381469727,50029522.0,-0.0098775189757078,0.0082323459657691,0.0082971551265289,0.0035559128600137,-0.0088418967715829,0.0
2753,2021-05-07,23.670000076293945,23.86235237121582,24.299999237060547,23.38999938964844,80221421.0,0.0225207312070955,0.0215609527519363,0.0237059852541072,0.0114578828248868,0.0432761439442693,0.0
2754,2021-05-10,24.0,23.67383575439453,24.040000915527344,23.020000457763672,66143890.00000001,0.0130383220335547,-0.0074483058395541,-0.0102725534183855,-0.0146186858827336,-0.0201783020649318,0.0
2755,2021-05-11,23.6200008392334,23.346410751342773,23.75,23.059999465942383,49722345.0,-0.0150137956849005,-0.0129365867230596,-0.0114579581843758,0.0015803638491788,-0.0235381399893824,0.0
2756,2021-05-12,23.290000915527344,23.36625289916992,23.63999938964844,22.8799991607666,53326526.0,-0.0130383220335547,0.0007839647667257,-0.0043461324643478,-0.0071118257200278,0.005166122732366,0.0
2757,2021-05-13,23.520000457763672,22.88999938964844,23.59000015258789,22.84000015258789,54965250.0,0.0090872993713737,-0.0188168123101832,-0.0019754736513459,-0.0015803638491788,0.0023488968252354,0.0
2758,2021-05-14,23.13999938964844,23.31999969482422,23.43000030517578,22.600000381469727,56378536.0,-0.0150138710443896,0.0169893446957355,-0.0063216061156937,-0.0094824091735408,0.0020257608960079,0.0
2759,2021-05-17,23.14999961853028,23.600000381469727,23.81999969482422,22.950000762939453,52756465.0,0.000395109802167,0.0110628483822088,0.0154089054870675,0.0138285416378887,-0.0051917657108075,0.0
2760,2021-05-18,23.850000381469727,23.89999961853028,24.11000061035156,23.39999961853028,39541498.0,0.0276570832757773,0.0118529926270537,0.0114579581843757,0.0177794889405806,-0.0189419292277961,0.0
2761,2021-05-19,23.81999969482422,23.600000381469727,24.1299991607666,23.520000457763672,42942033.0,-0.001185329406501,-0.0118529926270537,0.0007901442448449,0.0047412422665148,0.0048742227889516,0.0
2762,2021-05-20,23.40999984741211,23.81999969482422,23.84000015258789,23.270000457763672,40578837.0,-0.0161991250914016,0.0086921895692066,-0.0114578828248865,-0.0098775189757077,-0.0033873328161478,0.0
2763,2021-05-21,23.8799991607666,23.489999771118164,24.09000015258789,23.030000686645508,53933574.0,0.0185697085449145,-0.0130383220335547,0.0098775189757077,-0.0094824091735408,0.0191422712678609,0.0
2764,2021-05-24,23.479999542236328,23.479999542236328,23.600000381469727,23.190000534057617,34393563.0,-0.0158040152892346,-0.000395109802167,-0.0193599281492485,0.0063216061156938,-0.0280080537070095,0.0
2765,2021-05-25,23.540000915527344,24.600000381469727,24.729999542236328,23.450000762939453,97237462.0,0.0023706588130021,0.0442513181693462,0.0446463526120239,0.0102726287778748,0.0900785213657188,0.0
2766,2021-05-26,24.63999938964844,25.01000022888184,25.1200008392334,24.5,91926378.0,0.043461023205523,0.0161991250914017,0.0154089808465568,0.041485549554177,-0.0076127452494493,0.0
2767,2021-05-27,24.90999984741211,24.790000915527344,25.15999984741211,24.520000457763672,50409135.99999999,0.0106677385800417,-0.0086921895692068,0.0015803638491788,0.000790219604334,-0.0595095439661171,0.0
2768,2021-05-28,24.68000030517578,24.5,24.709999084472656,24.15999984741211,49240073.0,-0.0090872993713737,-0.0114579581843758,-0.0177795643000697,-0.0142236514400557,-0.0016756991227322,0.0
2769,2021-05-31,24.32999992370605,24.200000762939453,24.530000686645508,23.90999984741211,51535081.0,-0.0138285416378889,-0.0118529926270536,-0.0071117503605385,-0.0098775189757077,0.0032895942239754,0.0
2770,2021-06-01,24.200000762939453,23.920000076293945,24.25,23.5,62501796.0,-0.0051362767091925,-0.0110628483822089,-0.0110628483822088,-0.0161991250914016,0.0157193536231615,0.0
2771,2021-06-02,23.88999938964844,23.88999938964844,23.920000076293945,23.3799991607666,49752702.0,-0.0122481777887097,-0.0011853294065008,-0.0130383220335548,-0.004741242266515,-0.0182741611285537,0.0
2772,2021-06-03,23.71999931335449,23.770000457763672,24.13999938964844,23.68000030517578,40090085.0,-0.0067167159178611,-0.0047411669070259,0.0086921895692069,0.0118530679865429,-0.0138500994644405,0.0
2773,2021-06-04,23.989999771118164,24.540000915527344,24.959999084472656,23.799999237060547,75673942.0,0.0106677385800419,0.0304227765314574,0.0323982501828031,0.0047411669070257,0.0510048115100112,0.0
2774,2021-06-07,24.479999542236328,24.299999237060547,24.479999542236328,23.93000030517578,44791410.0,0.0193599281492484,-0.00948248453303,-0.0189648183470816,0.005136352068682,-0.0442660761482908,0.0
2775,2021-06-08,24.14999961853028,24.530000686645508,24.56999969482422,23.950000762939453,57007792.0,-0.0130383220335544,0.009087374730863,0.0035559128600139,0.000790219604334,0.0175105880524501,0.0
2776,2021-06-09,24.43000030517578,24.64999961853028,24.8799991607666,24.18000030517578,45383150.0,0.0110628483822087,0.0047411669070258,0.0122481024292206,0.0090872993713737,-0.0166624060478143,0.0
2777,2021-06-10,24.65999984741211,24.200000762939453,25.059999465942383,24.14999961853028,53021515.99999999,0.0090872993713736,-0.0177794889405805,0.0071118257200278,-0.0011853294065008,0.0109486000372157,0.0
2778,2021-06-11,24.309999465942383,23.3700008392334,24.350000381469727,23.1200008392334,83466504.0,-0.0138285416378887,-0.0327933599849703,-0.0280521177184552,-0.0406953299498431,0.0436389139705837,0.0
2779,2021-06-15,23.350000381469727,23.21999931335449,23.43000030517578,22.799999237060547,66062259.0,-0.037929636694163,-0.0059265716730162,-0.0363492728449842,-0.0126432875908769,-0.0249467120919201,0.0
2780,2021-06-16,23.21999931335449,23.26000022888184,23.39999961853028,23.01000022888184,37820804.0,-0.0051363520686822,0.0015804392086683,-0.0011853294065009,0.008297155126529,-0.0404804372118364,0.0
2781,2021-06-17,23.020000457763672,23.100000381469727,23.690000534057617,23.020000457763672,45328209.0,-0.0079019699648724,-0.0063216061156939,0.0114579581843756,0.0003951098021669,0.0107608845481341,0.0
2782,2021-06-18,23.1299991607666,22.64999961853028,23.280000686645508,22.38999938964844,69409930.0,0.0043460571048586,-0.0177795643000695,-0.0161991250914015,-0.0248913900200975,0.0345180018130603,0.0
2783,2021-06-21,22.600000381469727,22.15999984741211,22.670000076293945,22.01000022888184,71827274.0,-0.0209402919984273,-0.0193599281492486,-0.0241011704157636,-0.0150137956849005,0.003464946902042,0.0
2784,2021-06-22,22.3799991607666,22.96999931335449,23.09000015258789,22.25,75775141.0,-0.008692264928696,0.0320031403806361,0.0165942348935687,0.0094824091735407,0.0056587517255814,0.0
2785,2021-06-23,22.850000381469727,23.13999938964844,23.40999984741211,22.71999931335449,44790778.0,0.0185697839044037,0.0067167159178611,0.0126432122313876,0.0185697085449143,-0.0444120375869531,0.0
2786,2021-06-24,23.030000686645508,23.07999992370605,23.1200008392334,22.68000030517578,39028349.0,0.0071118257200278,-0.0023705834535131,-0.0114578828248865,-0.0015803638491787,-0.0082596893581497,0.0
2787,2021-06-25,23.07999992370605,23.36000061035156,23.600000381469727,23.059999465942383,55997295.0,0.0019754736513457,0.0110628483822088,0.0189648183470815,0.0150137956849005,0.0243227678285004,0.0
2788,2021-06-28,23.36000061035156,22.780000686645508,23.38999938964844,22.479999542236328,62625737.0,0.0110628483822088,-0.0229158410092623,-0.0082971551265288,-0.0229158410092625,0.009501005886322,0.0
2789,2021-06-29,22.57999992370605,22.34000015258789,22.790000915527344,22.0,104974939.0,-0.0308178863336244,-0.0173844544979027,-0.0237059852541073,-0.0189648183470815,0.0607020499663482,0.0
2790,2021-06-30,22.36000061035156,22.6200008392334,22.93000030517578,22.350000381469727,40343546.0,-0.0086921895692066,0.0110628483822088,0.0055313865113597,0.0138285416378888,-0.0926406605555564,0.0
2791,2021-07-01,22.809999465942383,23.200000762939453,23.5,22.520000457763672,66483330.0,0.0177794889405806,0.0229158410092625,0.0225207312070955,0.0067167159178608,0.0374679663262025,0.0
2792,2021-07-02,22.71999931335449,21.809999465942383,22.739999771118164,21.76000022888184,107067756.0,-0.0035559128600141,-0.054919056749388,-0.0300276667292904,-0.0300276667292902,0.0581724740623817,0.0
2793,2021-07-05,21.690000534057617,22.059999465942383,22.14999961853028,21.09000015258789,85934129.0,-0.0406953299498428,0.0098775189757077,-0.0233109508114293,-0.0264717538692765,-0.0302922941056638,0.0
2794,2021-07-06,22.07999992370605,22.780000686645508,23.0,21.850000381469727,79195726.0,0.0154089054870674,0.0284473028801115,0.0335835795893041,0.0300276667292903,-0.0096586206181498,0.0
2795,2021-07-07,22.68000030517578,22.549999237060547,23.049999237060547,22.5,46894487.00000001,0.0237060606135967,-0.0090873747308629,0.0019754736513458,0.0256815342649424,-0.0462996073397783,0.0
2796,2021-07-08,22.780000686645508,21.51000022888184,22.780000686645508,21.200000762939453,145705947.0,0.0039510226621809,-0.0410904397520098,-0.0106676632205525,-0.0513630685298848,0.141633322445316,0.0
2797,2021-07-09,21.299999237060547,21.270000457763672,21.6299991607666,21.020000457763672,76236474.0,-0.058474969609402,-0.0094824091735409,-0.0454366475758472,-0.0071118257200278,-0.0995754163486217,0.0
2798,2021-07-12,21.5,21.15999984741211,21.5,20.88999938964844,87790102.0,0.007902045324362,-0.004346132464348,-0.0051362767091928,-0.0051363520686819,0.0165606167537371,0.0
2799,2021-07-13,21.14999961853028,21.1200008392334,21.34000015258789,20.540000915527344,65761395.0,-0.0138285416378886,-0.0015803638491788,-0.0063216061156938,-0.0138284662783996,-0.0315752743819835,0.0
2800,2021-07-14,21.0,20.76000022888184,21.0,20.40999984741211,84795055.0,-0.005926496313527,-0.0142236514400556,-0.0134334318357217,-0.0051363520686821,0.0272822656814757,0.0
2801,2021-07-15,20.71999931335449,21.6200008392334,21.71999931335449,20.6299991607666,95600305.0,-0.0110628483822089,0.0339786893914711,0.0284472275206222,0.0086921895692068,0.0154879146341148,0.0
2802,2021-07-16,21.40999984741211,21.34000015258789,21.81999969482422,21.299999237060547,57300261.0,0.0272619734736105,-0.0110628483822088,0.003951022662181,0.0264717538692763,-0.0548981108215767,0.0
2803,2021-07-19,21.36000061035156,21.209999084472656,21.43000030517578,20.780000686645508,52213594.99999999,-0.0019754736513459,-0.005136352068682,-0.0154089054870675,-0.0205451821962603,-0.0072910713570027,0.0
2804,2021-07-20,21.100000381469727,20.600000381469727,21.200000762939453,20.46999931335449,80403433.0,-0.0102726287778746,-0.0241010950562743,-0.0090872993713737,-0.01224817778871,0.040406450983876,0.0
2805,2021-07-21,20.57999992370605,20.450000762939453,20.799999237060547,20.200000762939453,75307652.0,-0.0205452575557498,-0.0059264963135268,-0.0158040906487239,-0.0106676632205524,-0.0073041365190203,0.0
2806,2021-07-22,20.450000762939453,20.3799991607666,20.65999984741211,20.239999771118164,86864809.0,-0.0051362767091925,-0.0027657686151691,-0.0055313865113597,0.0015803638491788,0.0165656751143252,0.0
2807,2021-07-23,20.3799991607666,20.100000381469727,20.3799991607666,20.0,72740433.0,-0.0027657686151691,-0.0110627730227195,-0.0110628483822089,-0.0094824091735408,-0.0202454482541486,0.0
2808,2021-07-26,19.959999084472656,18.799999237060547,19.989999771118164,18.43000030517578,145130394.0,-0.0165942348935685,-0.0513631438893741,-0.0154089054870675,-0.0620308071099265,0.103761554460554,0.0
2809,2021-07-27,18.8700008392334,17.760000228881836,18.989999771118164,17.600000381469727,135755148.0,-0.0430659134033558,-0.0410904397520099,-0.0395100759028311,-0.0327933599849703,-0.0134381906685941,0.0
2810,2021-07-28,17.850000381469727,17.75,18.06999969482422,17.68000030517578,106299421.0,-0.0403002955071652,-0.000395109802167,-0.0363492728449842,0.0031608030578469,-0.0422209375314584,0.0
2811,2021-07-29,17.90999984741211,17.959999084472656,18.239999771118164,17.780000686645508,87237811.99999999,0.0023705834535129,0.0082970797670397,0.0067167159178608,0.0039510226621809,-0.0273223269226417,0.0
2812,2021-07-30,17.920000076293945,17.690000534057617,18.049999237060547,17.239999771118164,95015588.0,0.000395109802167,-0.0106676632205525,-0.0075069355221949,-0.0213354771600836,0.011148426064299,0.0
2813,2021-08-02,17.639999389648438,18.010000228881836,18.13999938964844,17.18000030517578,115992263.0,-0.0110628483822089,0.0126432122313876,0.0035559128600141,-0.0023705834535128,0.0300673239126878,0.0
2814,2021-08-03,17.989999771118164,17.889999389648438,18.14999961853028,17.65999984741211,89694857.00000001,0.0138285416378888,-0.0047412422665149,0.000395109802167,0.0189648183470815,-0.0376938968766718,0.0
2815,2021-08-04,18.040000915527344,17.809999465942383,18.06999969482422,17.600000381469727,72962008.0,0.001975549010835,-0.0031608030578469,-0.003160803057847,-0.0023705834535129,-0.0239843536149125,0.0
2816,2021-08-05,17.700000762939453,17.68000030517578,18.049999237060547,17.579999923706055,62157388.0,-0.0134334318357217,-0.0051362767091928,-0.0007902196043341,-0.000790219604334,-0.0154870116113972,0.0
2817,2021-08-06,17.549999237060547,17.860000610351562,17.899999618530273,17.450000762939453,56745412.99999999,-0.005926571673016,0.0071118257200278,-0.0059264963135268,-0.0051362767091928,-0.0077573593208823,0.0
2818,2021-08-09,17.90999984741211,19.059999465942383,19.25,17.84000015258789,175279799.99999997,0.0142236514400557,0.0474120458677038,0.05333861754072,0.0154089054870676,0.1699035623482223,0.0
2819,2021-08-10,19.09000015258789,19.729999542236328,19.979999542236328,18.89999961853028,130198844.0,0.046621901622859,0.0264717538692764,0.0288423373227892,0.0418806593563441,-0.0646176625392551,0.0
2820,2021-08-11,19.989999771118164,19.809999465942383,20.57999992370605,19.700000762939453,104830844.0,0.0355590532406502,0.0031608030578469,0.0237060606135963,0.0316081059379583,-0.0363617147625668,0.0
2821,2021-08-12,19.790000915527344,19.88999938964844,20.299999237060547,19.6299991607666,66645800.0,-0.0079019699648726,0.003160803057847,-0.0110628483822087,-0.002765768615169,-0.0547332733413774,0.0
2822,2021-08-13,19.780000686645508,19.88999938964844,19.920000076293945,19.5,56288502.0,-0.000395109802167,0.0,-0.0150137956849004,-0.0051362767091928,-0.014845833947765,0.0
2823,2021-08-16,20.09000015258789,19.950000762939453,20.200000762939453,19.56999969482422,62705022.00000001,0.0122481024292206,0.002370658813002,0.0110628483822088,0.0027656932556798,0.0091972433778108,0.0
2824,2021-08-17,19.850000381469727,19.670000076293945,20.21999931335449,19.61000061035156,47602194.00000001,-0.0094824091735408,-0.0110628483822089,0.0007901442448445,0.0015804392086679,-0.0216479314035046,0.0
2825,2021-08-18,19.670000076293945,20.6200008392334,21.200000762939453,19.549999237060547,133273216.0,-0.0071118257200278,0.0375346022514853,0.0387199316579865,-0.0023706588130019,0.1227982208050135,0.0
2826,2021-08-19,20.479999542236328,20.34000015258789,20.6200008392334,20.020000457763672,64997561.0,0.0320031403806363,-0.0110628483822088,-0.0229158410092625,0.0185697839044037,-0.0978642341665648,0.0
2827,2021-08-20,19.96999931335449,19.420000076293945,20.06999969482422,18.700000762939453,161462793.0,-0.0201501477535828,-0.0363492728449842,-0.0217305869622506,-0.0521532881342189,0.1382703110410293,0.0
2828,2021-08-23,19.5,19.299999237060547,20.049999237060547,19.11000061035156,119184935.0,-0.0185697085449143,-0.0047412422665149,-0.0007902196043341,0.0161991250914015,-0.0605997876603714,0.0
2829,2021-08-24,19.350000381469727,19.36000061035156,19.96999931335449,19.209999084472656,86895330.0,-0.0059264963135268,0.0023706588130019,-0.003160803057847,0.0039509473026918,-0.0462829315202598,0.0
2830,2021-08-25,19.420000076293945,19.15999984741211,19.46999931335449,18.950000762939453,69808397.0,0.0027656932556798,-0.0079020453243617,-0.0197550379514155,-0.0102725534183855,-0.0244918867830767,0.0
2831,2021-08-26,19.200000762939453,18.459999084472656,19.26000022888184,18.40999984741211,95161900.0,-0.0086921895692066,-0.0276570832757775,-0.0082970797670394,-0.0213354771600837,0.0363409352064759,0.0
2832,2021-08-27,18.559999465942383,18.38999938964844,18.8799991607666,18.309999465942383,72882023.0,-0.0252864998222647,-0.0027656932556797,-0.01501387104439,-0.0039510226621809,-0.0319352937724326,0.0
2833,2021-08-30,18.209999084472656,17.719999313354492,18.290000915527344,17.549999237060547,125221101.0,-0.0138285416378887,-0.0264717538692765,-0.0233108754519403,-0.0300276667292903,0.0750212324649848,0.0
2834,2021-08-31,17.719999313354492,17.799999237060547,17.93000030517578,17.309999465942383,117486786.0,-0.0193599281492485,0.0031608030578469,-0.0142236514400557,-0.0094824091735408,-0.0110861303971082,0.0
2835,2021-09-01,17.479999542236328,17.8799991607666,17.920000076293945,17.010000228881836,231689409.0,-0.0094824091735407,0.0031608030578469,-0.0003951098021669,-0.0118529926270536,0.1636945444127621,0.0
2836,2021-09-02,18.0,18.39999961853028,18.780000686645508,17.799999237060547,242260354.0,0.0205452575557495,0.0205452575557497,0.0339786893914713,0.0312129207763022,0.0151520690184792,0.0
2837,2021-09-03,18.5,18.040000915527344,18.5,17.700000762939453,139481871.0,0.0197550379514156,-0.0142235760805666,-0.0110628483822088,-0.0039509473026917,-0.1473195317949905,0.0
2838,2021-09-06,17.93000030517578,18.450000762939453,18.600000381469727,17.780000686645508,151522556.0,-0.0225207312070955,0.0161991250914016,0.0039510226621809,0.0031608030578469,0.0172587493502016,0.0
2839,2021-09-07,18.600000381469727,19.239999771118164,19.559999465942383,18.350000381469727,162234416.0,0.0264717538692764,0.0312129207763022,0.037929636694163,0.0225207312070955,0.015354052266499,0.0
2840,2021-09-08,19.239999771118164,19.229999542236328,19.549999237060547,19.100000381469727,102620105.0,0.0252864244627754,-0.000395109802167,-0.0003951098021669,0.0296325569271234,-0.0854493287743987,0.0
2841,2021-09-09,19.11000061035156,19.0,19.14999961853028,18.799999237060547,73950585.0,-0.0051362767091929,-0.0090872993713737,-0.0158040152892344,-0.0118530679865429,-0.0410940124810668,0.0
2842,2021-09-10,18.88999938964844,20.56999969482422,20.770000457763672,18.84000015258789,231494528.0,-0.0086922649286956,0.0620308071099267,0.0640063561207615,0.0015804392086681,0.2258186659545917,0.0
2843,2021-09-13,20.36000061035156,20.209999084472656,20.51000022888184,19.809999465942383,129722802.0,0.0580798598072346,-0.0142236514400557,-0.0102726287778746,0.0383247464963301,-0.1458764771249646,0.0
2844,2021-09-14,20.18000030517578,19.3700008392334,20.270000457763672,19.270000457763672,115817315.0,-0.0071118257200277,-0.033188394427648,-0.0094824091735409,-0.0213354018005944,-0.0199316994610761,0.0
2845,2021-09-15,19.309999465942383,19.520000457763672,20.989999771118164,19.190000534057617,84161841.0,-0.0343737991936383,0.0059264963135268,0.0284472275206223,-0.0031608030578469,-0.0453739875536837,0.0
2846,2021-09-16,19.299999237060547,19.07999992370605,19.5,18.729999542236328,117695356.0,-0.0003951098021669,-0.0173844544979028,-0.0588700040520797,-0.0181746741022367,0.0480659140419526,0.0
2847,2021-09-17,18.89999961853028,18.530000686645508,19.0,18.40999984741211,112487963.0,-0.0158040152892345,-0.0217305116027612,-0.0197550379514156,-0.0126432122313877,-0.0074641177437159,0.0
2848,2021-09-22,17.8700008392334,17.979999542236328,18.049999237060547,17.420000076293945,147336521.0,-0.040695329949843,-0.0217305869622507,-0.0375346022514853,-0.0391149661006641,0.0499508564286804,0.0
2849,2021-09-23,18.100000381469727,17.68000030517578,18.31999969482422,17.649999618530273,137983759.0,0.0090872993713737,-0.0118529926270536,0.0106677385800418,0.0090872993713737,-0.013405962791161,0.0
2850,2021-09-24,17.600000381469727,17.350000381469727,17.68000030517578,17.34000015258789,126569628.0,-0.0197550379514156,-0.0130383220335547,-0.0252864244627754,-0.0122481024292206,-0.0163606660235166,0.0
2851,2021-09-27,17.209999084472656,17.56999969482422,17.68000030517578,17.059999465942383,114066759.0,-0.0154089808465568,0.0086921895692066,0.0,-0.0110628483822088,-0.0179212297497531,0.0
2852,2021-09-28,17.469999313354492,17.969999313354492,18.170000076293945,17.450000762939453,129316747.0,0.0102726287778748,0.0158040152892345,0.0193599281492485,0.0154089808465568,0.021858866043384,0.0
2853,2021-09-29,17.860000610351562,18.14999961853028,18.440000534057617,17.709999084472656,123012175.0,0.0154089808465568,0.0071118257200281,0.0106677385800417,0.0102725534183856,-0.0090367805409991,0.0
2854,2021-09-30,18.09000015258789,17.93000030517578,18.200000762939453,17.709999084472656,79561105.0,0.0090872993713737,-0.0086921895692069,-0.0094824091735407,0.0,-0.0622814338327153,0.0
2855,2021-10-08,18.170000076293945,18.63999938964844,18.88999938964844,18.020000457763672,115920062.0,0.0031608030578469,0.0280521177184555,0.0272618981141213,0.0122481777887099,0.0521158161265543,0.0
2856,2021-10-11,19.0,19.39999961853028,19.739999771118164,19.0,145533835.0,0.0327933599849702,0.0300276667292903,0.0335835795893041,0.038719856298497,0.0424474758305503,0.0
2857,2021-10-12,19.299999237060547,19.350000381469727,19.709999084472656,19.200000762939453,103123218.0,0.0118529926270537,-0.0019754736513459,-0.001185329406501,0.007902045324362,-0.0607900803476216,0.0
2858,2021-10-13,19.299999237060547,19.57999992370605,19.90999984741211,19.170000076293945,80789668.0,0.0,0.0090872993713735,0.007902045324362,-0.001185329406501,-0.0320122270078651,0.0
2859,2021-10-14,19.59000015258789,19.209999084472656,19.920000076293945,18.88999938964844,84298987.0,0.0114579581843757,-0.0146187612422226,0.000395109802167,-0.0110628483822087,0.0050301504450037,0.0
2860,2021-10-15,19.0,19.65999984741211,19.89999961853028,19.0,99349378.0,-0.0233109508114295,0.0177795643000697,-0.000790219604334,0.0043461324643477,0.021572769812642,0.0
2861,2021-10-18,19.450000762939453,19.290000915527344,19.549999237060547,19.100000381469727,72962250.0,0.0177795643000697,-0.0146186858827336,-0.0138285416378888,0.003951022662181,-0.0378225016453539,0.0
2862,2021-10-19,19.14999961853028,19.56999969482422,19.68000030517578,19.14999961853028,68241515.0,-0.0118530679865427,0.0110627730227196,0.005136352068682,0.0019754736513459,-0.0067665570616393,0.0
2863,2021-10-20,19.75,19.239999771118164,19.780000686645508,19.190000534057617,66295555.0,0.0237060606135963,-0.0130383220335547,0.0039510226621809,0.0015804392086679,-0.0027892795040745,0.0
2864,2021-10-21,19.520000457763672,20.0,20.059999465942383,19.25,162166101.0,-0.0090872993713737,0.0300276667292903,0.0110627730227196,0.0023705834535129,0.1374179063301615,0.0
2865,2021-10-22,20.15999984741211,20.040000915527344,20.59000015258789,19.799999237060547,113496363.0,0.0252864244627754,0.0015804392086681,0.0209403673579166,0.0217305116027614,-0.0697617128163378,0.0
2866,2021-10-25,19.709999084472656,20.1200008392334,20.200000762939453,19.5,73082823.0,-0.0177795643000697,0.0031608030578469,-0.0154089054870675,-0.0118529926270536,-0.0579275313002831,0.0
2867,2021-10-26,20.200000762939453,20.049999237060547,20.309999465942383,19.940000534057617,65280684.0,0.0193600035087379,-0.0027657686151691,0.0043460571048586,0.0173844544979027,-0.0111833472428215,0.0
2868,2021-10-27,19.89999961853028,19.920000076293945,20.170000076293945,19.65999984741211,68760019.0,-0.0118530679865428,-0.0051362767091927,-0.0055313865113597,-0.0110628483822088,0.0049871722971229,0.0
2869,2021-10-28,19.799999237060547,19.71999931335449,19.940000534057617,19.3700008392334,61901089.0,-0.003951022662181,-0.0079020453243621,-0.0090872993713737,-0.0114578828248866,-0.0098313803309844,0.0
2870,2021-10-29,19.6299991607666,19.5,19.739999771118164,19.31999969482422,53992976.0,-0.0067167159178608,-0.0086921895692065,-0.007902045324362,-0.001975549010835,-0.0113352471308793,0.0
2871,2021-11-01,19.32999992370605,19.38999938964844,19.729999542236328,19.01000022888184,84149020.0,-0.0118529926270538,-0.0043461324643478,-0.0003951098021669,-0.0122481024292205,0.043224750484682,0.0
2872,2021-11-02,19.3700008392334,18.18000030517578,19.489999771118164,17.989999771118164,199769050.0,0.0015804392086682,-0.047807155669871,-0.0094824091735408,-0.0403002955071652,0.1657262122240388,0.0
2873,2021-11-03,18.100000381469727,18.030000686645508,18.239999771118164,17.850000381469727,111497204.0,-0.0501778144828729,-0.0059264963135268,-0.0493875948785389,-0.0055313865113598,-0.1265261623232901,0.0
2874,2021-11-04,18.07999992370605,17.8700008392334,18.100000381469727,17.799999237060547,98341098.0,-0.0007902196043342,-0.0063216061156937,-0.0055313865113597,-0.001975549010835,-0.0188575596719526,0.0
2875,2021-11-05,17.850000381469727,17.639999389648438,18.0,17.56999969482422,109603988.0,-0.0090872993713736,-0.009087374730863,-0.003951022662181,-0.0090872993713737,0.0161438818031443,0.0
2876,2021-11-08,17.6200008392334,17.420000076293945,17.809999465942383,17.360000610351562,137681482.0,-0.0090872993713737,-0.0086921895692066,-0.0075069355221948,-0.0082970797670396,0.0402454205327846,0.0
2877,2021-11-09,17.479999542236328,17.530000686645508,17.649999618530273,17.260000228881836,124057275.0,-0.0055314618708489,0.004346132464348,-0.0063216061156938,-0.003951022662181,-0.0195285213182027,0.0
2878,2021-11-10,17.459999084472656,17.399999618530273,17.469999313354492,17.15999984741211,122085088.0,-0.0007902196043341,-0.005136352068682,-0.0071118257200278,-0.0039510226621809,-0.0028268724831457,0.0
2879,2021-11-11,17.350000381469727,18.350000381469727,18.43000030517578,17.31999969482422,208472900.0,-0.0043460571048586,0.0375346022514853,0.0379297120536523,0.0063216061156938,0.1238256456522486,0.0
2880,2021-11-12,18.309999465942383,18.270000457763672,18.6299991607666,18.11000061035156,95754646.0,0.037929636694163,-0.0031608030578469,0.0079019699648726,0.0312129961357913,-0.1615668953201889,0.0
2881,2021-11-15,18.350000381469727,18.43000030517578,18.6299991607666,18.200000762939453,65508999.0,0.0015804392086681,0.0063216061156938,0.0,0.0035559128600141,-0.0433531846824063,0.0
2882,2021-11-16,18.36000061035156,18.21999931335449,18.540000915527344,18.170000076293945,60111048.0,0.0003951098021668,-0.0082971551265291,-0.0035558375005246,-0.001185329406501,-0.0077372577485143,0.0
2883,2021-11-17,18.14999961853028,18.11000061035156,18.299999237060547,17.979999542236328,66464038.00000001,-0.0082971551265286,-0.0043460571048586,-0.00948248453303,-0.0075069355221949,0.0091061814202711,0.0
2884,2021-11-18,18.09000015258789,17.799999237060547,18.1200008392334,17.729999542236328,79984377.0,-0.002370583453513,-0.0122481777887097,-0.0071117503605386,-0.0098775189757077,0.0193796401060867,0.0
2885,2021-11-19,17.799999237060547,18.14999961853028,18.239999771118164,17.700000762939453,78637156.0,-0.0114579581843758,0.0138285416378889,0.0047411669070257,-0.0011852540470118,-0.0019310653470569,0.0
2886,2021-11-22,18.030000686645508,18.1200008392334,18.25,17.899999618530273,73861780.0,0.0090873747308629,-0.0011852540470119,0.000395109802167,0.0079019699648726,-0.0068448777986442,0.0
2887,2021-11-23,18.11000061035156,17.8799991607666,18.350000381469727,17.68000030517578,123597796.0,0.0031608030578468,-0.00948248453303,0.0039510226621809,-0.0086921895692066,0.0712900830660067,0.0
2888,2021-11-24,17.770000457763672,17.8700008392334,17.950000762939453,17.65999984741211,74131084.0,-0.0134334318357215,-0.0003950344426777,-0.0158040152892345,-0.000790219604334,-0.0709040709549842,0.0
2889,2021-11-25,17.739999771118164,17.68000030517578,17.790000915527344,17.6299991607666,60353270.0,-0.001185329406501,-0.0075069355221949,-0.0063216061156938,-0.001185329406501,-0.0197486968905589,0.0
2890,2021-11-26,17.6200008392334,17.579999923706055,17.670000076293945,17.520000457763672,69449988.0,-0.0047411669070258,-0.0039510226621809,-0.004741242266515,-0.0043460571048588,0.0130389571582902,0.0
2891,2021-11-29,17.40999984741211,17.510000228881836,17.56999969482422,17.360000610351562,51259471.0,-0.0082971551265289,-0.0027656932556798,-0.0039510226621809,-0.0063216061156937,-0.0260737303113222,0.0
2892,2021-11-30,17.540000915527344,17.440000534057617,17.68000030517578,17.350000381469727,73361606.0,0.0051363520686821,-0.0027656932556799,0.004346132464348,-0.000395109802167,0.0316805238297754,0.0
2893,2021-12-01,17.43000030517578,17.639999389648438,17.770000457763672,17.3700008392334,70692519.0,-0.004346132464348,0.0079019699648726,0.0035559128600139,0.000790219604334,-0.0038257876131533,0.0
2894,2021-12-02,17.6200008392334,17.59000015258789,17.809999465942383,17.3700008392334,99479835.0,0.0075069355221948,-0.0019754736513458,0.0015803638491788,0.0,0.041262857662089,0.0
2895,2021-12-03,17.639999389648438,17.649999618530273,17.700000762939453,17.40999984741211,70759974.0,0.0007901442448448,0.0023705834535129,-0.0043460571048588,0.0015803638491788,-0.0411661697296817,0.0
2896,2021-12-06,17.850000381469727,18.100000381469727,18.559999465942383,17.799999237060547,214562528.0,0.0082971551265289,0.0177795643000697,0.0339786140319821,0.0154089054870676,0.2061221795441741,0.0
2897,2021-12-07,18.299999237060547,18.459999084472656,18.670000076293945,18.14999961853028,161644387.0,0.0177794889405805,0.0142235760805664,0.004346132464348,0.0138285416378889,-0.0758512436458251,0.0
2898,2021-12-08,18.450000762939453,18.46999931335449,18.549999237060547,18.15999984741211,98028118.0,0.005926571673016,0.0003951098021669,-0.0047412422665149,0.0003951098021668,-0.091185612883819,0.0
2899,2021-12-09,18.489999771118164,18.700000762939453,19.059999465942383,18.3700008392334,145588668.0,0.0015803638491788,0.009087374730863,0.0201501477535825,0.0082971551265289,0.0681718366860137,0.0
2900,2021-12-10,18.51000022888184,18.3799991607666,18.700000762939453,18.270000457763672,98925513.0,0.0007902196043342,-0.0126432875908769,-0.0142235760805665,-0.0039510226621809,-0.0668855381595491,0.0
2901,2021-12-13,18.46999931335449,18.270000457763672,18.8799991607666,18.18000030517578,131449027.0,-0.0015804392086683,-0.0043460571048586,0.0071117503605386,-0.0035559128600139,0.0466182095216157,0.0
2902,2021-12-14,18.15999984741211,17.579999923706055,18.170000076293945,17.520000457763672,193720890.0,-0.0122481024292205,-0.0272619734736104,-0.0280521177184552,-0.0260766440671094,0.0892585824716034,0.0
2903,2021-12-15,17.510000228881836,17.549999237060547,17.65999984741211,17.399999618530273,129462741.0,-0.0256815342649423,-0.001185329406501,-0.0201501477535825,-0.0047412422665149,-0.0921056640298216,0.0
2904,2021-12-16,17.549999237060547,17.719999313354492,17.729999542236328,17.459999084472656,81947951.0,0.0015803638491788,0.0067167159178608,0.0027656932556798,0.0023705834535128,-0.0681062457025883,0.0
2905,2021-12-17,17.700000762939453,17.56999969482422,17.75,17.56999969482422,60236967.00000001,0.005926571673016,-0.0059264963135268,0.000790219604334,0.004346132464348,-0.0311198599583195,0.0
2906,2021-12-20,17.559999465942383,17.520000457763672,17.649999618530273,17.450000762939453,74643520.0,-0.005531461870849,-0.0019754736513458,-0.0039510226621809,-0.0047411669070257,0.0206499121293677,0.0
2907,2021-12-21,17.489999771118164,17.59000015258789,17.709999084472656,17.479999542236328,89373404.0,-0.0027656932556798,0.0027656932556798,0.0023705834535129,0.0011852540470118,0.0211133648885878,0.0
2908,2021-12-22,17.6200008392334,17.389999389648438,17.639999389648438,17.299999237060547,97692775.0,0.005136352068682,-0.0079020453243618,-0.0027656932556799,-0.0071118257200278,0.0119247317607209,0.0
2909,2021-12-23,17.299999237060547,17.31999969482422,17.360000610351562,17.209999084472656,105957594.0,-0.0126432875908768,-0.0027656932556798,-0.0110627730227195,-0.0035559128600139,0.011846538593592,0.0
2910,2021-12-24,17.329999923706055,17.309999465942383,17.350000381469727,17.209999084472656,48825149.0,0.001185329406501,-0.000395109802167,-0.000395109802167,0.0,-0.0818918980123791,0.0
2911,2021-12-27,17.329999923706055,17.219999313354492,17.350000381469727,17.15999984741211,73111899.0,0.0,-0.0035559128600138,0.0,-0.0019754736513458,0.0348118841063453,0.0
2912,2021-12-28,17.219999313354492,17.170000076293945,17.329999923706055,17.09000015258789,112663891.0,-0.004346132464348,-0.0019754736513458,-0.000790219604334,-0.0027656932556798,0.0566926147664507,0.0
2913,2021-12-29,17.15999984741211,16.75,17.15999984741211,16.700000762939453,146937398.0,-0.0023705834535129,-0.0165942348935687,-0.0067167159178609,-0.0154089054870676,0.049126595925845,0.0
2914,2021-12-30,16.760000228881836,16.81999969482422,16.950000762939453,16.719999313354492,79666360.0,-0.0158040152892345,0.0027656932556798,-0.0082970797670396,0.0007901442448448,-0.09642424690704,0.0
2915,2021-12-31,16.860000610351562,16.479999542236328,16.899999618530273,16.399999618530273,175076089.0,0.0039510226621809,-0.0134334318357216,-0.0019755490108351,-0.0126432122313876,0.1367573853465704,0.0
2916,2022-01-04,16.479999542236328,16.65999984741211,16.65999984741211,16.18000030517578,116925933.0,-0.0150138710443897,0.0071118257200278,-0.0094824091735407,-0.0086921895692066,-0.0833506538107364,0.0
2917,2022-01-05,16.579999923706055,17.149999618530273,17.219999313354492,16.549999237060547,196199817.0,0.0039510226621809,0.0193599281492485,0.0221256214049284,0.0146186858827335,0.1136287589927786,0.0
2918,2022-01-06,17.110000610351562,17.1200008392334,17.270000457763672,17.0,110788519.0,0.0209403673579166,-0.0011852540470118,0.001975549010835,0.0177795643000696,-0.1224259403727764,0.0
2919,2022-01-07,17.100000381469727,17.200000762939453,17.280000686645508,17.059999465942383,112663070.0,-0.0003951098021669,0.0031608030578469,0.000395109802167,0.0023705834535129,0.0026869240290872,0.0
2920,2022-01-10,17.290000915527344,17.190000534057617,17.420000076293945,17.030000686645508,90977401.0,0.0075069355221948,-0.000395109802167,0.0055313865113597,-0.0011852540470118,-0.0310835742121348,0.0
2921,2022-01-11,17.260000228881836,17.40999984741211,17.540000915527344,17.139999389648438,158199940.0,-0.001185329406501,0.0086921895692066,0.004741242266515,0.0043460571048588,0.0963547299248471,0.0
2922,2022-01-12,17.40999984741211,17.0,17.450000762939453,16.899999618530273,150216355.0,0.0059264963135268,-0.0161991250914016,-0.0035559128600139,-0.0094824091735408,-0.0114434263857106,0.0
2923,2022-01-13,16.90999984741211,16.979999542236328,17.239999771118164,16.81999969482422,90942265.0,-0.0197550379514155,-0.000790219604334,-0.0082971551265289,-0.0031608030578469,-0.0849616664061302,0.0
2924,2022-01-14,17.0,16.329999923706055,17.020000457763672,16.299999237060547,210309491.0,0.0035559128600138,-0.0256815342649423,-0.0086921895692066,-0.0205452575557495,0.17109732828015,0.0
2925,2022-01-17,16.350000381469727,16.219999313354492,16.479999542236328,16.1200008392334,114368943.0,-0.0256815342649423,-0.004346132464348,-0.0213354771600836,-0.0071117503605386,-0.1375182450544129,0.0
2926,2022-01-18,16.25,16.520000457763672,16.540000915527344,16.15999984741211,115297431.0,-0.0039510226621809,0.0118530679865428,0.0023706588130021,0.0015803638491788,0.0013308662810022,0.0
2927,2022-01-19,16.540000915527344,16.5,16.690000534057617,16.360000610351562,98839185.0,0.0114579581843758,-0.000790219604334,0.0059264963135268,0.007902045324362,-0.0235907460794763,0.0
2928,2022-01-20,16.469999313354492,17.329999923706055,17.459999084472656,16.420000076293945,303119377.0,-0.0027657686151691,0.0327933599849703,0.0304227011719681,0.0023705834535128,0.2928089748165555,0.0
2929,2022-01-21,17.450000762939453,17.350000381469727,17.559999465942383,17.209999084472656,148168295.0,0.0387199316579863,0.000790219604334,0.0039510226621809,0.0312129207763022,-0.222102138356792,0.0
2930,2022-01-24,17.34000015258789,17.200000762939453,17.3799991607666,16.979999542236328,87477087.0,-0.004346132464348,-0.0059264963135268,-0.0071118257200278,-0.0090872993713737,-0.0869929199736523,0.0
2931,2022-01-25,17.079999923706055,16.850000381469727,17.079999923706055,16.809999465942383,109328397.0,-0.0102726287778748,-0.0138285416378888,-0.0118529926270536,-0.0067167159178608,0.0313209989517669,0.0
2932,2022-01-26,16.950000762939453,16.649999618530273,17.100000381469727,16.540000915527344,98497522.0,-0.0051362767091927,-0.0079020453243618,0.0007902196043341,-0.0106676632205525,-0.0155246447248114,0.0
2933,2022-01-27,16.5,16.299999237060547,16.540000915527344,16.25,102464311.0,-0.0177795643000697,-0.0138285416378887,-0.0221256214049284,-0.0114579581843758,0.0056858739412364,0.0
2934,2022-01-28,16.389999389648438,15.829999923706056,16.450000762939453,15.81999969482422,167556367.0,-0.004346132464348,-0.0185697085449144,-0.0035559128600139,-0.0169893446957356,0.0933009608002611,0.0
2935,2022-02-07,16.020000457763672,16.389999389648438,16.40999984741211,15.890000343322752,151547630.0,-0.0146186858827335,0.0221256214049283,-0.0015804392086681,0.0027657309354244,-0.0229464336369815,0.0
2936,2022-02-08,16.299999237060547,16.829999923706055,16.969999313354492,16.260000228881836,175469528.00000003,0.0110627730227196,0.0173844544979027,0.0221256214049284,0.0146187235624781,0.0342889164165569,0.0
2937,2022-02-09,16.920000076293945,16.860000610351562,17.0,16.709999084472656,105116166.0,0.0244962802179306,0.001185329406501,0.001185329406501,0.0177794889405805,-0.1008423557880639,0.0
2938,2022-02-10,16.770000457763672,16.989999771118164,17.030000686645508,16.670000076293945,78455735.0,-0.0059264963135268,0.0051362767091928,0.001185329406501,-0.0015803638491789,-0.0382142458005791,0.0
2939,2022-02-11,17.030000686645508,17.100000381469727,17.34000015258789,17.030000686645508,107813914.0,0.0102726287778747,0.004346132464348,0.0122481024292206,0.0142236514400557,0.0420811152139064,0.0
2940,2022-02-14,17.100000381469727,16.579999923706055,17.149999618530273,16.510000228881836,115065851.0,0.0027656932556799,-0.0205452575557496,-0.0075069355221948,-0.0205452575557495,0.0103947045360337,0.0
2941,2022-02-15,16.5,16.280000686645508,16.670000076293945,16.100000381469727,120826437.0,-0.0237060606135965,-0.0118529926270536,-0.0189648183470816,-0.0161991250914016,0.0082570476583583,0.0
2942,2022-02-16,16.350000381469727,16.40999984741211,16.530000686645508,16.209999084472656,78239959.0,-0.0059264963135268,0.0051362767091927,-0.0055313865113597,0.0043460571048586,-0.0610421541224505,0.0
2943,2022-02-17,16.389999389648438,16.420000076293945,16.549999237060547,16.31999969482422,79450184.0,0.0015803638491788,0.000395109802167,0.0007901442448448,0.004346132464348,0.0017346994736884,0.0
2944,2022-02-18,16.31999969482422,16.770000457763672,16.770000457763672,16.309999465942383,80249940.0,-0.0027656932556798,0.0138285416378888,0.008692264928696,-0.000395109802167,0.0011463457722978,0.0
2945,2022-02-21,16.65999984741211,16.510000228881836,16.670000076293945,16.31999969482422,80099455.0,0.0134334318357217,-0.0102726287778748,-0.003951022662181,0.000395109802167,-0.0002157005931111,0.0
2946,2022-02-22,16.309999465942383,16.229999542236328,16.440000534057617,16.15999984741211,89495673.0,-0.0138285416378888,-0.0110628483822089,-0.0090872993713737,-0.0063216061156938,0.0134682512915048,0.0
2947,2022-02-23,16.299999237060547,16.190000534057617,16.309999465942383,16.040000915527344,88674243.99999999,-0.0003951098021669,-0.0015803638491788,-0.005136352068682,-0.0047411669070257,-0.0011774111871531,0.0
2948,2022-02-24,16.1299991607666,15.90999984741211,16.149999618530273,15.800000190734863,132408685.0,-0.0067167159178609,-0.0110628483822088,-0.0063216061156937,-0.0094824468532853,0.0626876091509897,0.0
2949,2022-02-25,15.989999771118164,15.899999618530272,16.079999923706055,15.869999885559082,72639707.0,-0.0055313865113597,-0.000395109802167,-0.0027656932556799,0.0027656932556798,-0.0856710237183116,0.0
2950,2022-02-28,15.899999618530272,15.75,15.920000076293944,15.619999885559082,72399045.0,-0.0035559128600139,-0.0059264963135268,-0.0063216061156938,-0.0098775189757077,-0.0003449575448671,0.0
2951,2022-03-01,15.789999961853027,15.920000076293944,15.949999809265137,15.619999885559082,93504034.0,-0.0043460947846033,0.0067167159178608,0.0011852917267565,0.0,0.030251245272986,0.0
2952,2022-03-02,15.789999961853027,15.680000305175778,15.869999885559082,15.65999984741211,76076086.0,0.0,-0.0094824091735408,-0.0031608030578469,0.0015804015289234,-0.0249806872466432,0.0
2953,2022-03-03,15.729999542236328,15.71000003814697,15.8100004196167,15.630000114440916,57828505.0,-0.0023706211332574,0.0011852917267565,-0.0023705834535128,-0.0011852917267565,-0.0261555241023664,0.0
2954,2022-03-04,15.619999885559082,15.329999923706056,15.630000114440916,15.279999732971191,99093566.0,-0.0043460947846033,-0.0150138333646451,-0.0071118257200279,-0.0138285416378887,0.0591480754392115,0.0
2955,2022-03-07,15.170000076293944,14.720000267028809,15.170000076293944,14.65999984741211,111315899.0,-0.0177795266203252,-0.0241011327360189,-0.0181746364224921,-0.0244962425381859,0.0175191180337081,0.0
2956,2022-03-08,14.619999885559082,14.3100004196167,14.859999656677244,14.25,100303269.0,-0.0217305492825059,-0.0161991250914016,-0.0122481401089652,-0.0161991250914016,-0.0157851667788428,0.0
2957,2022-03-09,14.399999618530272,13.84000015258789,14.449999809265137,13.22000026702881,180076017.0,-0.0086922272489514,-0.0185697462246591,-0.0161991250914016,-0.0406953676295875,0.1143438153816667,0.0
2958,2022-03-10,14.18000030517578,14.56999969482422,14.75,14.09000015258789,224915816.0,-0.0086921895692066,0.0288423373227894,0.0118530303067982,0.0343737615138937,0.0642719954765384,0.0
2959,2022-03-11,14.399999618530272,14.899999618530272,14.979999542236328,14.149999618530272,149364697.0,0.0086921895692066,0.0130383220335545,0.0090872993713737,0.0023705834535128,-0.1082926615843086,0.0
2960,2022-03-14,14.63000011444092,14.489999771118162,14.93000030517578,14.449999809265137,111840734.0,0.0090873370511185,-0.0161991250914016,-0.0019754736513458,0.0118530303067982,-0.053785700069659,0.0
2961,2022-03-15,14.399999618530272,13.680000305175778,14.399999618530272,13.600000381469728,178140887.0,-0.0090873370511185,-0.0320031403806363,-0.0209403673579167,-0.0335835419095595,0.0950326100638811,0.0
2962,2022-03-16,13.859999656677244,14.3100004196167,14.399999618530272,13.510000228881836,153177906.0,-0.021335439480339,0.0248913523403531,0.0,-0.0035559128600139,-0.0357811729243682,0.0
2963,2022-03-17,14.65999984741211,14.449999809265137,14.71000003814697,14.239999771118164,173006142.0,0.0316080682582139,0.0055313865113597,0.0122481401089653,0.0288423373227892,0.0284211866003176,0.0
2964,2022-03-18,14.359999656677246,14.699999809265137,14.850000381469728,14.140000343322754,152880713.0,-0.0118530303067982,0.0098775189757078,0.0055314241911045,-0.0039509849824362,-0.0288471739503425,0.0
2965,2022-03-21,14.5,14.590000152587892,14.81999969482422,14.390000343322754,120886805.0,0.0055314241911044,-0.0043460947846033,-0.001185329406501,0.0098775189757077,-0.0458590884908469,0.0
2966,2022-03-22,14.590000152587892,15.18000030517578,15.22000026702881,14.5,162865658.0,0.0035559128600139,0.0233109508114294,0.0158040529689792,0.0043460947846033,0.0601712030450063,0.0
2967,2022-03-23,15.109999656677248,15.000000000000002,15.189999580383304,14.899999618530272,105010238.0,0.0205452198760049,-0.0071118257200277,-0.001185329406501,0.0158040152892345,-0.0829281882493102,0.0
2968,2022-03-24,14.920000076293944,15.199999809265137,15.3100004196167,14.8100004196167,100235995.0,-0.0075068978424504,0.0079020076446172,0.0047412422665149,-0.0035558751802692,-0.0068432537911219,0.0
2969,2022-03-25,15.149999618530272,14.979999542236328,15.25,14.81999969482422,74293335.0,0.0090872993713737,-0.0086922272489513,-0.0023706211332574,0.0003950721224224,-0.0371854148179695,0.0
2970,2022-03-28,14.800000190734863,14.850000381469728,15.050000190734863,14.63000011444092,72713699.0,-0.013828503958144,-0.0051362767091927,-0.0079020076446173,-0.0075068978424502,-0.0022642018945396,0.0
2971,2022-03-29,14.880000114440918,14.680000305175778,14.949999809265137,14.600000381469728,61564315.0,0.0031608030578469,-0.006716715917861,-0.0039510226621809,-0.0011852917267564,-0.0159811857768182,0.0
2972,2022-03-30,14.859999656677244,15.210000038146973,15.270000457763672,14.760000228881836,123679155.0,-0.0007902196043341,0.0209403296781721,0.0126432499111323,0.0063216061156937,0.0890335105094006,0.0
2973,2022-03-31,15.100000381469728,15.380000114440918,15.56999969482422,15.0600004196167,116374674.0,0.0094824468532854,0.0067167159178608,0.0118529926270537,0.0118530303067982,-0.0104700194974215,0.0
2974,2022-04-01,15.369999885559084,15.75,15.789999961853027,15.199999809265137,148487874.0,0.0106677009002972,0.0146187235624781,0.0086922272489512,0.0055313865113597,0.046030077992481,0.0
2975,2022-04-06,15.640000343322754,16.389999389648438,16.540000915527344,15.630000114440916,248854005.0,0.0106677385800417,0.0252864244627754,0.029632594606868,0.0169893446957356,0.1438617402729586,0.0
2976,2022-04-07,16.3799991607666,16.280000686645508,16.65999984741211,16.200000762939453,165906455.0,0.0292374094452116,-0.0043460571048586,0.0047411669070257,0.0225207688868401,-0.1188944793974199,0.0
2977,2022-04-08,16.260000228881836,16.399999618530273,16.450000762939453,16.1299991607666,106677946.0,-0.0047411669070257,0.0047411669070257,-0.0082970797670397,-0.0027657686151691,-0.0848963319958262,0.0
2978,2022-04-11,16.350000381469727,16.049999237060547,16.399999618530273,15.800000190734863,141673536.0,0.0035559128600139,-0.0138285416378888,-0.001975549010835,-0.01303828435381,0.0501616075972774,0.0
2979,2022-04-12,16.049999237060547,15.920000076293944,16.260000228881836,15.65999984741211,103926142.0,-0.0118530679865429,-0.0051362767091928,-0.0055313865113598,-0.0055314241911044,-0.0541059592265147,0.0
2980,2022-04-13,15.890000343322752,15.800000190734863,16.079999923706055,15.720000267028809,89062806.0,-0.0063215684359492,-0.0047412045867702,-0.0071118257200278,0.0023706211332574,-0.0213046509008274,0.0
2981,2022-04-14,16.0,16.040000915527344,16.25,15.920000076293944,92961494.0,0.0043460947846034,0.0094824468532853,0.0067167159178609,0.0079020076446172,0.0055882600522012,0.0
2982,2022-04-15,15.899999618530272,16.420000076293945,16.530000686645508,15.859999656677244,123176103.0,-0.003951022662181,0.0150137956849005,0.0110628483822088,-0.0023706211332574,0.0433086957631852,0.0
2983,2022-04-18,16.149999618530273,15.899999618530272,16.200000762939453,15.8100004196167,108688756.0,0.0098775189757078,-0.0205452575557496,-0.0130383220335547,-0.0019754736513457,-0.0207657197761087,0.0
2984,2022-04-19,15.899999618530272,15.8100004196167,15.970000267028809,15.619999885559082,82177249.0,-0.0098775189757078,-0.0035558751802692,-0.0090873370511184,-0.0075069355221949,-0.0380007826970905,0.0
2985,2022-04-20,15.8100004196167,15.850000381469728,16.049999237060547,15.699999809265138,71655528.0,-0.0035558751802692,0.0015804015289234,0.0031607653781022,0.0031608030578469,-0.0150815128434763,0.0
2986,2022-04-21,15.770000457763674,15.8100004196167,15.979999542236328,15.699999809265138,70989116.0,-0.0015804015289234,-0.0015804015289234,-0.0027656932556798,0.0,-0.0009552145639526,0.0
2987,2022-04-22,15.640000343322754,16.059999465942383,16.190000534057617,15.399999618530272,90573108.0,-0.0051363143889374,0.0098774812959631,0.0082971551265289,-0.0118530303067984,0.0280710947262846,0.0
2988,2022-04-25,15.670000076293944,14.850000381469728,15.90999984741211,14.779999732971191,166448098.0,0.0011852917267564,-0.0478071556698708,-0.0110628483822088,-0.0244962425381858,0.1087568883630009,0.0
2989,2022-04-26,14.880000114440918,14.729999542236328,14.979999542236328,14.449999809265137,98820956.0,-0.0312129584560467,-0.004741242266515,-0.0367443826471513,-0.0130383220335548,-0.0969346754813781,0.0
2990,2022-04-27,14.979999542236328,15.64999961853027,15.64999961853027,14.960000038146974,149029503.0,0.0039509849824362,0.0363492728449841,0.0264717538692763,0.0201501477535827,0.0719673945386679,0.0
2991,2022-04-28,15.56999969482422,15.64999961853027,15.93000030517578,15.369999885559084,91177187.0,0.0233109508114296,0.0,0.0110628483822089,0.0161991250914016,-0.0829237390707142,0.0
2992,2022-04-29,15.6899995803833,15.319999694824222,15.739999771118166,14.970000267028809,164501308.0,0.0047412045867702,-0.0130383220335544,-0.0075069355221948,-0.0158040152892346,0.1051005508127536,0.0
2993,2022-05-05,15.199999809265137,15.319999694824222,15.449999809265137,15.149999618530272,79019620.0,-0.0193599281492485,0.0,-0.0114579205046313,0.0071117880402832,-0.1225268352443522,0.0
2994,2022-05-06,15.020000457763672,14.960000038146974,15.199999809265137,14.90999984741211,83243182.0,-0.0071117880402832,-0.0142236137603112,-0.0098775189757077,-0.0094824091735407,0.0060539245003948,0.0
